,conceptType,conceptUri,skillType,reuseLevel,preferredLabel,altLabels,hiddenLabels,status,modifiedDate,scopeNote,definition,inScheme,description
7,KnowledgeSkillCompetence,http://data.europa.eu/esco/skill/000f1d3d-220f-4789-9c0a-cc742521fb02,knowledge,sector-specific,Haskell,Haskell techniques,,released,2023-11-30T16:13:21.77Z,,,"http://data.europa.eu/esco/concept-scheme/skills,
http://data.europa.eu/esco/concept-scheme/member-skills,
http://data.europa.eu/esco/concept-scheme/6c930acd-c104-4ece-acf7-f44fd7333036","The techniques and principles of software development, such as analysis, algorithms, coding, testing and compiling of programming paradigms in Haskell."
30,KnowledgeSkillCompetence,http://data.europa.eu/esco/skill/00c04e40-35ea-4ed1-824c-82f936c8f876,knowledge,sector-specific,incremental development,gradual development,,released,2023-11-30T16:04:23.487Z,,,"http://data.europa.eu/esco/concept-scheme/skills,
http://data.europa.eu/esco/concept-scheme/member-skills,
http://data.europa.eu/esco/concept-scheme/6c930acd-c104-4ece-acf7-f44fd7333036",The incremental development model is a methodology to design software systems and applications.
52,KnowledgeSkillCompetence,http://data.europa.eu/esco/skill/013441c1-1f13-47e9-80c4-9a53e8e1bc05,knowledge,sector-specific,KDevelop,"kdevplatform
KDevelop platform","KDevelop 4.7.0
KDevelop 4.6.0
KDevelop 5.0.0
KDevelop 4.0.0",released,2023-06-08T15:25:12.058Z,,,"http://data.europa.eu/esco/concept-scheme/skills,
http://data.europa.eu/esco/concept-scheme/member-skills,
http://data.europa.eu/esco/concept-scheme/6c930acd-c104-4ece-acf7-f44fd7333036","The computer program KDevelop is a suite of software development tools for writing programs, such as compiler, debugger, code editor, code highlights, packaged in a unified user interface. It is developed by the software community KDE."
72,KnowledgeSkillCompetence,http://data.europa.eu/esco/skill/0189f448-179e-47cc-9716-c5c3ac4b1aec,knowledge,sector-specific,Absorb (learning management systems),Absorb,,released,2022-07-05T14:34:21.232Z,,,"http://data.europa.eu/esco/concept-scheme/skills,
http://data.europa.eu/esco/concept-scheme/member-skills,
http://data.europa.eu/esco/concept-scheme/6c930acd-c104-4ece-acf7-f44fd7333036","The learning system Absorb is an e-learning platform for creating, administrating and delivering e-learning education courses or training programs for secondary school students."
78,KnowledgeSkillCompetence,http://data.europa.eu/esco/skill/01d269d9-b058-4d6c-82a0-3779af9a124b,skill/competence,cross-sector,develop blockchain innovative architectures,build innovative blockchain architectures,,released,2023-11-29T16:35:26.138Z,,,"http://data.europa.eu/esco/concept-scheme/skills,
http://data.europa.eu/esco/concept-scheme/member-skills,
http://data.europa.eu/esco/concept-scheme/6c930acd-c104-4ece-acf7-f44fd7333036",Develop new blockchain architectures that address properties and priorities as they are needed by specific applications. Argue the advantages and shortcomings of such new architectures with respect to existing ones.
91,KnowledgeSkillCompetence,http://data.europa.eu/esco/skill/02058de6-4b98-449f-8a45-8588b0eb2446,knowledge,sector-specific,network engineering,network architecture,,released,2023-11-29T16:25:25.314Z,,,"http://data.europa.eu/esco/concept-scheme/skills,
http://data.europa.eu/esco/concept-scheme/member-skills,
http://data.europa.eu/esco/concept-scheme/6c930acd-c104-4ece-acf7-f44fd7333036","The subfield of computer technology that concerns the managing the connectivity of networks through data, voice, calls and wireless network services."
93,KnowledgeSkillCompetence,http://data.europa.eu/esco/skill/020918ef-4b55-47c1-8430-ab7b8f6a7377,skill/competence,sector-specific,migrate existing data,drift existing data,,released,2023-11-30T15:35:55.716Z,,,"http://data.europa.eu/esco/concept-scheme/skills,
http://data.europa.eu/esco/concept-scheme/member-skills,
http://data.europa.eu/esco/concept-scheme/6c930acd-c104-4ece-acf7-f44fd7333036","Apply migration and conversion methods for existing data, in order to transfer or convert data between formats, storage or computer systems."
99,KnowledgeSkillCompetence,http://data.europa.eu/esco/skill/022dc430-872a-473a-9cf4-fed4895e58ad,skill/competence,sector-specific,define database physical structure,define database physical storage structure,,released,2024-02-09T17:29:14.494Z,,,"http://data.europa.eu/esco/concept-scheme/skills,
http://data.europa.eu/esco/concept-scheme/member-skills,
http://data.europa.eu/esco/concept-scheme/6c930acd-c104-4ece-acf7-f44fd7333036","Specify the physical configuration of database files on a given media. This consists of in-detail specifications of indexing options, data types and data elements placed in the data dictionary."
106,KnowledgeSkillCompetence,http://data.europa.eu/esco/skill/024037ca-96a9-4cb8-ba86-2cd5a209c90a,knowledge,sector-specific,Maltego,"Maltego digital Forensics tool
Maltego cybersecurity tool
Maltego Forensics",,released,2025-06-25T08:20:05.218Z,,,"http://data.europa.eu/esco/concept-scheme/skills,
http://data.europa.eu/esco/concept-scheme/member-skills,
http://data.europa.eu/esco/concept-scheme/6c930acd-c104-4ece-acf7-f44fd7333036","The platform Maltego is a forensic application that uses data mining to deliver on overview of organisations' environment, testing security weaknesses of the system for potentially unauthorised access and demonstrates the complexity of infrastructure failures."
110,KnowledgeSkillCompetence,http://data.europa.eu/esco/skill/0256f6b0-f4a9-4c5e-9cfd-96d58a2a70fe,skill/competence,cross-sector,operate radio equipment,"set up and maintain radio equipment
oversee the use of radio equipment
utilise radio equipment
facilitate use of radio equipment
oversee the use of radio devices
set up and maintain radio devices
utilise radio devices
use radio equipment
use radio devices
operate radio devices
facilitate use of radio devices",,released,2024-02-09T17:29:14.494Z,,,"http://data.europa.eu/esco/concept-scheme/skills,
http://data.europa.eu/esco/concept-scheme/member-skills,
http://data.europa.eu/esco/concept-scheme/6c930acd-c104-4ece-acf7-f44fd7333036","Set up and operate radio devices and accessories, such as broadcast consoles, amplifiers, and microphones. Understand the basics of radio operator language and, when necessary, provide instruction in handling radio equipment correctly."
150,KnowledgeSkillCompetence,http://data.europa.eu/esco/skill/034c29fa-c3ba-45ea-b8f3-bf8e3705e386,knowledge,sector-specific,Erlang,Erlang programming language,,released,2025-06-25T08:20:05.218Z,,,"http://data.europa.eu/esco/concept-scheme/skills,
http://data.europa.eu/esco/concept-scheme/member-skills,
http://data.europa.eu/esco/concept-scheme/6c930acd-c104-4ece-acf7-f44fd7333036","The techniques and principles of software development, such as analysis, algorithms, coding, testing and compiling of programming paradigms in Erlang."
164,KnowledgeSkillCompetence,http://data.europa.eu/esco/skill/03a74eee-2dc6-4147-8667-5cdeb65f122d,skill/competence,sector-specific,manage ICT data classification,"lead ICT data classification responsabilities
organise ICT data classification responsibilities",,released,2025-06-25T12:15:04.406Z,,,"http://data.europa.eu/esco/concept-scheme/skills,
http://data.europa.eu/esco/concept-scheme/member-skills,
http://data.europa.eu/esco/concept-scheme/6c930acd-c104-4ece-acf7-f44fd7333036",Oversee the classification system an organisation uses to organise its data. Assign an owner to each data concept or bulk of concepts and determine the value of each item of data.
178,KnowledgeSkillCompetence,http://data.europa.eu/esco/skill/03ff0d53-573a-47a0-a0ad-1995815a4339,knowledge,sector-specific,information structure,"data structuring methods
types of data infrastructure
data infrastructure",,released,2025-06-25T08:20:05.218Z,,,"http://data.europa.eu/esco/concept-scheme/skills,
http://data.europa.eu/esco/concept-scheme/member-skills,
http://data.europa.eu/esco/concept-scheme/6c930acd-c104-4ece-acf7-f44fd7333036","The type of infrastructure which defines the format of data: semi-structured, unstructured and structured."
189,KnowledgeSkillCompetence,http://data.europa.eu/esco/skill/04473991-161d-46db-8684-0d5ed6cb6c66,skill/competence,occupation-specific,manage temporary ICT networks for live performance,"manage DMX for performing art
manage RDM for performing art
manage MIDI for performing art
coordinate live performance technology
manage Timecode control signals for performing art",,released,2024-02-23T09:31:02.989Z,,,"http://data.europa.eu/esco/concept-scheme/skills,
http://data.europa.eu/esco/concept-scheme/member-skills,
http://data.europa.eu/esco/concept-scheme/6c930acd-c104-4ece-acf7-f44fd7333036","Manage the set-up of networks for distribution of control signals for performing art and event applications. Coordinates with the different users. Defines and sets-up the equipment, cables, connections and devices. Configures, tests and monitors equipment and performance of the network. Control signals include for example DMX, RDM, MIDI, Timecode, tracking and positioning data, but also audio, video and positioning signals."
194,KnowledgeSkillCompetence,http://data.europa.eu/esco/skill/0458f6a0-cb54-4ff5-a543-b2c5354e17c0,skill/competence,sector-specific,keep up with digital transformation of industrial processes,"keep up with digital transformation of industry
follow digital transformation of industry
keep pace with digital transformation of industrial processes
follow digital transformation of industrial processes
keep up to date with digital transformation of industrial processes",,released,2024-02-09T17:29:12.952Z,,,"http://data.europa.eu/esco/concept-scheme/skills,
http://data.europa.eu/esco/concept-scheme/member-skills,
http://data.europa.eu/esco/concept-scheme/6c930acd-c104-4ece-acf7-f44fd7333036",Keep up to date with digital innovations applicable to industrial processes. Integrate these transformations in the company's processes aiming for competitive and profitable business models.
219,KnowledgeSkillCompetence,http://data.europa.eu/esco/skill/04cf164c-d07d-49cf-a1b3-84bdbd79b5cb,skill/competence,occupation-specific,set up office equipment,"supply office equipment
furnish office equipment
set up equipment for offices
setting up office equipment",,released,2024-02-09T17:29:11.47Z,,,"http://data.europa.eu/esco/concept-scheme/skills,
http://data.europa.eu/esco/concept-scheme/member-skills,
http://data.europa.eu/esco/concept-scheme/6c930acd-c104-4ece-acf7-f44fd7333036","Connect office equipment, such as modems, scanners and printers, to the electricity network and perform electrical bonding to avoid dangerous potential differences. Test the installation for proper functioning. Monitor settings and prepare the appliance for usage."
228,KnowledgeSkillCompetence,http://data.europa.eu/esco/skill/04f1b938-d4d4-4cb1-a863-982af76b9d93,knowledge,sector-specific,SAS language,"SAS coding
SAS algorithms
SAS testing
SAS algorithm
SAS programming language
SAS principles for software development
SAS techniques for software development",,released,2025-06-25T08:20:05.218Z,,,"http://data.europa.eu/esco/concept-scheme/skills,
http://data.europa.eu/esco/concept-scheme/member-skills,
http://data.europa.eu/esco/concept-scheme/6c930acd-c104-4ece-acf7-f44fd7333036","The techniques and principles of software development, such as analysis, algorithms, coding, testing and compiling of programming paradigms in SAS language."
229,KnowledgeSkillCompetence,http://data.europa.eu/esco/skill/04fe962b-4017-4eb7-9139-7d69b6922bc9,skill/competence,sector-specific,use an application-specific interface,"use an interface specific to the application
using an interface specific to the application
application-specific interface using
operate an interface specific to the application
using an application-specific interface
application-specific interface operating
operating an interface specific to the application
operating an application-specific interface
operate an application-specific interface",,released,2024-02-09T17:29:16.725Z,,,"http://data.europa.eu/esco/concept-scheme/skills,
http://data.europa.eu/esco/concept-scheme/member-skills,
http://data.europa.eu/esco/concept-scheme/6c930acd-c104-4ece-acf7-f44fd7333036",Understand and use interfaces particular to an application or use case.
230,KnowledgeSkillCompetence,http://data.europa.eu/esco/skill/05010f6c-0b40-4525-ac4a-057d46a2b6f4,skill/competence,cross-sector,design electrical systems,"draw electrical systems
designing electrical systems
drawing electrical systems
electrical system drawing
electrical systems drawing
electrical systems designing
electrical system designing",,released,2024-02-09T17:29:11.47Z,,,"http://data.europa.eu/esco/concept-scheme/skills,
http://data.europa.eu/esco/concept-scheme/member-skills,
http://data.europa.eu/esco/concept-scheme/6c930acd-c104-4ece-acf7-f44fd7333036","Draft sketches and design electrical systems, products, and components using Computer Aided Design (CAD) software and equipment. Draw panel arrangement layouts, electrical schematics, electrical wiring diagrams, and other assembly details."
241,KnowledgeSkillCompetence,http://data.europa.eu/esco/skill/054f26ab-cfdc-4077-883c-1c4c9e9b310a,skill/competence,sector-specific,define firewall rules,"specify access control policies
set firewall rules",,released,2025-06-25T08:45:06.159Z,,,"http://data.europa.eu/esco/concept-scheme/skills,
http://data.europa.eu/esco/concept-scheme/member-skills,
http://data.europa.eu/esco/concept-scheme/6c930acd-c104-4ece-acf7-f44fd7333036",Specify rules to govern a set of components aiming to limit access between groups of networks or a particular network and the internet.
248,KnowledgeSkillCompetence,http://data.europa.eu/esco/skill/055ff233-6569-43db-9f95-a4b03dca97da,skill/competence,sector-specific,operate warehouse record systems,"maintain records of products and order information using warehouse system
record product information using warehouse systems
utilise warehouse record systems
use warehouse record systems
use record systems in warehouses
log information with warehouse record system
utilise record systems in warehouses
record information using warehouse systems
operate record systems in warehouses",,released,2024-02-09T17:29:10.678Z,,,"http://data.europa.eu/esco/concept-scheme/skills,
http://data.europa.eu/esco/concept-scheme/member-skills,
http://data.europa.eu/esco/concept-scheme/6c930acd-c104-4ece-acf7-f44fd7333036","Operate systems for recording product, packaging, and order information in specific formats and types of record."
262,KnowledgeSkillCompetence,http://data.europa.eu/esco/skill/05b70efb-6b80-4f04-9a25-67cd317daf37,knowledge,sector-specific,CryEngine,CRYENGINE,"CryEngine 2
CryEngine 3
CryEngine 1",released,2023-06-09T15:25:09.049Z,,,"http://data.europa.eu/esco/concept-scheme/skills,
http://data.europa.eu/esco/concept-scheme/member-skills,
http://data.europa.eu/esco/concept-scheme/6c930acd-c104-4ece-acf7-f44fd7333036","The game engine CryEngine which is a software framework that consists of integrated development environments and specialised design tools, designed for the rapid iteration of user-derived computer games."
285,KnowledgeSkillCompetence,http://data.europa.eu/esco/skill/061f1c12-9811-46f7-ab3e-1d28367d6c73,skill/competence,sector-specific,use CAD for soles,"use CAD for sole designing
use CAD for soles and heels
use computer-aided design for soles
employ computer-aided design for soles and heels
use CAD for sole and heels designing
use computer-aided design for soles and heels
employ CAD for soles and heels
employ CAD for sole and heels designing
employ computer-aided design for soles
employ CAD for sole designing",,released,2024-02-09T17:29:15.968Z,,,"http://data.europa.eu/esco/concept-scheme/skills,
http://data.europa.eu/esco/concept-scheme/member-skills,
http://data.europa.eu/esco/concept-scheme/6c930acd-c104-4ece-acf7-f44fd7333036","Digitise and scan the lasts. Work with files in various CAD systems. Produce 3D models of soles and create 2D computer aided designs. Grade and obtain the size series. Prepare technical specifications for manufacturing. Produce 2D and 3D computer aided engineering designs and technical drawings of moulds for vulcanised and injected soles. Export the files of the virtual models to 3D printers, CAM or CNC systems."
286,KnowledgeSkillCompetence,http://data.europa.eu/esco/skill/0620ecd1-e4b1-4dfa-972b-38a93e5ebd9d,skill/competence,sector-specific,create 3D environments,"build 3D environments
generate 3D environments
develop 3D representation
design 3D environments
develop 3D environments",,released,2025-06-25T12:15:04.406Z,,,"http://data.europa.eu/esco/concept-scheme/skills,
http://data.europa.eu/esco/concept-scheme/member-skills,
http://data.europa.eu/esco/concept-scheme/6c930acd-c104-4ece-acf7-f44fd7333036","Develop a computer-generated 3D representation of a setting such as simulated environment, where the users interact."
287,KnowledgeSkillCompetence,http://data.europa.eu/esco/skill/062320e5-79d1-45e8-8b7e-5deeb53279a2,skill/competence,cross-sector,perform online data analysis,"implement online data analysis
undertake online data analysis
performing online data analysis
perform an online data analysis
performing an online data analysis
complete online data analysis",,released,2024-02-09T17:29:16.725Z,,,"http://data.europa.eu/esco/concept-scheme/skills,
http://data.europa.eu/esco/concept-scheme/member-skills,
http://data.europa.eu/esco/concept-scheme/6c930acd-c104-4ece-acf7-f44fd7333036","Analyse online experiences and online data for purposes of understanding user behaviour, triggers of online attention, and other factors that could optimise webpage development and exposure."
291,KnowledgeSkillCompetence,http://data.europa.eu/esco/skill/06358891-8424-43c5-891e-d40f226bef40,skill/competence,sector-specific,manage IT security compliances,"oversee IT security compliance
ensure compliance with information security regulations",,released,2025-06-25T12:15:04.406Z,,,"http://data.europa.eu/esco/concept-scheme/skills,
http://data.europa.eu/esco/concept-scheme/member-skills,
http://data.europa.eu/esco/concept-scheme/6c930acd-c104-4ece-acf7-f44fd7333036","Guide application and fulfilment of relevant industry standards, best practices and legal requirements for information security."
328,KnowledgeSkillCompetence,http://data.europa.eu/esco/skill/06f33d6a-f7a7-4a2b-baa5-8c3c53bd1a9c,knowledge,sector-specific,keywords in digital content,metadata tagging,,released,2025-06-25T08:20:05.218Z,,,"http://data.europa.eu/esco/concept-scheme/skills,
http://data.europa.eu/esco/concept-scheme/member-skills,
http://data.europa.eu/esco/concept-scheme/6c930acd-c104-4ece-acf7-f44fd7333036",The digital tools to conduct keyword research. The information retrieval systems identify the content of a document guided by keywords and metadata.
333,KnowledgeSkillCompetence,http://data.europa.eu/esco/skill/071233c4-ad2b-4f50-b79f-768d2231163e,knowledge,sector-specific,domain name service,"DNS
DNS server",BIND,released,2023-11-29T16:27:22.76Z,,,"http://data.europa.eu/esco/concept-scheme/skills,
http://data.europa.eu/esco/concept-scheme/member-skills,
http://data.europa.eu/esco/concept-scheme/6c930acd-c104-4ece-acf7-f44fd7333036",Naming database which maps internet domain names to Internet Protocol (IP) addresses. The Domain Name System allows internet users to utilise names such as website titles instead of remembering numeric IP addresses used by computers to locate a concrete website.
336,KnowledgeSkillCompetence,http://data.europa.eu/esco/skill/071a4197-06b3-4226-b9a1-efd15913280a,skill/competence,sector-specific,model medical devices,"simulate medical devices
medical device modelling
medical device simulating
modelling medical devices
simulating medical devices
medical devices modelling
medical devices simulating",,released,2024-02-09T17:29:10.678Z,,,"http://data.europa.eu/esco/concept-scheme/skills,
http://data.europa.eu/esco/concept-scheme/member-skills,
http://data.europa.eu/esco/concept-scheme/6c930acd-c104-4ece-acf7-f44fd7333036",Model and simulate medical devices using technical design software.
343,KnowledgeSkillCompetence,http://data.europa.eu/esco/skill/0737ad0a-75ac-4696-988b-565820577ac0,skill/competence,sector-specific,use experience map,"examine touchpoints with a brand
determine the duration of a touchpoint
examine touchpoints with a service
determine the frequency of a touchpoint
examine touchpoints with a product",,released,2025-06-25T12:15:04.406Z,,,"http://data.europa.eu/esco/concept-scheme/skills,
http://data.europa.eu/esco/concept-scheme/member-skills,
http://data.europa.eu/esco/concept-scheme/6c930acd-c104-4ece-acf7-f44fd7333036","Examine all the interactions and touchpoints people have with a product, brand or service. Determine key variables such as duration and frequency of every touchpoint."
355,KnowledgeSkillCompetence,http://data.europa.eu/esco/skill/0764b28d-04ee-4e80-bf58-b737f02a63e0,knowledge,occupation-specific,captioning software,"captioning program
caption software
captioning plugin",,released,2024-02-09T17:29:10.678Z,,,"http://data.europa.eu/esco/concept-scheme/skills,
http://data.europa.eu/esco/concept-scheme/member-skills,
http://data.europa.eu/esco/concept-scheme/6c930acd-c104-4ece-acf7-f44fd7333036","The various software to create captions and subtitles in a file that is merged with the actual footage, such as Telestream and MovieCaptioners."
362,KnowledgeSkillCompetence,http://data.europa.eu/esco/skill/07884056-a07a-40b7-bba3-1ceed61f529c,knowledge,sector-specific,blockchain signature schemes,"signature schemes for blockchain
digital signature schemes",,released,2023-11-29T16:30:54.622Z,,,"http://data.europa.eu/esco/concept-scheme/skills,
http://data.europa.eu/esco/concept-scheme/member-skills,
http://data.europa.eu/esco/concept-scheme/6c930acd-c104-4ece-acf7-f44fd7333036","Essential digital signature schemes include the RSA scheme, the El-Gamal scheme, Hash functions, Birthday Attacks, the Digital Signature Standard."
364,KnowledgeSkillCompetence,http://data.europa.eu/esco/skill/07889c08-7220-47c8-96f7-6068fbea00dc,skill/competence,sector-specific,normalise data,"prepare data
normalize data
perform data pre-processing",,released,2022-07-05T14:38:14.9Z,,,"http://data.europa.eu/esco/concept-scheme/skills,
http://data.europa.eu/esco/concept-scheme/member-skills,
http://data.europa.eu/esco/concept-scheme/6c930acd-c104-4ece-acf7-f44fd7333036","Reduce data to their accurate core form (normal forms) in order to achieve such results as minimisation of dependency, elimination of redundancy, increase of consistency."
382,KnowledgeSkillCompetence,http://data.europa.eu/esco/skill/07dd856d-6141-48a7-a228-918f88494812,skill/competence,sector-specific,create prototype of user experience solutions,UX,,released,2024-02-09T17:29:09.851Z,,,"http://data.europa.eu/esco/concept-scheme/skills,
http://data.europa.eu/esco/concept-scheme/member-skills,
http://data.europa.eu/esco/concept-scheme/6c930acd-c104-4ece-acf7-f44fd7333036","Design and prepare mock-ups, prototypes and flows in order to test User Experience (UX) solutions or to collect feedback from users, customers, partners or stakeholders."
385,KnowledgeSkillCompetence,http://data.europa.eu/esco/skill/07e47d58-dd0e-4302-9e68-70a188e89065,skill/competence,cross-sector,apply system organisational policies,"adhere to organisational system guidelines
enforce organisational system policies
implement system regulations",,released,2024-02-29T16:52:04.742Z,,,"http://data.europa.eu/esco/concept-scheme/skills,
http://data.europa.eu/esco/concept-scheme/member-skills,
http://data.europa.eu/esco/concept-scheme/6c930acd-c104-4ece-acf7-f44fd7333036","Implement internal policies related to the development, internal and external usage of technological systems, such as software systems, network systems and telecommunications systems, in order to achieve a set of goals and targets regarding the efficient operations and growth of an organisation."
386,KnowledgeSkillCompetence,http://data.europa.eu/esco/skill/07e51c60-763a-4335-b4ec-70a15f66d328,skill/competence,cross-sector,propose ICT solutions to business problems,propose technical solutions to business problems,,released,2024-02-09T17:29:09.851Z,,,"http://data.europa.eu/esco/concept-scheme/skills,
http://data.europa.eu/esco/concept-scheme/member-skills,
http://data.europa.eu/esco/concept-scheme/6c930acd-c104-4ece-acf7-f44fd7333036","Suggest how to solve business issues, using ICT means, so that business processes are improved."
388,KnowledgeSkillCompetence,http://data.europa.eu/esco/skill/07e6bc9f-9c98-44ae-a7a3-5266caa393e1,skill/competence,sector-specific,calculate costs of repair operations,"calculating costs of repair operations
calculate the costs of repair operations
tally costs of repair operations
forecast costs of repair operations
count costs of repair operations
calculate the cost of repair operations
measure costs of repair operations",,released,2022-07-05T14:38:14.433Z,,,"http://data.europa.eu/esco/concept-scheme/skills,
http://data.europa.eu/esco/concept-scheme/member-skills,
http://data.europa.eu/esco/concept-scheme/6c930acd-c104-4ece-acf7-f44fd7333036",Calculate material and labour costs of repair operations. Understand appropriate computer programmes.
389,KnowledgeSkillCompetence,http://data.europa.eu/esco/skill/07ebc888-0f3f-46e7-99d2-a7c7ebd7ffe3,knowledge,sector-specific,property management software,"PMS
real estate management software
property operations software",,released,2023-11-29T16:29:35.878Z,,,"http://data.europa.eu/esco/concept-scheme/skills,
http://data.europa.eu/esco/concept-scheme/member-skills,
http://data.europa.eu/esco/concept-scheme/6c930acd-c104-4ece-acf7-f44fd7333036","The features and functioning of a software that enables the management of daily operations in real estate and accommodation businesses, to optimise resources and processes such as booking reservations, room rates, revenue data analytics or billing."
406,KnowledgeSkillCompetence,http://data.europa.eu/esco/skill/08236fee-c405-4f30-8858-f10d7d5c94b7,skill/competence,occupation-specific,operate media integration systems,"manage multimedia integration systems for performing art
operate media integration systems during rehearsals
operate media integration systems for performing art
operate media integration systems during live performances
manage multimedia integration systems",,released,2024-02-23T09:28:30.804Z,,,"http://data.europa.eu/esco/concept-scheme/skills,
http://data.europa.eu/esco/concept-scheme/member-skills,
http://data.europa.eu/esco/concept-scheme/6c930acd-c104-4ece-acf7-f44fd7333036","Operate a media integration system for performing art and event applications during setup, configuration, rehearsals and during live performances."
407,KnowledgeSkillCompetence,http://data.europa.eu/esco/skill/0823ccef-813f-4f22-afef-ac0d68615e8f,knowledge,cross-sector,computer simulation,"simulation software ANSYS
computer-based simulation",,released,2025-04-11T13:04:46.998Z,,,"http://data.europa.eu/esco/concept-scheme/skills,
http://data.europa.eu/esco/concept-scheme/member-skills,
http://data.europa.eu/esco/concept-scheme/6c930acd-c104-4ece-acf7-f44fd7333036","A programme run on a computer that represents dynamic responses of a system to explore a mathematical model behaviour, using a model of a real system, composed of mathematical equations."
418,KnowledgeSkillCompetence,http://data.europa.eu/esco/skill/085bfce5-70fe-43da-9499-307725e89bbc,knowledge,sector-specific,WizIQ,"WizIQ program
WizIQ e-learning platform
WizIQ programme",,released,2025-06-25T08:20:05.218Z,,,"http://data.europa.eu/esco/concept-scheme/skills,
http://data.europa.eu/esco/concept-scheme/member-skills,
http://data.europa.eu/esco/concept-scheme/6c930acd-c104-4ece-acf7-f44fd7333036","The computer program WizIQ is a e-learning platform for creating, administrating, arranging, reporting and delivering e-learning education courses or training programs."
421,KnowledgeSkillCompetence,http://data.europa.eu/esco/skill/0868eef3-2213-4572-9343-74931345a7d3,skill/competence,sector-specific,administer ICT system,"administer system
operate system
administer network and system",,released,2024-02-09T17:29:16.725Z,,,"http://data.europa.eu/esco/concept-scheme/skills,
http://data.europa.eu/esco/concept-scheme/member-skills,
http://data.europa.eu/esco/concept-scheme/6c930acd-c104-4ece-acf7-f44fd7333036","Handle components of ICT system by maintaining configuration, managing users, monitoring resource use, performing backups and installing hardware or software to comply with the set requirements."
440,KnowledgeSkillCompetence,http://data.europa.eu/esco/skill/08a3dcea-12de-447b-a3a5-aa657abc5e97,skill/competence,sector-specific,execute social engineering tests,"perform social engineering tests
execute social engineering attacks
test social engineering
perform social engineering attacks
test social engineering attacks",,released,2023-11-29T16:22:44.031Z,,,"http://data.europa.eu/esco/concept-scheme/skills,
http://data.europa.eu/esco/concept-scheme/member-skills,
http://data.europa.eu/esco/concept-scheme/6c930acd-c104-4ece-acf7-f44fd7333036","Perform simulated social engineering attacks to identify vulnerabilities in an organization's security posture. Social engineering tests may involve phishing emails, pretexting, or other forms of manipulation used by attackers to obtain sensitive information or unauthorized access to systems."
444,KnowledgeSkillCompetence,http://data.europa.eu/esco/skill/08b04e53-ed25-41a2-9f90-0b9cd939ba3d,skill/competence,cross-sector,manage research data,"oversee scientific data
handle research data
administer research data",,released,2024-03-01T11:59:56.801Z,,,"http://data.europa.eu/esco/concept-scheme/skills,
http://data.europa.eu/esco/concept-scheme/member-skills,
http://data.europa.eu/esco/concept-scheme/research,
http://data.europa.eu/esco/concept-scheme/6c930acd-c104-4ece-acf7-f44fd7333036",Produce and analyse scientific data originating from qualitative and quantitative research methods. Store and maintain the data in research databases. Support the re-use of scientific data and be familiar with open data management principles.
481,KnowledgeSkillCompetence,http://data.europa.eu/esco/skill/094ef6aa-844f-44ce-8456-fdc49276bf58,knowledge,sector-specific,digital printing,"plotter
electronic printing
digital printings",,released,2025-02-27T12:45:08.961Z,,,"http://data.europa.eu/esco/concept-scheme/skills,
http://data.europa.eu/esco/concept-scheme/member-skills,
http://data.europa.eu/esco/concept-scheme/6c930acd-c104-4ece-acf7-f44fd7333036","The technique that allows printing a digital-based image directly onto a variety of materials, mostly using inkjet or laser printer."
511,KnowledgeSkillCompetence,http://data.europa.eu/esco/skill/09cf2c34-6f93-4a19-a9f1-c0d866414bcc,knowledge,sector-specific,Cain and Abel (penetration testing tool),"Cain and Abel penetration testing software
Cain and Abel password recovery tool
Cain and Abel
Cain and Abel software for penetration testing
Cain and Abel penetration testing tool",,released,2024-02-23T09:48:33.544Z,,,"http://data.europa.eu/esco/concept-scheme/skills,
http://data.europa.eu/esco/concept-scheme/member-skills,
http://data.europa.eu/esco/concept-scheme/6c930acd-c104-4ece-acf7-f44fd7333036","The software tool Cain and Abel is a password recovery tool which tests the Microsoft Operating System for security weaknesses and potentially unauthorised access to system information. The tool decodes, decrypts and uncovers passwords by means such as brute-force and cryptanalysis attacks, network sniffing and protocols analysis."
523,KnowledgeSkillCompetence,http://data.europa.eu/esco/skill/09f2f811-a3fb-4de3-a70f-6420a6935575,knowledge,cross-sector,systems development life-cycle,application development life-cycle,,released,2024-02-09T17:29:15.968Z,,,"http://data.europa.eu/esco/concept-scheme/skills,
http://data.europa.eu/esco/concept-scheme/member-skills,
http://data.europa.eu/esco/concept-scheme/6c930acd-c104-4ece-acf7-f44fd7333036","The sequence of steps, such as planning, creating, testing and deploying and the models for the development and life-cycle management of a system."
524,KnowledgeSkillCompetence,http://data.europa.eu/esco/skill/09f4c52b-ac72-4f0e-a8ae-78bb1d7bffba,knowledge,cross-sector,transportation software related to an ERP system,"transportation software related to an ERP programme
transportation software relating to ERP systems
transportation software relating to an ERP system
transportation software related to ERP systems
transportation software related to ERP operations
transportation software related to an ERP data
transportation software related to ERP administration",,released,2024-02-09T17:29:15.235Z,,,"http://data.europa.eu/esco/concept-scheme/skills,
http://data.europa.eu/esco/concept-scheme/member-skills,
http://data.europa.eu/esco/concept-scheme/6c930acd-c104-4ece-acf7-f44fd7333036","Business management software to collect, manage and interpret data related to shipping, payment, inventory, manufacturing applied in transportation and distribution."
527,KnowledgeSkillCompetence,http://data.europa.eu/esco/skill/0a0532c2-ee60-4410-8e07-70e4d69370ec,skill/competence,cross-sector,operate automated process control,"perform automated process control
execute automated process control
conduct automated process control
operate an automated process control
undertake automated process control
operate automated process controls",,released,2024-02-09T17:29:13.7Z,,,"http://data.europa.eu/esco/concept-scheme/skills,
http://data.europa.eu/esco/concept-scheme/member-skills,
http://data.europa.eu/esco/concept-scheme/6c930acd-c104-4ece-acf7-f44fd7333036",Operate process control or automation system (PAS) used to control a production process automatically.
529,KnowledgeSkillCompetence,http://data.europa.eu/esco/skill/0a099c81-6a0c-4f00-bb3b-990d23ec03a5,skill/competence,sector-specific,manage ICT change request process,"oversee ICT change request process
coordinate ICT change request process
specify the need for ICT change requests
govern ICT change request process
handle ICT change request process",,released,2025-06-25T12:15:04.406Z,,,"http://data.europa.eu/esco/concept-scheme/skills,
http://data.europa.eu/esco/concept-scheme/member-skills,
http://data.europa.eu/esco/concept-scheme/6c930acd-c104-4ece-acf7-f44fd7333036","Specify the incentive for an ICT change request, stating which adjustment in the system needs to be accomplished and execute or supervise the execution of it."
536,KnowledgeSkillCompetence,http://data.europa.eu/esco/skill/0a30e5a8-60a8-4fda-9f89-8e9cee38da5a,skill/competence,occupation-specific,use interface description language,utilise specification language,,released,2025-06-25T08:45:06.159Z,,,"http://data.europa.eu/esco/concept-scheme/skills,
http://data.europa.eu/esco/concept-scheme/member-skills,
http://data.europa.eu/esco/concept-scheme/6c930acd-c104-4ece-acf7-f44fd7333036",Utilise specification language for describing interface connection among software components or programs in a programming-language-independent way. The languages which support this method are among others CORBA and WSDL.
541,KnowledgeSkillCompetence,http://data.europa.eu/esco/skill/0a52bed5-fd29-45fb-aba6-e32bccfda1c1,skill/competence,sector-specific,plan migration to cloud,"prepare plan for migration to cloud
cloud migration planning
plan refactoring",,released,2024-02-29T16:24:50.953Z,,,"http://data.europa.eu/esco/concept-scheme/skills,
http://data.europa.eu/esco/concept-scheme/member-skills,
http://data.europa.eu/esco/concept-scheme/6c930acd-c104-4ece-acf7-f44fd7333036","Select existing workloads and processes for potential migration to the cloud and choose migration tools. Determine a new cloud architecture for an existing solution, plan a strategy for migrating existing workloads to the cloud."
546,KnowledgeSkillCompetence,http://data.europa.eu/esco/skill/0a776a56-6ec1-4790-84b3-46d0be706806,skill/competence,sector-specific,use radar navigation,"navigate using radar navigation
use radar navigation equipment
ensure vessel safety through radar navigation
navigate using radar navigation equipment
employ radar navigation
operate radar navigation equipment
utilise radar navigation equipment
utilise radar navigation",,released,2024-02-09T17:29:14.494Z,,,"http://data.europa.eu/esco/concept-scheme/skills,
http://data.europa.eu/esco/concept-scheme/member-skills,
http://data.europa.eu/esco/concept-scheme/6c930acd-c104-4ece-acf7-f44fd7333036",Operate modern radar navigation equipment to ensure safe vessel operations.
547,KnowledgeSkillCompetence,http://data.europa.eu/esco/skill/0a856d55-23b5-4bdc-ad24-3eb5bc83d81f,skill/competence,sector-specific,implement route planning in smart mobility services,"calculate journeys
recommend journeys
use route planning software",,released,2022-07-05T14:38:15.447Z,,,"http://data.europa.eu/esco/concept-scheme/skills,
http://data.europa.eu/esco/concept-scheme/member-skills,
http://data.europa.eu/esco/concept-scheme/6c930acd-c104-4ece-acf7-f44fd7333036","Use specialised search engines such as route planners or journey planners to suggest optimised travel itineraries based of different criteria such as means of transport, departure and arrival time, location, duration of the journey."
553,KnowledgeSkillCompetence,http://data.europa.eu/esco/skill/0a9acb6b-1139-4be9-b431-3a80a959f2f4,knowledge,sector-specific,Agile project management,Agile management software,,released,2025-04-16T09:45:22.199Z,,,"http://data.europa.eu/esco/concept-scheme/skills,
http://data.europa.eu/esco/concept-scheme/member-skills,
http://data.europa.eu/esco/concept-scheme/6c930acd-c104-4ece-acf7-f44fd7333036","The agile project management approach is a methodology for planning, managing and overseeing of ICT resources in order to meet specific goals and using project management ICT tools."
559,KnowledgeSkillCompetence,http://data.europa.eu/esco/skill/0aabcae7-71de-456e-8e38-d9e40a4e0272,knowledge,sector-specific,modern power signalling systems,"power signalling systems used in modern railway infrastructure
power signalling systems used in rail infrastructure
modern signalling systems used in railway infrastructure
power signalling systems used in rail operations
signalling systems used in modern railway infrastructure
railway power signalling systems
modern rail power signalling systems
modern power signalling systems used in rail operations
railroad power signalling systems
rail power signalling systems
modern railway power signalling systems",,released,2023-02-22T16:24:30.625Z,,,"http://data.europa.eu/esco/concept-scheme/skills,
http://data.europa.eu/esco/concept-scheme/member-skills,
http://data.europa.eu/esco/concept-scheme/6c930acd-c104-4ece-acf7-f44fd7333036",The modern signalling systems and the application of digital technologies to improve the functioning of signalling equipment.
560,KnowledgeSkillCompetence,http://data.europa.eu/esco/skill/0ab03c6c-281b-48f4-83e0-10eeb27a1bae,knowledge,sector-specific,network management system tools,network management system components,,released,2025-06-25T08:20:05.218Z,,,"http://data.europa.eu/esco/concept-scheme/skills,
http://data.europa.eu/esco/concept-scheme/member-skills,
http://data.europa.eu/esco/concept-scheme/6c930acd-c104-4ece-acf7-f44fd7333036","The software or hardware tools which enable monitoring, analysis and supervision of individual network components or network parts within a larger network system."
571,KnowledgeSkillCompetence,http://data.europa.eu/esco/skill/0af062de-eb43-41e9-9b96-249e2cd22d26,skill/competence,sector-specific,use markup languages,"use html
use mark-up languages
use XHTML
use HTML
use Html",,released,2025-04-16T09:52:41.856Z,,,"http://data.europa.eu/esco/concept-scheme/skills,
http://data.europa.eu/esco/concept-scheme/member-skills,
http://data.europa.eu/esco/concept-scheme/6c930acd-c104-4ece-acf7-f44fd7333036","Utilise computer languages that are syntactically distinguishable from the text, to add annotations to a document, specify layout and process types of documents such as HTML."
576,KnowledgeSkillCompetence,http://data.europa.eu/esco/skill/0b0335f3-0aa1-491e-895e-81fc8774a300,skill/competence,sector-specific,develop automated migration methods,"design automated migration methods
design automated transfer of ICT information
generate automated transfer of ICT information
develop automated transfer of ICT information
create automated transfer of ICT information",,released,2025-06-25T12:15:04.406Z,,,"http://data.europa.eu/esco/concept-scheme/skills,
http://data.europa.eu/esco/concept-scheme/member-skills,
http://data.europa.eu/esco/concept-scheme/6c930acd-c104-4ece-acf7-f44fd7333036","Create automated transfer of ICT information between storage types, formats and systems to save human resources from performing the task manually."
595,KnowledgeSkillCompetence,http://data.europa.eu/esco/skill/0b449eb1-d082-4e62-95d7-5cf59bdf2097,skill/competence,sector-specific,use modern electronic navigational aids,"use GPS and radar navigation systems
operate modern electronic navigational equipment
use radar and GPS navigation systems
undertake navigation using modern electronic aids
utilise modern electronic navigation aids
utilise modern electronic navigation equipment
operate modern electronic navigation equipment
perform navigation using modern electronic equipment
operate modern electronic navigational aids
use modern electronic navigation equipment
navigate using modern electronic equipment",,released,2024-02-09T17:29:11.47Z,,,"http://data.europa.eu/esco/concept-scheme/skills,
http://data.europa.eu/esco/concept-scheme/member-skills,
http://data.europa.eu/esco/concept-scheme/6c930acd-c104-4ece-acf7-f44fd7333036",Use modern navigational aids such as GPS and radar systems.
618,KnowledgeSkillCompetence,http://data.europa.eu/esco/skill/0ba0717c-3a7a-45a3-834c-59c554e56c72,skill/competence,sector-specific,translate formulae into processes,"translating formulae into processes
formulae productionising
formulae translating into processes
productionising formulae
productionise formulae",,released,2024-02-09T17:29:12.952Z,,,"http://data.europa.eu/esco/concept-scheme/skills,
http://data.europa.eu/esco/concept-scheme/member-skills,
http://data.europa.eu/esco/concept-scheme/6c930acd-c104-4ece-acf7-f44fd7333036","Translate, by means of computer models and simulations, the specific laboratory formulae and findings into production processes."
658,KnowledgeSkillCompetence,http://data.europa.eu/esco/skill/0c66036a-3bdd-4955-8343-985f4697af64,skill/competence,cross-sector,manage donor database,"create and update donor database
handle donor database
manage donor databases
manage database of donors
create and update donor databases",,released,2024-02-09T17:29:10.678Z,,,"http://data.europa.eu/esco/concept-scheme/skills,
http://data.europa.eu/esco/concept-scheme/member-skills,
http://data.europa.eu/esco/concept-scheme/6c930acd-c104-4ece-acf7-f44fd7333036",Create and constantly update the database containing personal details and status of donors.
672,KnowledgeSkillCompetence,http://data.europa.eu/esco/skill/0c9f20cb-32fb-4ff7-877e-508762791151,knowledge,sector-specific,RAGE (digital game creation systems),"Rage
RAGE
RAGE software framework
RAGE for digital game creation
RAGE software for digital game creation",,released,2024-02-23T16:29:36.866Z,,,"http://data.europa.eu/esco/concept-scheme/skills,
http://data.europa.eu/esco/concept-scheme/member-skills,
http://data.europa.eu/esco/concept-scheme/6c930acd-c104-4ece-acf7-f44fd7333036","The software framework that consists of integrated development environments and specialised design tools, designed for the rapid iteration of user-derived computer games."
680,KnowledgeSkillCompetence,http://data.europa.eu/esco/skill/0cc02ab5-da14-4fd4-963d-192fe71d3225,skill/competence,sector-specific,assess integrated domotics systems,"appraise integrated domotics systems
choose domotic systems
evaluate integrated domotics systems",,released,2024-02-28T15:56:28.494Z,,,"http://data.europa.eu/esco/concept-scheme/skills,
http://data.europa.eu/esco/concept-scheme/member-skills,
http://data.europa.eu/esco/concept-scheme/6c930acd-c104-4ece-acf7-f44fd7333036",Understand designs and specifications provided by producers of domotics integrated systems and choose a concept that fulfils specific needs within the project.
682,KnowledgeSkillCompetence,http://data.europa.eu/esco/skill/0ccdfe98-f845-4598-84a1-3dca66e9d9a3,knowledge,sector-specific,Ruby (computer programming),Ruby,,released,2024-02-09T17:29:15.968Z,,,"http://data.europa.eu/esco/concept-scheme/skills,
http://data.europa.eu/esco/concept-scheme/member-skills,
http://data.europa.eu/esco/concept-scheme/6c930acd-c104-4ece-acf7-f44fd7333036","The techniques and principles of software development, such as analysis, algorithms, coding, testing and compiling of programming paradigms in Ruby."
686,KnowledgeSkillCompetence,http://data.europa.eu/esco/skill/0cd6dcf1-5778-42a5-b685-4d01ae4a4871,knowledge,sector-specific,Common Lisp,Common Lisp programming language,,released,2025-06-25T08:20:05.218Z,,,"http://data.europa.eu/esco/concept-scheme/skills,
http://data.europa.eu/esco/concept-scheme/member-skills,
http://data.europa.eu/esco/concept-scheme/6c930acd-c104-4ece-acf7-f44fd7333036","The techniques and principles of software development, such as analysis, algorithms, coding, testing and compiling of programming paradigms in Common Lisp."
691,KnowledgeSkillCompetence,http://data.europa.eu/esco/skill/0ce96a86-7a28-4c44-9e59-591375310894,skill/competence,cross-sector,collect weather-related data,"gather weather-related data
assemble weather-related data
collecting weather-related data
compile weather-related data",,released,2024-02-09T17:29:09.851Z,,,"http://data.europa.eu/esco/concept-scheme/skills,
http://data.europa.eu/esco/concept-scheme/member-skills,
http://data.europa.eu/esco/concept-scheme/6c930acd-c104-4ece-acf7-f44fd7333036","Gather data from satellites, radars, remote sensors, and weather stations in order to obtain information about weather conditions and phenomena."
692,KnowledgeSkillCompetence,http://data.europa.eu/esco/skill/0ced619a-0f59-4802-88ea-e97bf1b57f95,skill/competence,sector-specific,optimise fleet usability,"optimise fleet utilisation
optimise utilisation of fleet
optimise usability of fleet
ensure fleet is used optimally
optimize fleet usability
maximise fleet usability
maximise usability of fleet
ensure fleet is used to maximum capacity
ensure fleet is used as efficiently as possible
ensure fleet is used with optimal efficiency
ensure fleet optimisation",,released,2022-07-05T14:34:33.959Z,,,"http://data.europa.eu/esco/concept-scheme/skills,
http://data.europa.eu/esco/concept-scheme/member-skills,
http://data.europa.eu/esco/concept-scheme/6c930acd-c104-4ece-acf7-f44fd7333036","Optimise fleet utilisation, visibility, efficiency and profitability through the use of special ship management software."
701,KnowledgeSkillCompetence,http://data.europa.eu/esco/skill/0d168770-4d9c-4096-b048-a6577818d306,knowledge,sector-specific,Apache Maven,Maven,,released,2024-02-09T17:29:09.851Z,,,"http://data.europa.eu/esco/concept-scheme/skills,
http://data.europa.eu/esco/concept-scheme/member-skills,
http://data.europa.eu/esco/concept-scheme/6c930acd-c104-4ece-acf7-f44fd7333036","The tool Apache Maven is a software program to perform configuration identification, control, status accounting and audit of software during its development and maintenance."
714,KnowledgeSkillCompetence,http://data.europa.eu/esco/skill/0d6714c6-720e-4985-9791-5ab85d28da79,skill/competence,cross-sector,gather data,"convene data
collect data
data gavering
assemble data
aggregate data
gathering data",,released,2024-02-09T17:29:09.009Z,,,"http://data.europa.eu/esco/concept-scheme/skills,
http://data.europa.eu/esco/concept-scheme/member-skills,
http://data.europa.eu/esco/concept-scheme/6c930acd-c104-4ece-acf7-f44fd7333036",Extract exportable data from multiple sources.
725,KnowledgeSkillCompetence,http://data.europa.eu/esco/skill/0d7f2cce-245a-4d02-9b8d-2e9946cc4c5d,skill/competence,cross-sector,deliver online training,"deliver online training courses
conduct online training
deliver web-based trainings",,released,2025-06-25T12:15:04.406Z,,,"http://data.europa.eu/esco/concept-scheme/skills,
http://data.europa.eu/esco/concept-scheme/member-skills,
http://data.europa.eu/esco/concept-scheme/6c930acd-c104-4ece-acf7-f44fd7333036","Provide training by using online technologies, adapting the learning materials, using e-learning methods, supporting the trainees and communicating online. Instruct virtual classrooms."
734,KnowledgeSkillCompetence,http://data.europa.eu/esco/skill/0da6cab1-0ee9-4391-a299-f71fbf21db56,knowledge,sector-specific,ICT network routing,"ICT network routing techniques
ICT network processes
ICT network routing processes
ICT network techniques",,released,2025-06-25T08:20:05.218Z,,,"http://data.europa.eu/esco/concept-scheme/skills,
http://data.europa.eu/esco/concept-scheme/member-skills,
http://data.europa.eu/esco/concept-scheme/6c930acd-c104-4ece-acf7-f44fd7333036",The processes and techniques for choosing the best paths within an ICT network through which a packet can travel.
735,KnowledgeSkillCompetence,http://data.europa.eu/esco/skill/0daaf096-1639-461c-bf1a-bbeea77e6b67,knowledge,sector-specific,internal risk management policy,risk management internal policy,,released,2024-02-09T17:29:11.47Z,,,"http://data.europa.eu/esco/concept-scheme/skills,
http://data.europa.eu/esco/concept-scheme/member-skills,
http://data.europa.eu/esco/concept-scheme/6c930acd-c104-4ece-acf7-f44fd7333036","The internal risk management policies that identify, assess and prioritise risks in an IT environment. The methods used to minimise, monitor and control the possibility and the impact of disastrous events that affect the reaching of business goals."
738,KnowledgeSkillCompetence,http://data.europa.eu/esco/skill/0dc7aa1b-b5af-4f4b-81ce-ee22ed8b6926,skill/competence,sector-specific,assess ICT knowledge,"capture IT knowledge
capture ICT knowledge",,released,2024-02-09T17:29:09.009Z,,,"http://data.europa.eu/esco/concept-scheme/skills,
http://data.europa.eu/esco/concept-scheme/member-skills,
http://data.europa.eu/esco/concept-scheme/6c930acd-c104-4ece-acf7-f44fd7333036",Evaluate the implicit mastery of skilled experts in an ICT system to make it explicit for further analysis and usage.
740,KnowledgeSkillCompetence,http://data.europa.eu/esco/skill/0dcbf7c5-bedf-4485-b16b-23df54443864,skill/competence,sector-specific,translate requirement concepts into content,"obey content guidelines
adhere to content guidelines
abide by content guidelines
observe content guidelines
comply with content guidelines
follow content guidelines",,released,2025-06-25T12:15:04.406Z,,,"http://data.europa.eu/esco/concept-scheme/skills,
http://data.europa.eu/esco/concept-scheme/member-skills,
http://data.europa.eu/esco/concept-scheme/6c930acd-c104-4ece-acf7-f44fd7333036",Develop digital content by following given requirements and guidelines.
748,KnowledgeSkillCompetence,http://data.europa.eu/esco/skill/0de61385-de6d-4146-ba32-1cc1bc102220,knowledge,sector-specific,Lisp,"Lisp software development principles
Lisp algorithms
Lisp software development techniques
Lisp programming paradigms
Lisp coding techniques",,released,2025-06-25T08:20:05.218Z,,,"http://data.europa.eu/esco/concept-scheme/skills,
http://data.europa.eu/esco/concept-scheme/member-skills,
http://data.europa.eu/esco/concept-scheme/6c930acd-c104-4ece-acf7-f44fd7333036","The techniques and principles of software development, such as analysis, algorithms, coding, testing and compiling of programming paradigms in Lisp."
752,KnowledgeSkillCompetence,http://data.europa.eu/esco/skill/0df2e216-68ae-4952-b9dc-3c2f2bc04fe3,skill/competence,cross-sector,maintain freelance database,"repair database
conserve database
maintain databases
preserve database
maintain database
maintaining database
upkeep database",,released,2023-05-04T12:05:52.498Z,,,"http://data.europa.eu/esco/concept-scheme/skills,
http://data.europa.eu/esco/concept-scheme/member-skills,
http://data.europa.eu/esco/concept-scheme/6c930acd-c104-4ece-acf7-f44fd7333036",Maintain a freelance database that offers extra support to your teams and is able to calculate negotiating costs.
766,KnowledgeSkillCompetence,http://data.europa.eu/esco/skill/0e361e34-c563-4892-b9d3-873a6a4fef8a,knowledge,sector-specific,digital game genres,mechanics of digital games,,released,2024-02-09T17:29:10.678Z,,,"http://data.europa.eu/esco/concept-scheme/skills,
http://data.europa.eu/esco/concept-scheme/member-skills,
http://data.europa.eu/esco/concept-scheme/6c930acd-c104-4ece-acf7-f44fd7333036","The classification of video games based on their interaction with the game media, such as simulation games, strategy games, adventure games and arcade games."
768,KnowledgeSkillCompetence,http://data.europa.eu/esco/skill/0e44ceb3-9dd4-4ec4-b1d7-a0e83ddba7d4,skill/competence,cross-sector,automotive engineering,"vehicle engineering
automotive technology
motor vehicle engineering
engineering of automobiles
engineering of automotives
designing automobiles
constructing automobiles
engineering of vehicles",,released,2024-02-09T17:29:16.725Z,,,"http://data.europa.eu/esco/concept-scheme/skills,
http://data.europa.eu/esco/concept-scheme/member-skills,
http://data.europa.eu/esco/concept-scheme/6c930acd-c104-4ece-acf7-f44fd7333036","The discipline of engineering that combines mechanical, electrical, electronic, software and safety engineering to design motor vehicles such as trucks, vans and automobiles."
772,KnowledgeSkillCompetence,http://data.europa.eu/esco/skill/0e5affa0-705e-4b19-94e8-19e902e0287d,skill/competence,cross-sector,analyse decentralised applications,analyse dApps,,released,2023-11-29T16:35:45.447Z,,,"http://data.europa.eu/esco/concept-scheme/skills,
http://data.europa.eu/esco/concept-scheme/member-skills,
http://data.europa.eu/esco/concept-scheme/6c930acd-c104-4ece-acf7-f44fd7333036","Analyse decentralized applications for their specific performance requirements in terms of key functions and properties such as identify management, access control, data security, transparency, performance, scalability, and maintainability."
774,KnowledgeSkillCompetence,http://data.europa.eu/esco/skill/0e62eba3-d076-47e5-b22d-340a8faccb3b,knowledge,occupation-specific,assistive technology in education,"assistive technology for learning purposes
digital devices for learning support
learning assistance technology
digital equipment for learning support
digital mainstream technologies for inclusive education",,released,2024-02-26T10:09:32.209Z,,,"http://data.europa.eu/esco/concept-scheme/skills,
http://data.europa.eu/esco/concept-scheme/member-skills,
http://data.europa.eu/esco/concept-scheme/6c930acd-c104-4ece-acf7-f44fd7333036","Digital devices and equipment that support learners with learning, communication or mobility challenges to access educational resources and achieve their full potential. It includes software such as text to speech and optical character recognition."
775,KnowledgeSkillCompetence,http://data.europa.eu/esco/skill/0e667579-d045-4c6a-b0f3-230a61edd014,skill/competence,occupation-specific,model power electronics,"design power electronics systems
assess power electronics viability
simulate power electronics",,released,2024-02-29T16:38:59.09Z,,,"http://data.europa.eu/esco/concept-scheme/skills,
http://data.europa.eu/esco/concept-scheme/member-skills,
http://data.europa.eu/esco/concept-scheme/6c930acd-c104-4ece-acf7-f44fd7333036","Model and simulate power electronics systems, products, and components using technical design software. Assess the viability of the product and examine the physical parameters to ensure a successful production process."
778,KnowledgeSkillCompetence,http://data.europa.eu/esco/skill/0e78d9c9-7c3c-4c5c-82cb-205c16edbcb8,knowledge,occupation-specific,green computing,sustainable computing,,released,2024-02-20T14:46:13.508Z,,,"http://data.europa.eu/esco/concept-scheme/skills,
http://data.europa.eu/esco/concept-scheme/green,
http://data.europa.eu/esco/concept-scheme/member-skills,
http://data.europa.eu/esco/concept-scheme/6c930acd-c104-4ece-acf7-f44fd7333036","The use of ICT systems in an environmentally responsible and sustainable manner, such as the implementation of energy-efficient servers and central processing units (CPUs), reduction of resources and correct disposal of e-waste."
783,KnowledgeSkillCompetence,http://data.europa.eu/esco/skill/0e8d16c9-e2db-4862-ac06-1567f01ef806,knowledge,sector-specific,building systems monitoring technology,"building monitoring systems
building M&E systems
HVAC systems
M&E systems
systems of building monitoring technology
lighting systems
building monitoring technology systems",,released,2025-04-16T10:15:27.709Z,,,"http://data.europa.eu/esco/concept-scheme/skills,
http://data.europa.eu/esco/concept-scheme/member-skills,
http://data.europa.eu/esco/concept-scheme/6c930acd-c104-4ece-acf7-f44fd7333036","Computer-based control systems that monitor mechanical and electrical equipment in a building such as HVAC, security and lighting systems."
792,KnowledgeSkillCompetence,http://data.europa.eu/esco/skill/0ebd8359-48bc-4b28-adb1-450774e5f683,skill/competence,sector-specific,transfer uncut audiovisual material to computer,"transfer unclipped audiovisual material to computer
transfer unedited audiovisual material to computer
transfer audiovisual uncut material to computer
transfer to computer uncut audiovisual material",,released,2024-02-09T17:29:12.215Z,,,"http://data.europa.eu/esco/concept-scheme/skills,
http://data.europa.eu/esco/concept-scheme/member-skills,
http://data.europa.eu/esco/concept-scheme/6c930acd-c104-4ece-acf7-f44fd7333036","Transfer uncut audiovisual materials to a computer, synchronise them and store them."
809,KnowledgeSkillCompetence,http://data.europa.eu/esco/skill/0f00f63f-3ab4-4057-b92f-500584b51757,knowledge,sector-specific,Informatica PowerCenter,"PowerCenter Informatica
Informatica Power Center",,released,2024-02-09T17:29:15.968Z,,,"http://data.europa.eu/esco/concept-scheme/skills,
http://data.europa.eu/esco/concept-scheme/member-skills,
http://data.europa.eu/esco/concept-scheme/6c930acd-c104-4ece-acf7-f44fd7333036","The computer program Informatica PowerCenter is a tool for integration of information from multiple applications, created and maintained by organisations, into one consistent and transparent data structure, developed by the software company Informatica."
820,KnowledgeSkillCompetence,http://data.europa.eu/esco/skill/0f365cf9-4f68-4a25-affc-75de20bcdc09,skill/competence,sector-specific,conduct analysis of ship data,"perform data analysis activities on vessel data
use ship data analysis in decision making
conduct data analysis activities on ship data
evaluate ship data
conduct analysis of vessel data
perform analysis of vessel data
perform analysis of ship data
utilise vessel data analysis in decision making
analyse ship data",,released,2024-02-09T17:29:10.678Z,,,"http://data.europa.eu/esco/concept-scheme/skills,
http://data.europa.eu/esco/concept-scheme/member-skills,
http://data.europa.eu/esco/concept-scheme/6c930acd-c104-4ece-acf7-f44fd7333036",Collect information from a vessel's management software and cross reference it to analyse the data from different points of view and inform decision-making.
829,KnowledgeSkillCompetence,http://data.europa.eu/esco/skill/0f5374e3-0b9b-4b16-af7a-49654ce0bb15,knowledge,sector-specific,human-robot collaboration,human-robot collaborative process,,released,2024-02-15T17:32:55.474Z,,,"http://data.europa.eu/esco/concept-scheme/skills,
http://data.europa.eu/esco/concept-scheme/member-skills,
http://data.europa.eu/esco/concept-scheme/6c930acd-c104-4ece-acf7-f44fd7333036","Human-Robot Collaboration is the study of collaborative processes in which human and robot agents work together to achieve shared goals. Human-Robot Collaboration (HRC) is an interdisciplinary research area comprising classical robotics, human-computer interaction, artificial intelligence, design, cognitive sciences and psychology. It is related to the definition of the plans and the rules for communication to perform a task and achieve a goal in a joint action with a robot."
845,KnowledgeSkillCompetence,http://data.europa.eu/esco/skill/0f9958d2-f700-4f62-b90b-a5873cb5ae4c,knowledge,occupation-specific,systems thinking,"systems thought
integrated thinking
system thinking
integration of thinking
integrate thinking",,released,2024-02-09T17:29:15.235Z,,,"http://data.europa.eu/esco/concept-scheme/skills,
http://data.europa.eu/esco/concept-scheme/member-skills,
http://data.europa.eu/esco/concept-scheme/6c930acd-c104-4ece-acf7-f44fd7333036","The integrated approach to understanding how various constituents of a system interrelate, interact and influence one another within a whole logistic system."
851,KnowledgeSkillCompetence,http://data.europa.eu/esco/skill/0fb753a1-2ef2-4429-84d2-ecb2b24daf7a,knowledge,sector-specific,Apache Tomcat,Tomcat,,released,2025-06-25T08:20:05.218Z,,,"http://data.europa.eu/esco/concept-scheme/skills,
http://data.europa.eu/esco/concept-scheme/member-skills,
http://data.europa.eu/esco/concept-scheme/6c930acd-c104-4ece-acf7-f44fd7333036","The open-source web server Apache Tomcat provides a Java web server environment which uses a built in container where HTTP requests are loaded, allowing the Java web applications to run on local and server based systems."
852,KnowledgeSkillCompetence,http://data.europa.eu/esco/skill/0fba68dc-6f5d-4974-b3cf-5d3215f7d363,skill/competence,sector-specific,edit negatives,"edit the negatives
alter negatives
retouch negatives
editing of negatives",,released,2024-02-09T17:29:12.952Z,,,"http://data.europa.eu/esco/concept-scheme/skills,
http://data.europa.eu/esco/concept-scheme/member-skills,
http://data.europa.eu/esco/concept-scheme/6c930acd-c104-4ece-acf7-f44fd7333036",Use different software products and techniques to process photographic negatives and adapt the images to the desired specifications.
865,KnowledgeSkillCompetence,http://data.europa.eu/esco/skill/0ffdb6ac-03b5-4f1c-bfcc-3d9cb874fdf9,knowledge,sector-specific,ethical hacking principles,ethical hacking techniques,,released,2023-11-02T17:20:57.26Z,,,"http://data.europa.eu/esco/concept-scheme/skills,
http://data.europa.eu/esco/concept-scheme/member-skills,
http://data.europa.eu/esco/concept-scheme/6c930acd-c104-4ece-acf7-f44fd7333036",The set of actions that are carried out to detect vulnerabilities within a computerised system in order to improve security within an organisation. They aim to identify and address data breaches and threats in a network.
870,KnowledgeSkillCompetence,http://data.europa.eu/esco/skill/1019423b-3368-4f83-b24f-19e5fa23e816,knowledge,sector-specific,software UI design patterns,"software user interface design patterns
solutions for software user interface tasks
best practices for software user interface tasks
solutions for software UI tasks
software UI design best practices",,released,2025-06-25T08:20:05.218Z,,,"http://data.europa.eu/esco/concept-scheme/skills,
http://data.europa.eu/esco/concept-scheme/member-skills,
http://data.europa.eu/esco/concept-scheme/6c930acd-c104-4ece-acf7-f44fd7333036",The reusable solutions and formalised best practices to solve common user interface tasks in software development and design.
915,KnowledgeSkillCompetence,http://data.europa.eu/esco/skill/1110c92f-3059-445a-9436-0f4200d365f5,knowledge,sector-specific,Sass,Syntactically Awesome Stylesheets,,released,2024-02-09T17:29:09.009Z,,,"http://data.europa.eu/esco/concept-scheme/skills,
http://data.europa.eu/esco/concept-scheme/member-skills,
http://data.europa.eu/esco/concept-scheme/6c930acd-c104-4ece-acf7-f44fd7333036","The computer language Sass is a style sheet language that conveys the presentation of structured documents. These documents have to adhere to style sheets, a set of stylistic rules such as font, color and layout."
927,KnowledgeSkillCompetence,http://data.europa.eu/esco/skill/11430d93-c835-48ed-8e70-285fa69c9ae6,skill/competence,sector-specific,design cloud architecture,"design multi-tier cloud architecture
create cloud architecture
engineer cloud architecture",,released,2022-07-05T14:34:46.63Z,,,"http://data.europa.eu/esco/concept-scheme/skills,
http://data.europa.eu/esco/concept-scheme/member-skills,
http://data.europa.eu/esco/concept-scheme/6c930acd-c104-4ece-acf7-f44fd7333036","Design a multi-tier cloud architecture solution, which tolerates faults and is fit for the workload and other business needs. Identify elastic and scalable computing solutions, select high-performing and scalable storage solutions, and choose high-performing database solutions. Identify cost-effective storage, computing, and database services in the cloud."
931,KnowledgeSkillCompetence,http://data.europa.eu/esco/skill/114c9698-c999-4369-8498-81bf641fe871,skill/competence,occupation-specific,establish an ICT security prevention plan,,,released,2025-02-27T12:45:08.961Z,,,"http://data.europa.eu/esco/concept-scheme/skills,
http://data.europa.eu/esco/concept-scheme/member-skills,
http://data.europa.eu/esco/concept-scheme/6c930acd-c104-4ece-acf7-f44fd7333036","Define a comprehensive and proactive strategy for managing information and communication technology (ICT) security risks by establishing a set of measures and responsibilities to ensure the confidentiality, integrity and availability of information. Implement policies to prevent data breaches, detect and respond to unauthorised access to systems and resources, including up-to-date security applications and employee education."
934,KnowledgeSkillCompetence,http://data.europa.eu/esco/skill/116083f9-8d05-4b2e-a15f-287b18de5f67,skill/competence,cross-sector,use global distribution system,"use computer reservation system
use system for global distribution
operate global distribution system",,released,2024-02-09T17:29:15.235Z,,,"http://data.europa.eu/esco/concept-scheme/skills,
http://data.europa.eu/esco/concept-scheme/member-skills,
http://data.europa.eu/esco/concept-scheme/6c930acd-c104-4ece-acf7-f44fd7333036",Operate a computer reservations system or a global distribution system to book or reserve transportations and accommodations.
937,KnowledgeSkillCompetence,http://data.europa.eu/esco/skill/117373c8-f04b-4fff-8683-aebe36edac81,knowledge,sector-specific,hardware platforms,"hardware configuration characteristics
hardware configuration requirements",,released,2025-06-25T08:20:05.218Z,,,"http://data.europa.eu/esco/concept-scheme/skills,
http://data.europa.eu/esco/concept-scheme/member-skills,
http://data.europa.eu/esco/concept-scheme/6c930acd-c104-4ece-acf7-f44fd7333036",The characteristics of the hardware configuration required to process the applications software product.
941,KnowledgeSkillCompetence,http://data.europa.eu/esco/skill/1177a1e9-213a-477b-b57c-364368c68b95,skill/competence,occupation-specific,design power electronics,"develop power electronics system
develop power electronics systems
design power electronics systems
design power electronics system
develop power electronics",,released,2024-02-23T15:29:09.616Z,,,"http://data.europa.eu/esco/concept-scheme/skills,
http://data.europa.eu/esco/concept-scheme/member-skills,
http://data.europa.eu/esco/concept-scheme/6c930acd-c104-4ece-acf7-f44fd7333036","Design and develop power electronics systems, products, and components according to specifications. Select suitable ancillary devices for the intended application."
946,KnowledgeSkillCompetence,http://data.europa.eu/esco/skill/118a9b27-1c5a-4214-b685-1a4d9e6365ea,knowledge,sector-specific,computer forensics,"forensic IT
digital forensic investigation",,released,2025-06-25T08:20:05.218Z,,,"http://data.europa.eu/esco/concept-scheme/skills,
http://data.europa.eu/esco/concept-scheme/member-skills,
http://data.europa.eu/esco/concept-scheme/6c930acd-c104-4ece-acf7-f44fd7333036",The process of examining and recovering digital data from sources for legal evidence and crime investigation.
959,KnowledgeSkillCompetence,http://data.europa.eu/esco/skill/11c56452-fcec-4b00-9695-cca4728e5048,knowledge,cross-sector,marketing analytics,marketing data analytics,,released,2023-11-29T16:23:45.855Z,,,"http://data.europa.eu/esco/concept-scheme/skills,
http://data.europa.eu/esco/concept-scheme/member-skills,
http://data.europa.eu/esco/concept-scheme/6c930acd-c104-4ece-acf7-f44fd7333036",The set of processes for employing data to improve the effectiveness of marketing activities. It involves analysing metrics such as the Return on Investment (ROI) for identify opportunities of improvement.
968,KnowledgeSkillCompetence,http://data.europa.eu/esco/skill/11eebd42-44ab-401d-8a2c-bdb9fc9beb50,knowledge,sector-specific,information security strategy,InfoSec strategy,,released,2025-06-25T08:20:05.218Z,,,"http://data.europa.eu/esco/concept-scheme/skills,
http://data.europa.eu/esco/concept-scheme/member-skills,
http://data.europa.eu/esco/concept-scheme/6c930acd-c104-4ece-acf7-f44fd7333036","The plan defined by a company which sets the information security objectives and measures to mitigate risks, define control objectives, establish metrics and benchmarks while complying with legal, internal and contractual requirements."
976,KnowledgeSkillCompetence,http://data.europa.eu/esco/skill/12274664-b642-4945-b88f-d7787dc3c9dd,skill/competence,sector-specific,design interaction model,"design virtual assistant skills
develop interaction model
design skills for interaction model",,released,2022-07-05T14:38:06.701Z,,,"http://data.europa.eu/esco/concept-scheme/skills,
http://data.europa.eu/esco/concept-scheme/member-skills,
http://data.europa.eu/esco/concept-scheme/6c930acd-c104-4ece-acf7-f44fd7333036","Design and develop an interaction model. Design a multi-turn conversation, use built-in intents and slots, handle unexpected conversational requests or responses, design multi-modal skills using one or more service interfaces (for example, audio, video, and gadgets)."
981,KnowledgeSkillCompetence,http://data.europa.eu/esco/skill/123cf7c5-6a3b-419d-be4f-49a6cc020f9f,knowledge,cross-sector,interactive media,interactive multimedia,,released,2024-01-29T11:46:00.732Z,,,"http://data.europa.eu/esco/concept-scheme/skills,
http://data.europa.eu/esco/concept-scheme/member-skills,
http://data.europa.eu/esco/concept-scheme/6c930acd-c104-4ece-acf7-f44fd7333036","The method of communication that takes place through digital medias and is based on customers interactions with them. The interactions take place with computerised elements (e.g., moving graphics, digital text and sound)."
982,KnowledgeSkillCompetence,http://data.europa.eu/esco/skill/123ea020-9f87-495f-b8c3-15133646392b,skill/competence,occupation-specific,test improved aeronautical information management systems,"test aeronautical information management systems for improvement
test functions of improved aeronautical information management systems
perform testing on AIM systems
perform AIM improvement testing
test AIM systems for improvement
perform testing on improved aeronautical information management systems
test functions of improved AIM systems
conduct aeronautical information management systems improvement testing
test improved AIM systems
conduct AIM improvement testing",,released,2024-02-09T17:29:12.952Z,,,"http://data.europa.eu/esco/concept-scheme/skills,
http://data.europa.eu/esco/concept-scheme/member-skills,
http://data.europa.eu/esco/concept-scheme/6c930acd-c104-4ece-acf7-f44fd7333036",Test functionality of systems before releasing them; test potential impacts and predict final outcome.
989,KnowledgeSkillCompetence,http://data.europa.eu/esco/skill/126da6db-593e-4dd2-b35d-86f599a622f6,skill/competence,sector-specific,mix ink,"blend ink
stir ink
mixing ink
prepare ink
mix inks",,released,2024-02-09T17:29:12.215Z,,,"http://data.europa.eu/esco/concept-scheme/skills,
http://data.europa.eu/esco/concept-scheme/member-skills,
http://data.europa.eu/esco/concept-scheme/6c930acd-c104-4ece-acf7-f44fd7333036",Tend a computer-guided dispenser that mixes different shades of ink to obtain the desired colour.
1001,KnowledgeSkillCompetence,http://data.europa.eu/esco/skill/12b7d5a1-1ad4-45dc-b0fa-b31d1eb2c79a,skill/competence,occupation-specific,maintain pricing database,"sustain pricing database
maintain pricing databases
preserve pricing database
maintaining a pricing database
control pricing database
manage pricing database
maintain a pricing database",,released,2024-02-09T17:29:12.215Z,,,"http://data.europa.eu/esco/concept-scheme/skills,
http://data.europa.eu/esco/concept-scheme/member-skills,
http://data.europa.eu/esco/concept-scheme/6c930acd-c104-4ece-acf7-f44fd7333036",Maintain internal and external database to ensure that all pricing data are permanently accurate and up-to-date.
1003,KnowledgeSkillCompetence,http://data.europa.eu/esco/skill/12c82224-6394-4c3c-9831-2a8198ed1274,knowledge,cross-sector,optical character recognition software,"OCRopus
(a9t9) FreeOCR
Puma.NET
SimpleOCR
LEADTOOLS
ReadSoft
OCR
Ocrad
MeOCR
ExperVision TypeReader & RTK
Dynamsoft OCR SDK
Scantron
Asprise OCRSDK
FreeOCR
CuneiForm
Microsoft Office Document Imaging
AnyDoc Software
Microsoft Office OneNote 2007
GOCR
Tesseract
SmartScore
MathOCR
Nicomsoft OCR SDK
OCRFeeder","OCRopus
(a9t9) FreeOCR
Puma.NET
SimpleOCR
LEADTOOLS
ExperVision TypeReader & RTK
Dynamsoft OCR SDK
FreeOCR
AnyDoc Software
Ocrad
Microsoft Office OneNote 2007
GOCR
Microsoft Office Document Imaging
Asprise OCRSDK
OCRFeeder
Tesseract
ReadSoft
MeOCR
Nicomsoft OCR SDK
MathOCR
Scantron
CuneiForm
SmartScore",released,2024-02-09T17:29:12.952Z,,,"http://data.europa.eu/esco/concept-scheme/skills,
http://data.europa.eu/esco/concept-scheme/member-skills,
http://data.europa.eu/esco/concept-scheme/6c930acd-c104-4ece-acf7-f44fd7333036","The software that electronically converts printed and typed images into machine-encoded text so that documents can be electronically stored, edited and digitally displayed."
1033,KnowledgeSkillCompetence,http://data.europa.eu/esco/skill/13666d7d-41a8-42b6-80ba-34ea6a64667f,knowledge,occupation-specific,particle animation,"particle animation software
particles movement simulation
particle simulation software
particle based animation",,released,2025-06-25T08:20:05.218Z,,,"http://data.europa.eu/esco/concept-scheme/skills,
http://data.europa.eu/esco/concept-scheme/member-skills,
http://data.europa.eu/esco/concept-scheme/6c930acd-c104-4ece-acf7-f44fd7333036","The field of particle animation, an animation technique in which large numbers of graphic objects are used to simulate phenomena, such as flames and explosions and 'fuzzy phenomena' that are difficult to reproduce using conventional rendering methods."
1049,KnowledgeSkillCompetence,http://data.europa.eu/esco/skill/13bdd41a-2a18-441f-96db-41252c519413,knowledge,sector-specific,Visual Basic,"VB.NET
.NET
Visual Studio .NET
Visual Studio
VB",,released,2025-04-16T09:55:37.546Z,,,"http://data.europa.eu/esco/concept-scheme/skills,
http://data.europa.eu/esco/concept-scheme/member-skills,
http://data.europa.eu/esco/concept-scheme/6c930acd-c104-4ece-acf7-f44fd7333036","The techniques and principles of software development, such as analysis, algorithms, coding, testing and compiling of programming paradigms in Visual Basic."
1069,KnowledgeSkillCompetence,http://data.europa.eu/esco/skill/14029d35-3831-4176-be75-da64e6024e6f,knowledge,occupation-specific,alarm systems,"home security alarm systems
alarms
alarm system
security alarm systems
office security alarm systems",,released,2024-02-09T17:29:12.952Z,,,"http://data.europa.eu/esco/concept-scheme/skills,
http://data.europa.eu/esco/concept-scheme/member-skills,
http://data.europa.eu/esco/concept-scheme/6c930acd-c104-4ece-acf7-f44fd7333036","Security systems in buildings and on properties automatically alarming security companies or producing acoustic or audio-visual signals when break-in, theft or damage of property is detected."
1072,KnowledgeSkillCompetence,http://data.europa.eu/esco/skill/14062e1c-6540-4cb6-b343-ad419e3d10ac,knowledge,sector-specific,blockchain components,"blockchain
blockchain concepts",,released,2023-11-29T16:33:52.245Z,,,"http://data.europa.eu/esco/concept-scheme/skills,
http://data.europa.eu/esco/concept-scheme/member-skills,
http://data.europa.eu/esco/concept-scheme/6c930acd-c104-4ece-acf7-f44fd7333036","The study of essential blockchain components and concepts such as peer networks, smart contracts, memberships, events, ledgers, system integration, wallets, and system management."
1082,KnowledgeSkillCompetence,http://data.europa.eu/esco/skill/143769cb-b61e-47d8-a61e-eedfbec1016c,knowledge,cross-sector,business intelligence,"business analytics
BI
business intelligence tools",,released,2025-06-25T08:20:05.218Z,,,"http://data.europa.eu/esco/concept-scheme/skills,
http://data.europa.eu/esco/concept-scheme/member-skills,
http://data.europa.eu/esco/concept-scheme/6c930acd-c104-4ece-acf7-f44fd7333036",The tools used to transform large amounts of raw data into relevant and helpful business information.
1090,KnowledgeSkillCompetence,http://data.europa.eu/esco/skill/14525f24-afb4-4a4e-80a7-facf27080cdd,skill/competence,sector-specific,manage digital libraries,"manage a digital library
managing digital libraries
coordinate digital libraries
handle digital libraries",,released,2024-02-09T17:29:09.851Z,,,"http://data.europa.eu/esco/concept-scheme/skills,
http://data.europa.eu/esco/concept-scheme/member-skills,
http://data.europa.eu/esco/concept-scheme/6c930acd-c104-4ece-acf7-f44fd7333036","Collect, manage and preserve for permanent access digital content and offer to targeted user communities specialised search and retrieval functionality."
1097,KnowledgeSkillCompetence,http://data.europa.eu/esco/skill/14764a75-3104-4875-ba1d-57c059b9b013,knowledge,cross-sector,telecommunications engineering,"telecoms engineering
tele-communications engineering
telephone engineering
engineering of telecommunications
telecommunications technology",,released,2024-02-09T17:29:15.235Z,,,"http://data.europa.eu/esco/concept-scheme/skills,
http://data.europa.eu/esco/concept-scheme/member-skills,
http://data.europa.eu/esco/concept-scheme/6c930acd-c104-4ece-acf7-f44fd7333036",Discipline that combines computer science with electrical engineering to improve telecommunications systems.
1100,KnowledgeSkillCompetence,http://data.europa.eu/esco/skill/14832d87-2f2f-4895-b290-e4760ebae42a,skill/competence,cross-sector,solve technical problems,"resolve technical issues
diagnose technical problems",,released,2025-06-25T12:15:04.406Z,,,"http://data.europa.eu/esco/concept-scheme/skills,
http://data.europa.eu/esco/concept-scheme/member-skills,
http://data.europa.eu/esco/concept-scheme/6c930acd-c104-4ece-acf7-f44fd7333036,
http://data.europa.eu/esco/concept-scheme/digcomp","Identify technical problems when operating devices and using digital environments, and solve them (from trouble-shooting to solving more complex problems)."
1117,KnowledgeSkillCompetence,http://data.europa.eu/esco/skill/14ced458-5f4b-495f-bd3d-9c240614bda0,knowledge,sector-specific,Adobe Photoshop,"Adobe Photoshop Elements
Adobe Photoshop CC","Adobe Photoshop CS3
Adobe Photoshop CS5
Adobe Photoshop CS4
Adobe Photoshop CS6",released,2023-06-08T15:19:09.883Z,,,"http://data.europa.eu/esco/concept-scheme/skills,
http://data.europa.eu/esco/concept-scheme/member-skills,
http://data.europa.eu/esco/concept-scheme/6c930acd-c104-4ece-acf7-f44fd7333036",The computer program Adobe Photoshop is a graphical ICT tool which enables digital editing and composition of graphics to generate both 2D raster or 2D vector graphics. It is developed by the software company Adobe.
1120,KnowledgeSkillCompetence,http://data.europa.eu/esco/skill/14d1e367-3efe-4ec5-86ae-eca48710ee4e,skill/competence,sector-specific,implement ICT security policies,"implementing computer network safety policies
implementing ICT safety policies
implement computer network safety policies
implement ICT safety policies
implement computer network security policies
apply on-line safety guidelines
ICT safety policies implementing
apply on-line security guidelines
on-line security guidelines applying
on-line safety guidelines applying",,released,2023-04-12T15:11:35.126Z,,,"http://data.europa.eu/esco/concept-scheme/skills,
http://data.europa.eu/esco/concept-scheme/member-skills,
http://data.europa.eu/esco/concept-scheme/6c930acd-c104-4ece-acf7-f44fd7333036","Implement statements, assertions or rules that specify the appropriate use and protection of the ICT assets and systems from an organisation. These ICT security policies cover topics such as data classification, password management, access control and incident response."
1134,KnowledgeSkillCompetence,http://data.europa.eu/esco/skill/14fdac88-6d4a-4e47-9df5-02c6d1e86fdd,knowledge,sector-specific,IBM InfoSphere DataStage,"Cognos Data Manager
InfoSphere DataStage MVS Edition
IBM InfoSphere DataStage Workgroup Edition",,released,2024-02-09T17:29:09.009Z,,,"http://data.europa.eu/esco/concept-scheme/skills,
http://data.europa.eu/esco/concept-scheme/member-skills,
http://data.europa.eu/esco/concept-scheme/6c930acd-c104-4ece-acf7-f44fd7333036","The computer program IBM InfoSphere DataStage is a tool for integration of information from multiple applications, created and maintained by organisations, into one consistent and transparent data structure, developed by the software company IBM."
1153,KnowledgeSkillCompetence,http://data.europa.eu/esco/skill/1557b114-8222-46d5-acff-d2838909c302,skill/competence,sector-specific,provide connected car solutions,"deliver connected car solutions
supply connected vehicle solutions",,released,2023-11-29T16:29:45.834Z,,,"http://data.europa.eu/esco/concept-scheme/skills,
http://data.europa.eu/esco/concept-scheme/member-skills,
http://data.europa.eu/esco/concept-scheme/6c930acd-c104-4ece-acf7-f44fd7333036","Provide technological applications and services which enable cars to be connected to the internet for data transmission. Connected car solutions involve leveraging technologies such as GPS, sensors, or data analytics to provide connectivity and remote access services to devices."
1154,KnowledgeSkillCompetence,http://data.europa.eu/esco/skill/1558e8f3-67c9-4be6-bf2c-c5ab7b6de5f9,skill/competence,sector-specific,operate electronic payment terminals,"perform transactions using electronic payment terminals
take payments using electronic payment devices
collect debit of credit card payments using electronic payment terminals
use electronic payment terminals
use electronic payment devices
utilise electronic payment terminals
conduct transactions using electronic payment terminals
utilise electronic payment devices
collect payments using electronic payment devices
operate electronic payment devices",,released,2024-02-09T17:29:09.009Z,,,"http://data.europa.eu/esco/concept-scheme/skills,
http://data.europa.eu/esco/concept-scheme/member-skills,
http://data.europa.eu/esco/concept-scheme/6c930acd-c104-4ece-acf7-f44fd7333036",Operate electronic payment terminals to collect credit or debit card payments from the travellers.
1167,KnowledgeSkillCompetence,http://data.europa.eu/esco/skill/15c522eb-cd6d-4b00-9d95-db20c0f8df88,knowledge,occupation-specific,energy saving potential of automated shift systems,"efficiency gains from automated shifts
efficiency gains from automated shifts systems",,released,2024-02-27T08:51:42.328Z,,,"http://data.europa.eu/esco/concept-scheme/skills,
http://data.europa.eu/esco/concept-scheme/green,
http://data.europa.eu/esco/concept-scheme/member-skills,
http://data.europa.eu/esco/concept-scheme/6c930acd-c104-4ece-acf7-f44fd7333036",Potential to save energy in automated shift systems through mechanisms such as improved efficiency and better anticipation of upcoming events.
1188,KnowledgeSkillCompetence,http://data.europa.eu/esco/skill/1605025e-a179-421f-8f35-5b07d182a6b2,knowledge,cross-sector,web analytics,,Google Analytics,released,2025-02-27T12:45:08.961Z,,,"http://data.europa.eu/esco/concept-scheme/skills,
http://data.europa.eu/esco/concept-scheme/member-skills,
http://data.europa.eu/esco/concept-scheme/6c930acd-c104-4ece-acf7-f44fd7333036","The characteristics, tools and techniques for measurement, collection, analysis and reporting of web data to get information on the users' behaviour and to improve the performance of a website."
1200,KnowledgeSkillCompetence,http://data.europa.eu/esco/skill/162c7407-14ec-43ef-a4c2-31ccd1267850,skill/competence,cross-sector,design firmware,"creating firmware
create firmware
designing firmware
firmware designing
firmware creating",,released,2024-02-09T17:29:10.678Z,,,"http://data.europa.eu/esco/concept-scheme/skills,
http://data.europa.eu/esco/concept-scheme/member-skills,
http://data.europa.eu/esco/concept-scheme/6c930acd-c104-4ece-acf7-f44fd7333036",Design the appropriate firmware to a specific electronic system.
1212,KnowledgeSkillCompetence,http://data.europa.eu/esco/skill/16636767-c215-4cf0-b126-e144fea20926,skill/competence,sector-specific,use e-health and mobile health technologies,"use mobile and e-health
use mobile health applications
use mobile health technologies
use electronic health applications and technologies
promote e-health and mobile health",,released,2024-02-09T17:29:09.851Z,,,"http://data.europa.eu/esco/concept-scheme/skills,
http://data.europa.eu/esco/concept-scheme/member-skills,
http://data.europa.eu/esco/concept-scheme/6c930acd-c104-4ece-acf7-f44fd7333036",Use mobile health technologies and e-health (online applications and services) in order to enhance the provided healthcare.
1225,KnowledgeSkillCompetence,http://data.europa.eu/esco/skill/16a00c69-9c74-4c37-96d7-6301d285e5ce,skill/competence,cross-sector,use e-services,"use online payment solutions
make use of e-services
use electronic services
engage in citizenship through digital technologies
able to use e-services
apply e-services
utilise e-services",,released,2024-02-12T08:36:46.077Z,"Includes e-commerce, e-governance, e-banking, e-health services and online payment activities.",,"http://data.europa.eu/esco/concept-scheme/skills,
http://data.europa.eu/esco/concept-scheme/member-skills,
http://data.europa.eu/esco/concept-scheme/6c930acd-c104-4ece-acf7-f44fd7333036,
http://data.europa.eu/esco/concept-scheme/digcomp",Participate in society through the use of public and private digital services. Seek opportunities for self-empowerment and for participatory citizenship through appropriate digital technologies.
1244,KnowledgeSkillCompetence,http://data.europa.eu/esco/skill/16e462b2-b8dd-4842-8c31-71d0fb4be474,knowledge,sector-specific,digital journalism,online journalism,,released,2023-11-29T16:24:58.948Z,,,"http://data.europa.eu/esco/concept-scheme/skills,
http://data.europa.eu/esco/concept-scheme/member-skills,
http://data.europa.eu/esco/concept-scheme/6c930acd-c104-4ece-acf7-f44fd7333036",The process through which the editorial content is produced through digital media and distributed through the Internet.
1255,KnowledgeSkillCompetence,http://data.europa.eu/esco/skill/172020d1-e151-445b-8173-e2a5fb16fe51,skill/competence,sector-specific,utilise computer-aided software engineering tools,"utilise CASE tools for software design
utilize CASE tools for software design
utilize computer-aided software engineering tools
utilise CASE tools
use CASE tools",,released,2024-02-23T09:38:31.552Z,,,"http://data.europa.eu/esco/concept-scheme/skills,
http://data.europa.eu/esco/concept-scheme/member-skills,
http://data.europa.eu/esco/concept-scheme/6c930acd-c104-4ece-acf7-f44fd7333036","Use software tools (CASE) to support the development lifecycle, design and implementation of software and applications of high-quality that can be easily maintained."
1262,KnowledgeSkillCompetence,http://data.europa.eu/esco/skill/17702c40-e963-4593-847e-a332b1c9357e,knowledge,sector-specific,Edmodo,"Edmodo online learning tool
Edmodo e-learning platform
Edmodo education platform",,released,2025-06-25T08:20:05.218Z,,,"http://data.europa.eu/esco/concept-scheme/skills,
http://data.europa.eu/esco/concept-scheme/member-skills,
http://data.europa.eu/esco/concept-scheme/6c930acd-c104-4ece-acf7-f44fd7333036","The education network Edmodo is an e-learning platform for creating, administrating, arranging, reporting and delivering e-learning training and connecting teachers, students and parents."
1263,KnowledgeSkillCompetence,http://data.europa.eu/esco/skill/1774bd31-8893-44cf-9498-7e3d95508419,knowledge,cross-sector,screen reader,"assistive technology for reading
text-to-speech software",JAWS,released,2023-10-26T10:18:14.199Z,,,"http://data.europa.eu/esco/concept-scheme/skills,
http://data.europa.eu/esco/concept-scheme/member-skills,
http://data.europa.eu/esco/concept-scheme/6c930acd-c104-4ece-acf7-f44fd7333036","Software program which converts screen elements such as text, images, or buttons, displayed in the computer into Braille or speech. Assistive technology used by visually impaired or blind people to interpret what appears on the computer screen through braille output, audio icons or speech synthesisers."
1281,KnowledgeSkillCompetence,http://data.europa.eu/esco/skill/17c9a790-5664-4673-8237-c4cf3c5a8da5,skill/competence,cross-sector,conduct impact evaluation of ICT processes on business,"evaluate ICT process impact
carry out ICT process impact evaluation",,released,2025-06-25T08:45:06.159Z,,,"http://data.europa.eu/esco/concept-scheme/skills,
http://data.europa.eu/esco/concept-scheme/member-skills,
http://data.europa.eu/esco/concept-scheme/6c930acd-c104-4ece-acf7-f44fd7333036",Evaluate the tangible consequences of the implementation of new ICT systems and functions on the current business structure and organisational procedures.
1308,KnowledgeSkillCompetence,http://data.europa.eu/esco/skill/1859883d-c047-4fe1-8e74-7bb4385d6ad2,skill/competence,sector-specific,apply 3D imaging techniques,"create 3D vector graphics
apply curve modelling
apply digital scuplting
edit point clouds
implement 3D imaging techniques",,released,2025-06-25T12:15:04.406Z,,,"http://data.europa.eu/esco/concept-scheme/skills,
http://data.europa.eu/esco/concept-scheme/member-skills,
http://data.europa.eu/esco/concept-scheme/6c930acd-c104-4ece-acf7-f44fd7333036","Implement a variety of techniques such as digital sculpting, curve modelling and 3D scanning to create, edit, preserve and use 3D images, such as point clouds, 3D vector graphic and 3D surface shapes."
1326,KnowledgeSkillCompetence,http://data.europa.eu/esco/skill/18ab25a5-ce2d-4cd5-b7b0-3890f595f77d,skill/competence,sector-specific,manage alarm system,"alarm device
intrusion detection system",,released,2024-02-09T17:29:12.952Z,,,"http://data.europa.eu/esco/concept-scheme/skills,
http://data.europa.eu/esco/concept-scheme/member-skills,
http://data.europa.eu/esco/concept-scheme/6c930acd-c104-4ece-acf7-f44fd7333036",Set up and maintain system for detection of intrusions and unauthorised entries into a facility.
1341,KnowledgeSkillCompetence,http://data.europa.eu/esco/skill/18eeffee-2879-42e0-b5fe-5739c6883a01,skill/competence,occupation-specific,develop data link services for navigation purposes,"develop data link services for air-ground communication
apply data link services for air-ground communication
implement satellite technologies and data link services for navigation purposes
apply data link services and satellite technologies for navigation purposes
implement data link services and satellite technologies for navigation purposes
create data link services for air-ground communication
develop data link services for air-ground communication operations
create data link services for navigation purposes
apply satellite technologies for air-ground communication
develop data link services for navigation",,released,2024-02-09T17:29:10.678Z,,,"http://data.europa.eu/esco/concept-scheme/skills,
http://data.europa.eu/esco/concept-scheme/member-skills,
http://data.europa.eu/esco/concept-scheme/6c930acd-c104-4ece-acf7-f44fd7333036",Develop and implement data link services and satellite technologies for air-ground communication operations.
1361,KnowledgeSkillCompetence,http://data.europa.eu/esco/skill/1973c966-f236-40c9-b2d4-5d71a89019be,skill/competence,cross-sector,use spreadsheets software,"Google Sheets
PlanMaker
Gnumeric
OxygenOffice Professional Calc
ResolverOne
ThinkFree Office Calc
CellPro
Simple Spreadsheet
Corel Calculate
MS Excel
wikiCalc
Calligra Sheets
QT Calc Express
Lotus 1-2-3
Quantrix Modeler
Dolphinity Planner
Kingsoft Spreadsheet
Sheetster
Accel Spreadsheet
LibreOffice Calc
Microsoft Office Excel
use spreadsheets program
IBM Lotus Symphony Spreadsheets
Household Budget Worksheet
design spreadsheets
Myrtle
Ability Office Spreadsheet
DhtmlxSpreadsheet
OOo4Kids Calc
Lotus Improv
Sphygmic Software Spreadsheet
Zoho Sheet","Gnumeric
ThinkFree Office Calc
Corel Calculate
Lotus 1-2-3
Kingsoft Spreadsheet
ResolverOne
Sheetster
Dolphinity Planner
OOo4Kids Calc
Zoho Sheet
Household Budget Worksheet
Microsoft Office Excel
Myrtle
Google Sheets
PlanMaker
Lotus Improv
LibreOffice Calc
IBM Lotus Symphony Spreadsheets
Calligra Sheets
Accel Spreadsheet
Sphygmic Software Spreadsheet
DhtmlxSpreadsheet
QT Calc Express
Quantrix Modeler
Ability Office Spreadsheet
OxygenOffice Professional Calc
wikiCalc
Simple Spreadsheet
CellPro",released,2025-04-16T09:58:38.25Z,,,"http://data.europa.eu/esco/concept-scheme/skills,
http://data.europa.eu/esco/concept-scheme/member-skills,
http://data.europa.eu/esco/concept-scheme/6c930acd-c104-4ece-acf7-f44fd7333036","Use software tools to create and edit tabular data to carry out mathematical calculations, organise data and information, create diagrams based on data and to retrieve them."
1375,KnowledgeSkillCompetence,http://data.europa.eu/esco/skill/19a8293b-8e95-4de3-983f-77484079c389,knowledge,sector-specific,Java (computer programming),"Java 2
Java 2 enterprise edition
Java",,released,2025-04-16T10:01:06.975Z,,,"http://data.europa.eu/esco/concept-scheme/skills,
http://data.europa.eu/esco/concept-scheme/member-skills,
http://data.europa.eu/esco/concept-scheme/6c930acd-c104-4ece-acf7-f44fd7333036","The techniques and principles of software development, such as analysis, algorithms, coding, testing and compiling of programming paradigms in Java."
1383,KnowledgeSkillCompetence,http://data.europa.eu/esco/skill/19c0e68e-6e6c-4698-85dc-ef66a9de2c37,skill/competence,cross-sector,maintain information network hardware,"maintaining information network hardware
maintain network hardware
keep information network hardware in good condition
oversee information network hardware
keep up information network hardware",,released,2024-02-09T17:29:09.851Z,,,"http://data.europa.eu/esco/concept-scheme/skills,
http://data.europa.eu/esco/concept-scheme/member-skills,
http://data.europa.eu/esco/concept-scheme/6c930acd-c104-4ece-acf7-f44fd7333036","Assess the functionality and identify faults in the infrastructure of an information network, perform routine maintenance tasks which prevent failure and repair tasks in order to ensure permanent availability to system users."
1406,KnowledgeSkillCompetence,http://data.europa.eu/esco/skill/1a165a9b-2006-49e1-90b8-c0709933b4a3,skill/competence,sector-specific,use a complex communication system,"use complex communication systems
employ a complex communication system
using a complex communication system
utilize a complex communication system",,released,2025-02-27T12:45:08.961Z,,,"http://data.europa.eu/esco/concept-scheme/skills,
http://data.europa.eu/esco/concept-scheme/member-skills,
http://data.europa.eu/esco/concept-scheme/6c930acd-c104-4ece-acf7-f44fd7333036",Install and operate complex communication systems.
1417,KnowledgeSkillCompetence,http://data.europa.eu/esco/skill/1a4cc54f-1e53-442b-a6d2-1682dc8ef8f9,skill/competence,cross-sector,creatively use digital technologies,"use digital technologies for cognitive tasks
use digital technologies for process innovation
use digital technologies for product innovation
use digital technologies to resolve conceptual problems
use digital technologies for problem-solving in digital environments",,released,2025-06-25T12:15:04.406Z,,,"http://data.europa.eu/esco/concept-scheme/skills,
http://data.europa.eu/esco/concept-scheme/member-skills,
http://data.europa.eu/esco/concept-scheme/6c930acd-c104-4ece-acf7-f44fd7333036,
http://data.europa.eu/esco/concept-scheme/digcomp",Use digital tools and technologies to create knowledge and to innovate processes and products. Engage individually and collectively in cognitive processing to understand and resolve conceptual problems and problem situations in digital environments.
1439,KnowledgeSkillCompetence,http://data.europa.eu/esco/skill/1abcc511-ba5a-42e0-8d88-7efb39af4c36,skill/competence,sector-specific,operate automatic cutting systems for footwear and leather goods,"operate automatic cutting systems for footwear
use automatic cutting systems for footwear and leather goods
use automatic cutting systems for footwear and leatherwear
use automatic cutting systems for footwear and leather products
operate automatic cutting systems for footwear and leatherwear
operate automatic cutting systems for leather goods",,released,2024-02-09T17:29:16.725Z,,,"http://data.europa.eu/esco/concept-scheme/skills,
http://data.europa.eu/esco/concept-scheme/member-skills,
http://data.europa.eu/esco/concept-scheme/6c930acd-c104-4ece-acf7-f44fd7333036","Work with the equipment's software. Digitise and mark the leather areas with faults in order to avoid them. Establish nesting and cutting restrictions for each pattern. Pick up, sort, upload patterns, check and complete cutting orders. Adjust the machines and equipment parameters and perform simple procedures for maintenance."
1448,KnowledgeSkillCompetence,http://data.europa.eu/esco/skill/1adec82b-e32b-4acc-bd89-e7d61d387161,skill/competence,occupation-specific,record audio materials,"capture audio materials
record audio
audio recording
audio material recording",,released,2024-02-09T17:29:15.968Z,,,"http://data.europa.eu/esco/concept-scheme/skills,
http://data.europa.eu/esco/concept-scheme/member-skills,
http://data.europa.eu/esco/concept-scheme/6c930acd-c104-4ece-acf7-f44fd7333036","Record materials such as books, newspapers, and educational materials in audio format. Enhance written texts by adding audio complements or making them otherwise accessible to visually impaired people."
1462,KnowledgeSkillCompetence,http://data.europa.eu/esco/skill/1b2889c2-154d-4e5f-b7d1-bd1f07df86ab,skill/competence,sector-specific,create animated narratives,"create narratives that are animated
create narratives using animation
develop narratives using animation
create narrative using animation techniques",,released,2024-02-09T17:29:11.47Z,,,"http://data.europa.eu/esco/concept-scheme/skills,
http://data.europa.eu/esco/concept-scheme/member-skills,
http://data.europa.eu/esco/concept-scheme/6c930acd-c104-4ece-acf7-f44fd7333036","Develop animated narrative sequences and story lines, using computer software and hand drawing techniques."
1478,KnowledgeSkillCompetence,http://data.europa.eu/esco/skill/1b70a55d-b8a4-49fc-96c6-15ab4cff2522,skill/competence,cross-sector,use data processing techniques,"use a data processing technique
apply data processing technique
make use of data processing techniques
utilize data processing techniques
gather and analyse data",,released,2024-02-09T17:29:13.7Z,,,"http://data.europa.eu/esco/concept-scheme/skills,
http://data.europa.eu/esco/concept-scheme/member-skills,
http://data.europa.eu/esco/concept-scheme/6c930acd-c104-4ece-acf7-f44fd7333036","Gather, process and analyse relevant data and information, properly store and update data and represent figures and data using charts and statistical diagrams."
1482,KnowledgeSkillCompetence,http://data.europa.eu/esco/skill/1b7c716e-af95-4cda-a42f-6479c8b139f5,knowledge,sector-specific,MDX,MultiDimensional eXpressions,,released,2024-02-09T17:29:14.494Z,,,"http://data.europa.eu/esco/concept-scheme/skills,
http://data.europa.eu/esco/concept-scheme/member-skills,
http://data.europa.eu/esco/concept-scheme/6c930acd-c104-4ece-acf7-f44fd7333036",The computer language MDX is a query language for retrieval of information from a database and of documents containing the needed information. It is developed by the software company Microsoft.
1497,KnowledgeSkillCompetence,http://data.europa.eu/esco/skill/1bba98a7-92b9-450b-9235-e0c905f8f3c4,knowledge,sector-specific,information architecture,"data architecture
information system design",,released,2025-06-25T08:20:05.218Z,,,"http://data.europa.eu/esco/concept-scheme/skills,
http://data.europa.eu/esco/concept-scheme/member-skills,
http://data.europa.eu/esco/concept-scheme/6c930acd-c104-4ece-acf7-f44fd7333036","The methods through which information is generated, structured, stored, maintained, linked, exchanged and used."
1501,KnowledgeSkillCompetence,http://data.europa.eu/esco/skill/1bc718b6-ed90-4a9d-9fa7-8cec928a4581,skill/competence,occupation-specific,use creative suite software,"apply creative suite software
operate creative suite software
creative suite software use
using creative suite software
employ creative suite software",,released,2024-02-09T17:29:12.952Z,,,"http://data.europa.eu/esco/concept-scheme/skills,
http://data.europa.eu/esco/concept-scheme/member-skills,
http://data.europa.eu/esco/concept-scheme/6c930acd-c104-4ece-acf7-f44fd7333036",Use a creative software suite such as ''Adobe'' to aid in graphic designing.
1516,KnowledgeSkillCompetence,http://data.europa.eu/esco/skill/1c00bc98-2713-4c62-82c5-6d86f2e6a4cb,knowledge,sector-specific,principles of animation,"kinematics
body motion animation principles
character animation
body motion technique
body motion animation techniques",,released,2025-06-25T08:20:05.218Z,,,"http://data.europa.eu/esco/concept-scheme/skills,
http://data.europa.eu/esco/concept-scheme/member-skills,
http://data.europa.eu/esco/concept-scheme/6c930acd-c104-4ece-acf7-f44fd7333036","The principles of 2D and 3D animation, such as body motion, kinematics, overshoot, anticipation, squash and stretch."
1520,KnowledgeSkillCompetence,http://data.europa.eu/esco/skill/1c2978b8-bb0d-4249-9c23-877571a4dffa,knowledge,sector-specific,cloud security and compliance,"cloud safety and compliance
cloud safety
cloud security
cloud compliance",,released,2022-07-05T14:37:59.932Z,,,"http://data.europa.eu/esco/concept-scheme/skills,
http://data.europa.eu/esco/concept-scheme/member-skills,
http://data.europa.eu/esco/concept-scheme/6c930acd-c104-4ece-acf7-f44fd7333036","Cloud security and compliance concepts, including shared responsibility model, cloud access management capabilities, and resources for security support."
1525,KnowledgeSkillCompetence,http://data.europa.eu/esco/skill/1c43679a-c6fc-4b42-bb8b-452a34ae9b73,skill/competence,sector-specific,use chromatography software,"chromatography software using
chromatography software applying
applying chromatography software
using chromatography software
apply chromatography software",,released,2024-02-09T17:29:15.968Z,,,"http://data.europa.eu/esco/concept-scheme/skills,
http://data.europa.eu/esco/concept-scheme/member-skills,
http://data.europa.eu/esco/concept-scheme/6c930acd-c104-4ece-acf7-f44fd7333036",Use the chromatography data system software which collects and analyses the chromatography detectors results.
1542,KnowledgeSkillCompetence,http://data.europa.eu/esco/skill/1c7fbce8-741b-416a-8b34-f9900e0ddd52,knowledge,sector-specific,Shiva (digital game creation systems),Shiva,,released,2022-07-05T14:34:09.904Z,,,"http://data.europa.eu/esco/concept-scheme/skills,
http://data.europa.eu/esco/concept-scheme/member-skills,
http://data.europa.eu/esco/concept-scheme/6c930acd-c104-4ece-acf7-f44fd7333036","The cross-platform game engine which is a software framework that consists of integrated development environments and specialised design tools, designed for the rapid iteration of user-derived computer games."
1543,KnowledgeSkillCompetence,http://data.europa.eu/esco/skill/1c8327dd-9af0-4124-9c4e-0342d90189d4,skill/competence,cross-sector,design pharmaceutical manufacturing systems,"designing pharmaceutical manufacturing systems
pharmaceutical production systems design
pharmaceutical manufacturing systems design
pharmaceutical manufacturing systems designing
pharmaceutical production systems designing
designing pharmaceutical production systems",,released,2024-02-09T17:29:12.215Z,,,"http://data.europa.eu/esco/concept-scheme/skills,
http://data.europa.eu/esco/concept-scheme/member-skills,
http://data.europa.eu/esco/concept-scheme/6c930acd-c104-4ece-acf7-f44fd7333036",Design production control systems which involve all processes from pharmaceutical production process to pharmaceutical stocks with the purpose of providing the correct input for the development of pharmaceutica manufacturing plant software packages.
1544,KnowledgeSkillCompetence,http://data.europa.eu/esco/skill/1c8658c0-8f1e-4bf1-8e81-0a3a6033847e,skill/competence,sector-specific,wire security sensors,"security sensor control panel wiring
wiring of security sensor control panel
wiring security sensor control panel
wiring of burglar alarm
security sensor wiring
wiring of security sensors
wiring security sensors
connecting burglar alarm wiring
connect burglar alarm wiring",,released,2024-02-09T17:29:09.009Z,,,"http://data.europa.eu/esco/concept-scheme/skills,
http://data.europa.eu/esco/concept-scheme/member-skills,
http://data.europa.eu/esco/concept-scheme/6c930acd-c104-4ece-acf7-f44fd7333036",Draw wires from the correct contact points in a variety of security sensors to the control panel. Make sure the wiring plan of the control panel is clear and effective.
1561,KnowledgeSkillCompetence,http://data.europa.eu/esco/skill/1ce4cddd-4a74-458e-a2d4-152ca939475a,knowledge,sector-specific,OWASP ZAP,"OWASP Zed
OWASP Zed Attack Proxy",,released,2024-02-09T17:29:17.515Z,,,"http://data.europa.eu/esco/concept-scheme/skills,
http://data.europa.eu/esco/concept-scheme/member-skills,
http://data.europa.eu/esco/concept-scheme/6c930acd-c104-4ece-acf7-f44fd7333036","The integrated testing tool OWASP Zed Attack Proxy (ZAP) is a specialised tool which tests web applications security weaknesses, replying on an automated scanner and a REST API."
1593,KnowledgeSkillCompetence,http://data.europa.eu/esco/skill/1d6c7de4-350e-4868-a47b-333b4b0d9650,skill/competence,cross-sector,"evaluate data, information and digital content","evaluate digital content
evaluate digital data",,released,2024-02-09T17:29:13.7Z,,,"http://data.europa.eu/esco/concept-scheme/skills,
http://data.europa.eu/esco/concept-scheme/member-skills,
http://data.europa.eu/esco/concept-scheme/6c930acd-c104-4ece-acf7-f44fd7333036,
http://data.europa.eu/esco/concept-scheme/digcomp","Analyse, compare and critically evaluate the credibility and reliability of sources of data, information and digital content. Analyse, interpret and critically evaluate the data, information and digital content."
1602,KnowledgeSkillCompetence,http://data.europa.eu/esco/skill/1d86f05e-e9cc-40ce-99d8-2b21cc71b16b,knowledge,sector-specific,solution deployment,"implementation of solutions
software solution deployment",,released,2025-06-25T08:20:05.218Z,,,"http://data.europa.eu/esco/concept-scheme/skills,
http://data.europa.eu/esco/concept-scheme/member-skills,
http://data.europa.eu/esco/concept-scheme/6c930acd-c104-4ece-acf7-f44fd7333036","The technologies and standards to be used during the installation, deployment and maintenance of software characteristics."
1615,KnowledgeSkillCompetence,http://data.europa.eu/esco/skill/1de3942b-99d8-41e8-9ef0-fbc9e9f6307b,knowledge,sector-specific,Drupal,"Drupal web platform
Drupal CMS
Drupal content management system",,released,2025-06-25T08:20:05.218Z,,,"http://data.europa.eu/esco/concept-scheme/skills,
http://data.europa.eu/esco/concept-scheme/member-skills,
http://data.europa.eu/esco/concept-scheme/6c930acd-c104-4ece-acf7-f44fd7333036","The open-source web-based software system written in PHP, used for creating, editing, publishing and archiving blogs, articles, web pages or press releases, which requires a higher level of technical understanding of HTML, CSS and PHP."
1648,KnowledgeSkillCompetence,http://data.europa.eu/esco/skill/1e7ed56a-6d6b-422f-962e-38543d150755,skill/competence,sector-specific,manage changes in ICT system,ICT system upgrade,,released,2024-02-09T17:29:09.851Z,,,"http://data.europa.eu/esco/concept-scheme/skills,
http://data.europa.eu/esco/concept-scheme/member-skills,
http://data.europa.eu/esco/concept-scheme/6c930acd-c104-4ece-acf7-f44fd7333036","Plan, realise and monitor system changes and upgrades. Maintain earlier system versions. Revert, if necessary, to a safe older system version."
1664,KnowledgeSkillCompetence,http://data.europa.eu/esco/skill/1ebc1454-b6cb-4e45-a96a-17399961ad39,skill/competence,occupation-specific,manage technical security systems,"managing technical security systems
manage security systems
manage technical security system
be in charge of technical security systems
oversee technical security systems",,released,2024-02-09T17:29:12.215Z,,,"http://data.europa.eu/esco/concept-scheme/skills,
http://data.europa.eu/esco/concept-scheme/member-skills,
http://data.europa.eu/esco/concept-scheme/6c930acd-c104-4ece-acf7-f44fd7333036","Verify the operation of technical security systems such as cameras, badge readers or X-ray machines."
1672,KnowledgeSkillCompetence,http://data.europa.eu/esco/skill/1f0fbd17-56b7-45cd-b841-e7d9e2a5a14e,skill/competence,sector-specific,identify blockchain innovation opportunities,"use blockchain to drive innovation
analyse blockchain-based business innovation",,released,2023-11-29T16:34:44.259Z,,,"http://data.europa.eu/esco/concept-scheme/skills,
http://data.europa.eu/esco/concept-scheme/member-skills,
http://data.europa.eu/esco/concept-scheme/6c930acd-c104-4ece-acf7-f44fd7333036","Identify blockchain innovation opportunities through the introduction of blockchain-based solutions, within a particular sector, but also across sectors. Understand the consequences of essential blockchain properties such as transparency and security for driving forward innovations."
1673,KnowledgeSkillCompetence,http://data.europa.eu/esco/skill/1f1bef0f-2484-4136-a5bf-6ed80346a671,skill/competence,sector-specific,solve problems in gambling through digital means,"solve gambling problems through digital means
work out gambling problems through digital means
find a solution to problems in gambling through information technology
solving problems in gambling through digital means",,released,2024-02-09T17:29:14.494Z,,,"http://data.europa.eu/esco/concept-scheme/skills,
http://data.europa.eu/esco/concept-scheme/member-skills,
http://data.europa.eu/esco/concept-scheme/6c930acd-c104-4ece-acf7-f44fd7333036","Use ICT resources, tools and competence in order to solve gambling, betting and lottery problems such as game operation problems."
1705,KnowledgeSkillCompetence,http://data.europa.eu/esco/skill/1fa420ed-5378-4258-8d7a-9ec274dda927,skill/competence,occupation-specific,operate control panels,"operate control panel
run control panels
operating control panels
use control panels",,released,2024-02-09T17:29:09.851Z,,,"http://data.europa.eu/esco/concept-scheme/skills,
http://data.europa.eu/esco/concept-scheme/member-skills,
http://data.europa.eu/esco/concept-scheme/6c930acd-c104-4ece-acf7-f44fd7333036","Use control panels to steer mechanisms, like automatic gates or machines."
1709,KnowledgeSkillCompetence,http://data.europa.eu/esco/skill/1fc03dc8-0ee0-4876-83ec-86e0bfcb3876,knowledge,cross-sector,crowdfunding,"crowdsourcing funds
collective funding",,released,2024-03-01T11:48:19.432Z,,,"http://data.europa.eu/esco/concept-scheme/skills,
http://data.europa.eu/esco/concept-scheme/member-skills,
http://data.europa.eu/esco/concept-scheme/6c930acd-c104-4ece-acf7-f44fd7333036","The process of collecting money via internet to fund a project or a business, using digital strategies to collect small amounts of money from a large group of contributors."
1729,KnowledgeSkillCompetence,http://data.europa.eu/esco/skill/1ffac4ac-fda7-407d-8ed1-ca8f4a8dc146,knowledge,sector-specific,Angular,"Angular related algorithms
testing in Angular
programming paradigms in Angular
coding in Angular
Angular techniques and principles",,released,2024-02-23T08:56:58.157Z,,,"http://data.europa.eu/esco/concept-scheme/skills,
http://data.europa.eu/esco/concept-scheme/member-skills,
http://data.europa.eu/esco/concept-scheme/6c930acd-c104-4ece-acf7-f44fd7333036","The techniques and principles of software development, such as analysis, algorithms, coding, testing and compiling of programming paradigms in Angular."
1752,KnowledgeSkillCompetence,http://data.europa.eu/esco/skill/206f5738-e91f-4390-84a2-fcb864bc11b1,skill/competence,cross-sector,use specialised computer models for weather forecasting,"utilise specialised computer modelling software for weather forecasting
anticipate weather conditions through use of computer models
use specialized computer models for weather forecasting
utilise specialised computer models for weather forecasting
develop weather forecasts using computer models
anticipate weather conditions through use of computer modelling software
develop long and short term weather forecasts using computer models
use specialised computer modelling software for weather forecasting
utilise specialised computer models for weather forecasts
use specialised computer models for weather forecasts
develop long and short term weather forecasts using computer modelling software",,released,2022-07-05T14:34:21.232Z,,,"http://data.europa.eu/esco/concept-scheme/skills,
http://data.europa.eu/esco/concept-scheme/member-skills,
http://data.europa.eu/esco/concept-scheme/6c930acd-c104-4ece-acf7-f44fd7333036",Make short-term and long-term weather forecasts applying physical and mathematical formulae; understand specialised computer modelling applications.
1771,KnowledgeSkillCompetence,http://data.europa.eu/esco/skill/20c6a2ec-ef98-4f95-8a16-c8006d9242ba,skill/competence,sector-specific,set up sound equipment,"set up sound gear
set up sound apparatus
set up sound devices
set up sound instruments
setting up sound equipment",,released,2024-02-09T17:29:12.952Z,,,"http://data.europa.eu/esco/concept-scheme/skills,
http://data.europa.eu/esco/concept-scheme/member-skills,
http://data.europa.eu/esco/concept-scheme/6c930acd-c104-4ece-acf7-f44fd7333036",Set up equipment to record sound. Test acoustics and make adjustments.
1772,KnowledgeSkillCompetence,http://data.europa.eu/esco/skill/20c920d4-7ff7-4676-ba61-3f04490d9416,skill/competence,sector-specific,keep up with the latest information systems solutions,keep up with the latest information systems,,released,2024-02-09T17:29:13.7Z,,,"http://data.europa.eu/esco/concept-scheme/skills,
http://data.europa.eu/esco/concept-scheme/member-skills,
http://data.europa.eu/esco/concept-scheme/6c930acd-c104-4ece-acf7-f44fd7333036","Gather the latest information on existing information systems solutions which integrate software and hardware, as well as network components."
1780,KnowledgeSkillCompetence,http://data.europa.eu/esco/skill/20eb4c72-2a50-4a68-acb0-7e0d4559c097,skill/competence,occupation-specific,set up consumer electronics,"setting up consumer electronics
install consumer electronics
install electronics equipment
set up electronics",,released,2024-02-09T17:29:10.678Z,,,"http://data.europa.eu/esco/concept-scheme/skills,
http://data.europa.eu/esco/concept-scheme/member-skills,
http://data.europa.eu/esco/concept-scheme/6c930acd-c104-4ece-acf7-f44fd7333036","Connect electronic devices, such as TVs, audio and video equipment and cameras, to the electricity network and perform electrical bonding to avoid dangerous potential differences. Test the installation for proper functioning."
1790,KnowledgeSkillCompetence,http://data.europa.eu/esco/skill/211e4a02-69a6-494e-b94a-93741e2a3a0b,skill/competence,sector-specific,disassemble mobile devices,"disassemble cell phone devices
assemble cell phone
reassemble mobile devices
assemble mobile phone
assemble mobile devices",,released,2022-07-05T14:37:59.932Z,It includes mobile phones and tablets.,,"http://data.europa.eu/esco/concept-scheme/skills,
http://data.europa.eu/esco/concept-scheme/member-skills,
http://data.europa.eu/esco/concept-scheme/6c930acd-c104-4ece-acf7-f44fd7333036","Deconstruct mobile devices in order to analyse faults, perform replacement or recycle parts."
1805,KnowledgeSkillCompetence,http://data.europa.eu/esco/skill/2164e860-7f20-48bc-b98c-5d9f8a561550,skill/competence,sector-specific,design computer network,"design LAN
design wide area network
design WAN
design local area network",,released,2025-06-25T12:15:04.406Z,,,"http://data.europa.eu/esco/concept-scheme/skills,
http://data.europa.eu/esco/concept-scheme/member-skills,
http://data.europa.eu/esco/concept-scheme/6c930acd-c104-4ece-acf7-f44fd7333036","Develop and plan ICT networks, such as wide area network and local area network, that connect computers using cable or wireless connections and allow them to exchange data and assess their capacity requirements."
1808,KnowledgeSkillCompetence,http://data.europa.eu/esco/skill/216e5ea6-c683-4945-9f96-03483dc56d9f,skill/competence,occupation-specific,repair lockable devices,"fix latches
repair lockable device
fix locks
repair locks
fix lockable devices
repair latches
repairing lockable devices
fix padlocks
repair devices which are lockable
repair padlocks",,released,2024-02-09T17:29:10.678Z,,,"http://data.europa.eu/esco/concept-scheme/skills,
http://data.europa.eu/esco/concept-scheme/member-skills,
http://data.europa.eu/esco/concept-scheme/6c930acd-c104-4ece-acf7-f44fd7333036","Provide repairing and troubleshooting services for automatic door openers, door closing devices and other access control systems, in compliance with specifications."
1810,KnowledgeSkillCompetence,http://data.europa.eu/esco/skill/2174c1b0-e13c-4850-8e4d-2bc6183018bf,knowledge,sector-specific,cryptocurrency,"crypto
digital currency",,released,2023-11-29T16:27:59.03Z,,,"http://data.europa.eu/esco/concept-scheme/skills,
http://data.europa.eu/esco/concept-scheme/member-skills,
http://data.europa.eu/esco/concept-scheme/6c930acd-c104-4ece-acf7-f44fd7333036","Digital and encrypted currency or medium of exchange with decentralized network grounded on blockchain technology, since the value of the cryptocurrency is not managed or maintained by central authorities, as is the case with the Euro."
1813,KnowledgeSkillCompetence,http://data.europa.eu/esco/skill/2180bd8c-86de-4889-8165-adac902eee9d,knowledge,sector-specific,embedded systems,"embedded systems software architectures
embedded software",,released,2025-04-11T13:10:40.497Z,,,"http://data.europa.eu/esco/concept-scheme/skills,
http://data.europa.eu/esco/concept-scheme/member-skills,
http://data.europa.eu/esco/concept-scheme/6c930acd-c104-4ece-acf7-f44fd7333036","The computer systems and components with a specialised and autonomous function within a larger system or machine such as embedded systems software architectures, embedded peripherals, design principles and development tools."
1818,KnowledgeSkillCompetence,http://data.europa.eu/esco/skill/219dd03d-4168-416a-be40-f4becca55130,knowledge,sector-specific,Engrade,Engrade e-learning platform,,released,2025-06-25T08:20:05.218Z,,,"http://data.europa.eu/esco/concept-scheme/skills,
http://data.europa.eu/esco/concept-scheme/member-skills,
http://data.europa.eu/esco/concept-scheme/6c930acd-c104-4ece-acf7-f44fd7333036","The computer program Engrade is a e-learning platform for creating, administrating, arranging, reporting and delivering e-learning education courses or training programs."
1830,KnowledgeSkillCompetence,http://data.europa.eu/esco/skill/21d2f96d-35f7-4e3f-9745-c533d2dd6e97,knowledge,cross-sector,computer programming,"GCC
Ada
ALGOL
Visual Basic .NET
Visual Basic
HyperTalk
AppleScript
Ceylon
LabVIEW
Euphoria
Subversion
OCaml
PL/I
MSVC++
Dylan
AspectJ
Korn-shell
STL
Io
Hack
Turing
Object Pascal
Curl
DIBOL
cT
KnockoutJS
bash
Seed7
Emacs Lisp
OpenCV
Rebol
Lua
BCPL
ActionScript
C shell
AWK
INTERCAL
COMAL
PowerShell
occam
Fantom
Caml
Z shell
Tcl
Squirrel-script
IDL
Gosu
Fortran
X10
AngularJS
REXX
BizTalk
ColdFusion
PostScript
TACL","GCC
Ada
ALGOL
LabVIEW
Euphoria
PL/I
MSVC++
HyperTalk
Dylan
X10
Hack
bash
Object Pascal
KnockoutJS
ColdFusion
Io
Squirrel-script
Gosu
Turing
Emacs Lisp
BizTalk
Fortran
OpenCV
cT
AppleScript
Fantom
COMAL
Kotlin
Web Design
OCaml
Seed7
Caml
Curl
occam
IDL
INTERCAL
Lua
STL
AWK
AngularJS
Visual Basic .NET
AspectJ
REXX
Visual Basic
BCPL
Rebol
PostScript
DIBOL
Korn-shell
Ceylon
TACL
C shell
Subversion
PowerShell
ActionScript
Z shell
Tcl",released,2025-02-27T12:45:08.961Z,,,"http://data.europa.eu/esco/concept-scheme/skills,
http://data.europa.eu/esco/concept-scheme/member-skills,
http://data.europa.eu/esco/concept-scheme/6c930acd-c104-4ece-acf7-f44fd7333036,
http://data.europa.eu/esco/concept-scheme/digcomp","The techniques and principles of software development, such as analysis, algorithms, coding, testing and compiling of programming paradigms (e.g. object oriented programming, functional programming) and of programming languages."
1835,KnowledgeSkillCompetence,http://data.europa.eu/esco/skill/21dd999b-c5cc-4cec-8a9f-33f07079c12e,knowledge,sector-specific,broadcast equipment,"broadcast devices
broadcast instruments
broadcast gear
broadcasting equipment
broadcast apparatus",,released,2024-02-09T17:29:12.215Z,,,"http://data.europa.eu/esco/concept-scheme/skills,
http://data.europa.eu/esco/concept-scheme/member-skills,
http://data.europa.eu/esco/concept-scheme/6c930acd-c104-4ece-acf7-f44fd7333036","The use and operation of broadcast equipment such as broadcast consoles, routers, microphones, dual compressors, and other machinery."
1853,KnowledgeSkillCompetence,http://data.europa.eu/esco/skill/22225017-a02e-4171-8775-64c3adc87512,knowledge,cross-sector,automatic meter reading,"smart metering
smart meter reading
automatically reading meters
automatically reading meter
remote meter reading
meter reading automatically",,released,2024-02-09T17:29:14.494Z,,,"http://data.europa.eu/esco/concept-scheme/skills,
http://data.europa.eu/esco/concept-scheme/member-skills,
http://data.europa.eu/esco/concept-scheme/6c930acd-c104-4ece-acf7-f44fd7333036","Mobile, network and handheld technologies used to automatically acquire data on energy and water consumption, and forward them to the central database for sending invoices or performing analysis."
1862,KnowledgeSkillCompetence,http://data.europa.eu/esco/skill/224423a6-ac6a-4b3e-be7c-e38b41f82116,skill/competence,sector-specific,use water navigation devices,"employ water navigation equipment
utilise specialist equipment to navigate bodies of water
use specialist equipment to perform water navigation
perform activities using water navigation devices
use water navigation equipment
perform activities using water navigation equipment
use specialist equipment to execute water navigation
operate water navigation equipment
operate water navigation devices
employ water navigation devices
utilise water navigation equipment
utilise water navigation devices
navigate water through use of specialist equipment",,released,2024-02-09T17:29:11.47Z,,,"http://data.europa.eu/esco/concept-scheme/skills,
http://data.europa.eu/esco/concept-scheme/member-skills,
http://data.europa.eu/esco/concept-scheme/6c930acd-c104-4ece-acf7-f44fd7333036","Utilise water navigation devices, e.g. compass or sextant, or navigational aids such as lighthouses or buoys, radar, satellite, and computer systems, in order to navigate vessels on waterways. Work with recent charts/maps, notices, and publications in order to determine the precise position of a vessel."
1907,KnowledgeSkillCompetence,http://data.europa.eu/esco/skill/234aeb8d-56c3-4531-9193-1c5e6a8d16cb,skill/competence,cross-sector,use presentation software,"Kingsoft Office Presentation
Corel Presentations
using presentation software
Slide Bureau
make use of presentation software
CustomShow
SnagIt
Adobe Persuation
Preseria
Haiku Deck
Google Slides
Adobe Ovation
LibreOffice Impress
Evernote Presentations
Prezi
ClearSlide
Emaze
SlideShare
VisualBee
MediaShout
SlideDog
able to use presentation software
Slideshark
produce electronic presentations
utilise presentation software
Microsoft Office PowerPoint
apply presentation software
use presentation program
Articulate Presenter
Powtoon
GoAnimate
KnowledgeVision
Kineticast
use slide show software","Kingsoft Office Presentation
Corel Presentations
SnagIt
Slide Bureau
Haiku Deck
Prezi
ClearSlide
Emaze
VisualBee
MediaShout
Adobe Ovation
Google Slides
Slideshark
SlideDog
Evernote Presentations
Adobe Persuation
LibreOffice Impress
Preseria
CustomShow
SlideShare
Articulate Presenter
Microsoft Office PowerPoint
GoAnimate
KnowledgeVision
Kineticast
Powtoon",released,2024-02-09T17:29:15.968Z,,,"http://data.europa.eu/esco/concept-scheme/skills,
http://data.europa.eu/esco/concept-scheme/member-skills,
http://data.europa.eu/esco/concept-scheme/6c930acd-c104-4ece-acf7-f44fd7333036","Use software tools to create digital presentations which combine various elements, such as graphs, images, text and other multimedia."
1921,KnowledgeSkillCompetence,http://data.europa.eu/esco/skill/238343b1-7b51-42b3-a9ed-cf24d3a236e7,skill/competence,cross-sector,identify digital competence gaps,identify areas for improvement in digital skills,,released,2025-06-25T12:15:04.406Z,,,"http://data.europa.eu/esco/concept-scheme/skills,
http://data.europa.eu/esco/concept-scheme/member-skills,
http://data.europa.eu/esco/concept-scheme/6c930acd-c104-4ece-acf7-f44fd7333036,
http://data.europa.eu/esco/concept-scheme/digcomp",Understand where one’s own digital competence needs to be improved or updated. Be able to support others with their digital competence development. Seek opportunities for self-development and keep up-to-date with the digital evolution.
1925,KnowledgeSkillCompetence,http://data.europa.eu/esco/skill/23900e3d-06fa-424c-a5dc-c0ea42edde1e,knowledge,sector-specific,Oracle Warehouse Builder,OWB,,released,2024-02-09T17:29:15.235Z,,,"http://data.europa.eu/esco/concept-scheme/skills,
http://data.europa.eu/esco/concept-scheme/member-skills,
http://data.europa.eu/esco/concept-scheme/6c930acd-c104-4ece-acf7-f44fd7333036","The computer program Oracle Warehouse Builder is a tool for integration of information from multiple applications, created and maintained by organisations, into one consistent and transparent data structure, developed by the software company Oracle."
1932,KnowledgeSkillCompetence,http://data.europa.eu/esco/skill/23b45aa6-a479-486d-9e6f-062cbab7c68a,knowledge,sector-specific,interfacing techniques,interface design techniques,,released,2025-06-25T08:20:05.218Z,,,"http://data.europa.eu/esco/concept-scheme/skills,
http://data.europa.eu/esco/concept-scheme/member-skills,
http://data.europa.eu/esco/concept-scheme/6c930acd-c104-4ece-acf7-f44fd7333036",The techniques that relate to interfaces between models and components.
1945,KnowledgeSkillCompetence,http://data.europa.eu/esco/skill/23df3447-f59e-45a4-86da-78e38d07c808,knowledge,cross-sector,music and video industry,"music and video industries
music and video trader
the music and video industry
music and video company
music and video manufacture
music and video business",,released,2024-02-09T17:29:16.725Z,,,"http://data.europa.eu/esco/concept-scheme/skills,
http://data.europa.eu/esco/concept-scheme/member-skills,
http://data.europa.eu/esco/concept-scheme/6c930acd-c104-4ece-acf7-f44fd7333036",Players and products available on the market in the video and music industry.
1961,KnowledgeSkillCompetence,http://data.europa.eu/esco/skill/2450c3b3-e78e-435b-b84d-e05d984e71dc,knowledge,sector-specific,software architecture models,"software architecture patterns
software architecture frameworks",,released,2025-06-25T08:20:05.218Z,,,"http://data.europa.eu/esco/concept-scheme/skills,
http://data.europa.eu/esco/concept-scheme/member-skills,
http://data.europa.eu/esco/concept-scheme/6c930acd-c104-4ece-acf7-f44fd7333036","The set of structures and models needed to understand or describe the software system, including the software elements, the relations between them and the properties of both elements and relations."
1989,KnowledgeSkillCompetence,http://data.europa.eu/esco/skill/24c200e5-be20-4370-a137-ab53797f3a17,knowledge,sector-specific,software frameworks,software engineering frameworks,,released,2025-06-25T08:20:05.218Z,,,"http://data.europa.eu/esco/concept-scheme/skills,
http://data.europa.eu/esco/concept-scheme/member-skills,
http://data.europa.eu/esco/concept-scheme/6c930acd-c104-4ece-acf7-f44fd7333036",The software development environments or tools used to improve the efficiency of new software development by providing specific features that support and guide the development.
2007,KnowledgeSkillCompetence,http://data.europa.eu/esco/skill/251b5528-693c-4ef9-a7f6-9924bb8d7ef8,knowledge,sector-specific,decentralized application frameworks,"decentralized applications on blockchain infrastructure
decentralized software characteristics
decentralized software frameworks","brownie
truffle
alchemy
hardhat
epirus
embark
openzeppelin",released,2024-03-01T12:33:00.096Z,,,"http://data.europa.eu/esco/concept-scheme/skills,
http://data.europa.eu/esco/concept-scheme/member-skills,
http://data.europa.eu/esco/concept-scheme/6c930acd-c104-4ece-acf7-f44fd7333036","The different software frameworks, and their characteristics, advantages and disadvantages, that allow the development of decentralized applications on blockchain infrastructure. Examples are truffle, embark, epirus, openzeppelin, etc."
2009,KnowledgeSkillCompetence,http://data.europa.eu/esco/skill/2522a6ce-3202-4ac8-9f5b-b9cb5a3a83a1,skill/competence,sector-specific,debug software,"analyse testing results for incorrect software output
locate defects causing unexpected software output
repair computer code for software
fix computer code for software",,released,2025-06-25T12:15:04.406Z,,,"http://data.europa.eu/esco/concept-scheme/skills,
http://data.europa.eu/esco/concept-scheme/member-skills,
http://data.europa.eu/esco/concept-scheme/6c930acd-c104-4ece-acf7-f44fd7333036","Repair computer code by analysing testing results, locating the defects causing the software to output an incorrect or unexpected result and remove these faults."
2028,KnowledgeSkillCompetence,http://data.europa.eu/esco/skill/2579f843-87e8-4a9f-83ce-1284b2218b56,skill/competence,sector-specific,manage aeronautical information management services,"ensure AIM service quality
assure quality of aeronautical information management services
ensure aeronautical information management service quality
perform AIM service quality assurance
perform aeronautical information management service quality assurance
perform aeronautical information management service quality assurance activities
assure AIM service quality
ensure quality of AIM services
undertake quality assurance activities for aeronautical information management services
undertake quality assurance activities for AIM services
assure quality of AIM services",,released,2024-02-09T17:29:10.678Z,,,"http://data.europa.eu/esco/concept-scheme/skills,
http://data.europa.eu/esco/concept-scheme/member-skills,
http://data.europa.eu/esco/concept-scheme/6c930acd-c104-4ece-acf7-f44fd7333036","Undertake complex tasks and perform medium and high level database, desktop and GIS-related activities in order to develop quality aeronautical data sets and publications."
2031,KnowledgeSkillCompetence,http://data.europa.eu/esco/skill/258d3de5-60fd-4336-aa7e-7700b64f5ed5,knowledge,sector-specific,motion capture,"motion capturing
Mo-cap",,released,2024-02-09T17:29:09.851Z,,,"http://data.europa.eu/esco/concept-scheme/skills,
http://data.europa.eu/esco/concept-scheme/member-skills,
http://data.europa.eu/esco/concept-scheme/6c930acd-c104-4ece-acf7-f44fd7333036",The process and techniques for capturing the movement of human actors in order to create and animate digital characters that look and move as humanly as possible.
2041,KnowledgeSkillCompetence,http://data.europa.eu/esco/skill/25b291b5-8245-4d9d-b391-86a8a31d7109,skill/competence,sector-specific,use concurrent programming,"parallel computing
use parallel computing",,released,2024-02-09T17:29:14.494Z,,,"http://data.europa.eu/esco/concept-scheme/skills,
http://data.europa.eu/esco/concept-scheme/member-skills,
http://data.europa.eu/esco/concept-scheme/6c930acd-c104-4ece-acf7-f44fd7333036","Utilise specialised ICT tools to create programs that can execute concurrent operations by splitting programs into parallel processes and, once computed, combining the outcomes together."
2055,KnowledgeSkillCompetence,http://data.europa.eu/esco/skill/25df422a-bf0a-4f76-8631-d0be91cb8751,knowledge,cross-sector,model based system engineering,"MBSE methodology
MBSE
model based system engineering methodology",,released,2024-03-01T11:29:32.938Z,,,"http://data.europa.eu/esco/concept-scheme/skills,
http://data.europa.eu/esco/concept-scheme/member-skills,
http://data.europa.eu/esco/concept-scheme/6c930acd-c104-4ece-acf7-f44fd7333036","Model-based systems engineering (MBSE) is a methodology for systems engineering that uses visual modelling as the primary means of communicating information. It is focused on creating and exploiting domain models as the primary means of information exchange between engineers and engineering technicians, rather than on document-based information exchange. Therefore, it eliminates the communication of unnecessary information by relying on abstract models that retain only the relevant data."
2058,KnowledgeSkillCompetence,http://data.europa.eu/esco/skill/25ee43a8-f9b0-4990-96cf-eabe627ff0cc,skill/competence,occupation-specific,use rental management software,"use of rental management software
operate rental management software
apply rental management software
adopt rental management software
handle rental management software
using rental management software
rental management software use",,released,2024-02-09T17:29:09.851Z,,,"http://data.europa.eu/esco/concept-scheme/skills,
http://data.europa.eu/esco/concept-scheme/member-skills,
http://data.europa.eu/esco/concept-scheme/6c930acd-c104-4ece-acf7-f44fd7333036","Use rental management software to monitor aspects of the business such as finances, rentals, and bills."
2059,KnowledgeSkillCompetence,http://data.europa.eu/esco/skill/25f0ea33-b4a2-4f31-b7b4-7d20e827b180,knowledge,sector-specific,data mining,data scraping,,released,2025-06-25T08:20:05.218Z,,,"http://data.europa.eu/esco/concept-scheme/skills,
http://data.europa.eu/esco/concept-scheme/member-skills,
http://data.europa.eu/esco/concept-scheme/6c930acd-c104-4ece-acf7-f44fd7333036","The methods of artificial intelligence, machine learning, statistics and databases used to extract content from a dataset."
2093,KnowledgeSkillCompetence,http://data.europa.eu/esco/skill/2672f6a9-1e70-43c5-859d-e6a0fc9ea0f1,knowledge,sector-specific,aircraft flight control systems,"aircraft flight control system features
systems used to control flight of aircraft
systems used to manoeuvre aircraft
aircraft flight control system characteristics
systems used to control flight of aeroplanes
flight control systems of aircraft
characteristics of aircraft flight control systems
systems used to control aircraft movement
features of aircraft flight control systems",,released,2023-02-23T21:16:29.169Z,,,"http://data.europa.eu/esco/concept-scheme/skills,
http://data.europa.eu/esco/concept-scheme/member-skills,
http://data.europa.eu/esco/concept-scheme/6c930acd-c104-4ece-acf7-f44fd7333036","The setting, features and operation of aircraft flight control systems such as flight control surfaces, cockpit controls, connections, and operating mechanisms required to control the flight direction of an aircraft."
2114,KnowledgeSkillCompetence,http://data.europa.eu/esco/skill/26ca7ed6-80a7-47e3-92f5-6e6016adeb95,skill/competence,sector-specific,set colour profiles,"program colour profiles
setting colour profiles
decide colour profiles
set colour profile
determine colour profiles
set color profiles",,released,2022-07-05T14:38:06.701Z,,,"http://data.europa.eu/esco/concept-scheme/skills,
http://data.europa.eu/esco/concept-scheme/member-skills,
http://data.europa.eu/esco/concept-scheme/6c930acd-c104-4ece-acf7-f44fd7333036",Maintain consistent colour output in digital colour and inkjet printers by running calibration routines and making sure that the colour profiles for the printers are still accurate.
2121,KnowledgeSkillCompetence,http://data.europa.eu/esco/skill/26fa7a33-a426-4cd5-9792-33bf668612e1,knowledge,sector-specific,LESS,LESS language,,released,2025-06-25T08:20:05.218Z,,,"http://data.europa.eu/esco/concept-scheme/skills,
http://data.europa.eu/esco/concept-scheme/member-skills,
http://data.europa.eu/esco/concept-scheme/6c930acd-c104-4ece-acf7-f44fd7333036","The computer language LESS is a style sheet language that conveys the presentation of structured documents. These documents have to adhere to style sheets, a set of stylistic rules such as font, color and layout."
2124,KnowledgeSkillCompetence,http://data.europa.eu/esco/skill/27065048-bca8-4b0a-891a-b192b9ceadfd,knowledge,sector-specific,CAM software,"NC manufacturing software
computer-aided manufacturing software
computer aided manufacturing software
numeric control manufacturing software",,released,2024-02-09T17:29:15.968Z,,,"http://data.europa.eu/esco/concept-scheme/skills,
http://data.europa.eu/esco/concept-scheme/member-skills,
http://data.europa.eu/esco/concept-scheme/6c930acd-c104-4ece-acf7-f44fd7333036","Different tools for computer-aided manufacturing (CAM) to control machinery and machine tools in the creation, modification, analysis, or optimisation as part of the manufacturing processes of workpieces."
2162,KnowledgeSkillCompetence,http://data.europa.eu/esco/skill/27ad6528-0914-4049-87c0-2f05791d0e2e,skill/competence,sector-specific,design a domotic system in buildings,"engineer a domotic system in nzeb residential buildings
design a domotic system in nzeb buildings",,released,2022-07-05T14:38:15.447Z,,,"http://data.europa.eu/esco/concept-scheme/skills,
http://data.europa.eu/esco/concept-scheme/green,
http://data.europa.eu/esco/concept-scheme/member-skills,
http://data.europa.eu/esco/concept-scheme/6c930acd-c104-4ece-acf7-f44fd7333036","Design a complete domotic system for buildings, taking into account every chosen component. Make a weighting and balancing between which components and systems should be included in domotics and which are less useful to include, in relation to energy saving."
2163,KnowledgeSkillCompetence,http://data.europa.eu/esco/skill/27aedf16-e2e9-419d-9ad8-1c3100e0e941,skill/competence,sector-specific,supervise video and motion picture editing team,"supervise video and motion picture editing teams
oversee video and motion picture editing team
supervising video and motion picture editing team
manage video and motion picture editing team
organise video and motion picture editing team
direct video and motion picture editing team",,released,2024-02-09T17:29:09.851Z,,,"http://data.europa.eu/esco/concept-scheme/skills,
http://data.europa.eu/esco/concept-scheme/member-skills,
http://data.europa.eu/esco/concept-scheme/6c930acd-c104-4ece-acf7-f44fd7333036",Supervise multimedia artists and other members of the video and motion picture editing team to make sure editing is done on time and according to the creative vision of the production team.
2166,KnowledgeSkillCompetence,http://data.europa.eu/esco/skill/27b913f0-3c52-448b-ad27-fc6ef08fb326,knowledge,sector-specific,Adobe Illustrator,Adobe Illustrator CC,"Adobe Illustrator CS5
Adobe Illustrator CS3
Adobe Illustrator CS4
Adobe Illustrator CS6",released,2023-06-08T15:20:34.045Z,,,"http://data.europa.eu/esco/concept-scheme/skills,
http://data.europa.eu/esco/concept-scheme/member-skills,
http://data.europa.eu/esco/concept-scheme/6c930acd-c104-4ece-acf7-f44fd7333036",The computer program Adobe Illustrator CC is a graphical ICT tool which enables digital editing and composition of graphics to generate both 2D raster or 2D vector graphics. It is developed by the software company Adobe.
2178,KnowledgeSkillCompetence,http://data.europa.eu/esco/skill/27ddcef9-8522-4699-b0e6-2e2b10fd6d13,skill/competence,cross-sector,create a crowdfunding campaign,"launch crowdfunding initiative
setup a digital crowdfunding activity",,released,2024-03-01T11:56:08.491Z,,,"http://data.europa.eu/esco/concept-scheme/skills,
http://data.europa.eu/esco/concept-scheme/member-skills,
http://data.europa.eu/esco/concept-scheme/6c930acd-c104-4ece-acf7-f44fd7333036","Setup a digital fundraising activity for a project, using crowdfunding platforms. This involves creating a profile on a crowdfunding platform, creating compelling videos about the project, pitching the objectives of the campaign, monitoring the budget, following-up with donors, using social media, etc."
2208,KnowledgeSkillCompetence,http://data.europa.eu/esco/skill/2857540c-180b-4208-9127-e94a01871966,skill/competence,sector-specific,align software with system architectures,"integrate software into system frameworks
harmonise software with system architectures
coordinate software with architectural structures",,released,2025-06-25T12:15:04.406Z,,,"http://data.europa.eu/esco/concept-scheme/skills,
http://data.europa.eu/esco/concept-scheme/member-skills,
http://data.europa.eu/esco/concept-scheme/6c930acd-c104-4ece-acf7-f44fd7333036",Put system design and technical specifications in line with software architecture in order to ensure the integration and interoperability between components of the system.
2219,KnowledgeSkillCompetence,http://data.europa.eu/esco/skill/2879e8f6-037a-49ed-ba73-6f7d7766223e,knowledge,sector-specific,food waste monitoring systems,"food waste monitoring digital tools
food waste monitoring applications
digital tools for food waste monitoring
hospitality food waste monitoring systems
food loss tracking",,released,2024-02-23T08:59:15.579Z,,,"http://data.europa.eu/esco/concept-scheme/skills,
http://data.europa.eu/esco/concept-scheme/green,
http://data.europa.eu/esco/concept-scheme/member-skills,
http://data.europa.eu/esco/concept-scheme/6c930acd-c104-4ece-acf7-f44fd7333036","The characteristics, benefits and ways of using digital tools to collect, monitor and evaluate data on food waste in an organisation or hospitality establishment."
2223,KnowledgeSkillCompetence,http://data.europa.eu/esco/skill/2891f0dc-4426-4a9a-8fbb-db4fb0a66f91,knowledge,sector-specific,Nessus,Nessus Vulnerability Scanner,"Nessus 2
Nessus 3
Nessus 4.0.0
Nessus 6.0
Nessus 5.0",released,2023-06-09T15:21:24.46Z,,,"http://data.europa.eu/esco/concept-scheme/skills,
http://data.europa.eu/esco/concept-scheme/member-skills,
http://data.europa.eu/esco/concept-scheme/6c930acd-c104-4ece-acf7-f44fd7333036","The computer program Nessus is a specialised ICT tool which tests security weaknesses of the system for potentially unauthorised access to system information, developed by the software company Tenable Network Security."
2225,KnowledgeSkillCompetence,http://data.europa.eu/esco/skill/28a0fe16-4e03-4d5e-8f0e-5198309e77a9,skill/competence,occupation-specific,perform forensic preservations of digital devices,conduct forensic preservations of digital devices,,released,2025-06-25T12:15:04.406Z,,,"http://data.europa.eu/esco/concept-scheme/skills,
http://data.europa.eu/esco/concept-scheme/member-skills,
http://data.europa.eu/esco/concept-scheme/6c930acd-c104-4ece-acf7-f44fd7333036","Preserve integrity of ICT devices, such as laptops, desktops and other digital media, by storing them physically and using software such as PTK Forensics and EnCase to retrieve, store and trace digital information in a legal manner so that they can be used as evidence at an appropriate time."
2232,KnowledgeSkillCompetence,http://data.europa.eu/esco/skill/28b7d7fb-0483-4877-9aaa-f990f10f16f5,skill/competence,sector-specific,operate voice picking systems,"use voice-directed systems in warehouses
operate voice pick systems
operate voice picking systems in warehouses
execute voice-directed warehouse operations
perform voice-directed warehouse operations
use warehouse voice picking systems
operate warehouse voice picking systems
use voice picking systems
utilise voice-directed systems in warehouses
perform warehouse operations using voice picking systems
carry out warehouse operations using voice-directed systems
perform warehouse operations using voice-directed systems
utilise warehouse voice picking systems
utilise voice picking systems",,released,2024-02-09T17:29:09.009Z,,,"http://data.europa.eu/esco/concept-scheme/skills,
http://data.europa.eu/esco/concept-scheme/member-skills,
http://data.europa.eu/esco/concept-scheme/6c930acd-c104-4ece-acf7-f44fd7333036",Operate voice pick systems applying various picking methods; work using verbal instructions and prompts via headphones and a microphone.
2247,KnowledgeSkillCompetence,http://data.europa.eu/esco/skill/28eb4689-3ba4-47a1-96b0-34a60751ea17,skill/competence,occupation-specific,design infrastructure for surface mines,"assisting in infrastructure designing for surface mines
assisting infrastructure designing for surface mines
assist in infrastructure design for surface mines
infrastructure design for surface mines
assist surface mine infrastructure design
assisting surface mine infrastructure design
infrastructure designing for surface mines
designing of infrastructure for surface mines
assist infrastructure designing for surface mines
surface mine infrastructure designing
designing infrastructure for surface mines
surface mine infrastructure design",,released,2024-02-09T17:29:09.009Z,,,"http://data.europa.eu/esco/concept-scheme/skills,
http://data.europa.eu/esco/concept-scheme/member-skills,
http://data.europa.eu/esco/concept-scheme/6c930acd-c104-4ece-acf7-f44fd7333036",Assist with the design of mine infrastructure using specialised computer software and data calculations.
2267,KnowledgeSkillCompetence,http://data.europa.eu/esco/skill/2962214b-cc38-4d20-aa8b-aa120091d743,skill/competence,cross-sector,prepare exhibition marketing plan,"plan exhibition marketing plan
exhibition marketing plan preparation
arrange exhibition marketing plan
prepare an exhibition marketing plan
develop exhibition marketing plan
provide exhibition marketing plan
preparing an exhibition marketing plan",,released,2024-02-09T17:29:12.952Z,,,"http://data.europa.eu/esco/concept-scheme/skills,
http://data.europa.eu/esco/concept-scheme/member-skills,
http://data.europa.eu/esco/concept-scheme/6c930acd-c104-4ece-acf7-f44fd7333036","Develop marketing plan for upcoming exhibition; design and distribute posters, flyers and catalogues; communicate ideas with photographers, graphic designers and printers; prepare articles for online and printed media; keep website and social media up-to-date."
2272,KnowledgeSkillCompetence,http://data.europa.eu/esco/skill/296f6b56-de45-4aac-aa96-43e4a4864724,knowledge,sector-specific,blockchain architecture,blockchain structure,,released,2024-01-29T11:10:58.993Z,,,"http://data.europa.eu/esco/concept-scheme/skills,
http://data.europa.eu/esco/concept-scheme/member-skills,
http://data.europa.eu/esco/concept-scheme/6c930acd-c104-4ece-acf7-f44fd7333036",The design structure of a peer-to-peer network of computers that functions as backend for systems and applications The network is constructed as a virtual machine without a central system that manages interactions among the nodes.
2275,KnowledgeSkillCompetence,http://data.europa.eu/esco/skill/2973b3bc-5893-4b3d-8953-22ef677a162f,knowledge,cross-sector,cutting technologies,"cutting technology automation
cutting mechanisation
hi tech cutting
cutting automation
cutting technology machinery
cutting machinery
cutting technology mechanisation
hi tech cutting technology",,released,2024-02-09T17:29:12.215Z,,,"http://data.europa.eu/esco/concept-scheme/skills,
http://data.europa.eu/esco/concept-scheme/member-skills,
http://data.europa.eu/esco/concept-scheme/6c930acd-c104-4ece-acf7-f44fd7333036","The variety of cutting technologies, such as software or mechanics, guiding cutting processes through lasering, sawing, milling etc."
2311,KnowledgeSkillCompetence,http://data.europa.eu/esco/skill/29fb0fb5-dfc4-4098-ac9b-3a712000f48f,skill/competence,cross-sector,manage database,implement database theory,,released,2024-02-09T17:29:13.7Z,,,"http://data.europa.eu/esco/concept-scheme/skills,
http://data.europa.eu/esco/concept-scheme/member-skills,
http://data.europa.eu/esco/concept-scheme/6c930acd-c104-4ece-acf7-f44fd7333036","Apply database design schemes and models, define data dependencies, use query languages and database management systems (DBMS) to develop and manage databases."
2313,KnowledgeSkillCompetence,http://data.europa.eu/esco/skill/2a051ae0-e42e-4733-8bb2-de24c4d5e3b8,skill/competence,sector-specific,report live online,"broadcast online
broadcast on streaming
report live
report live on streaming
give a live account online",,released,2024-02-09T17:29:10.678Z,,,"http://data.europa.eu/esco/concept-scheme/skills,
http://data.europa.eu/esco/concept-scheme/member-skills,
http://data.europa.eu/esco/concept-scheme/6c930acd-c104-4ece-acf7-f44fd7333036","'Live' online reporting or real-time blogging when covering important events-a growing area of work, especially on national newspapers."
2326,KnowledgeSkillCompetence,http://data.europa.eu/esco/skill/2a3a96a3-709e-4d60-81f6-d247d6933f13,skill/competence,sector-specific,manage system security,manage information security,,released,2024-02-09T17:29:13.7Z,,,"http://data.europa.eu/esco/concept-scheme/skills,
http://data.europa.eu/esco/concept-scheme/member-skills,
http://data.europa.eu/esco/concept-scheme/6c930acd-c104-4ece-acf7-f44fd7333036",Analyse the critical assets of a company and identify weaknesses and vulnerabilities that lead to intrusion or attack. Apply security detection techniques. Understand cyber attack techniques and implement effective countermeasures.
2334,KnowledgeSkillCompetence,http://data.europa.eu/esco/skill/2a69d6a0-b90f-4d50-bef8-a05d6704575d,skill/competence,occupation-specific,use media software,"operate sound editing software
use image editing software
use 3D projecting software
operate media editing software
employ visual programming software",,released,2024-02-26T09:26:29.328Z,,,"http://data.europa.eu/esco/concept-scheme/skills,
http://data.europa.eu/esco/concept-scheme/member-skills,
http://data.europa.eu/esco/concept-scheme/6c930acd-c104-4ece-acf7-f44fd7333036","Use mainly visual programming software such as sound, lighting, image, capturing, motion control, UV mapping, augmented reality, virtual reality, or 3D projecting software. This software could be used for example in performing art and event applications."
2370,KnowledgeSkillCompetence,http://data.europa.eu/esco/skill/2af29864-c941-40a5-ae7b-2b6c4b92c0d7,knowledge,sector-specific,speech recognition,"recognizing speech
recognition of speech
speech identification",,released,2024-02-09T17:29:09.851Z,,,"http://data.europa.eu/esco/concept-scheme/skills,
http://data.europa.eu/esco/concept-scheme/member-skills,
http://data.europa.eu/esco/concept-scheme/6c930acd-c104-4ece-acf7-f44fd7333036",The development in the computing field where voice can be recognised by machines and present the results of the spoken fragment or command.
2371,KnowledgeSkillCompetence,http://data.europa.eu/esco/skill/2afb2b59-c9a3-4cf3-b1dd-1a2fad51e583,knowledge,sector-specific,3D printing process,3D Printing,,released,2025-06-25T08:20:05.218Z,,,"http://data.europa.eu/esco/concept-scheme/skills,
http://data.europa.eu/esco/concept-scheme/member-skills,
http://data.europa.eu/esco/concept-scheme/6c930acd-c104-4ece-acf7-f44fd7333036",The process of reproducing 3D objects by using 3D printing technologies.
2384,KnowledgeSkillCompetence,http://data.europa.eu/esco/skill/2b24cbb7-f94e-43c1-8377-138f80ad5c19,skill/competence,sector-specific,develop translation memory software,"translation memory software development
prepare translation memory software
create translation memory software
write translation memory software
define translation memory software
development of translation memory software",,released,2024-02-09T17:29:12.952Z,,,"http://data.europa.eu/esco/concept-scheme/skills,
http://data.europa.eu/esco/concept-scheme/member-skills,
http://data.europa.eu/esco/concept-scheme/6c930acd-c104-4ece-acf7-f44fd7333036",Develop and improve translation memory software for retrieving equivalent target texts in existing databases when translating from one language to another.
2386,KnowledgeSkillCompetence,http://data.europa.eu/esco/skill/2b285a57-4add-453e-af5d-3d986a65c8fe,skill/competence,sector-specific,use computer telephony integration,"perform computer telephony integration
computer telephony
computer–telephone integration
computer telephony integration
CTI",,released,2024-02-09T17:29:14.494Z,,,"http://data.europa.eu/esco/concept-scheme/skills,
http://data.europa.eu/esco/concept-scheme/member-skills,
http://data.europa.eu/esco/concept-scheme/6c930acd-c104-4ece-acf7-f44fd7333036",Utilise technology that allows interaction between telephone and computer in order to enable call services directly within a desktop environment.
2388,KnowledgeSkillCompetence,http://data.europa.eu/esco/skill/2b34764d-637c-48f5-aa70-31e15c965db6,skill/competence,sector-specific,operate open source software,"know open-source software licensing schemes
know open-source software coding practices
know open-source licensing schemes
know open-source coding practices
manage open-source software",,released,2024-02-23T16:25:28.327Z,,,"http://data.europa.eu/esco/concept-scheme/skills,
http://data.europa.eu/esco/concept-scheme/member-skills,
http://data.europa.eu/esco/concept-scheme/research,
http://data.europa.eu/esco/concept-scheme/6c930acd-c104-4ece-acf7-f44fd7333036","Operate Open Source software, knowing the main Open Source models, licensing schemes, and the coding practices commonly adopted in the production of Open Source software."
2389,KnowledgeSkillCompetence,http://data.europa.eu/esco/skill/2b34a99f-9813-4c91-9509-b6b9b8c3132e,skill/competence,cross-sector,collaborate through digital technologies,"use VoIP conference calling
use concurrent file editing
use online meeting tools
use online tools to collaborate
make use of online tools to collaborate
utilise online tools to collaborate
able to use online tools to collaborate
apply online tools to collaborate
using online tools to collaborate",,released,2024-02-09T17:29:15.235Z,,,"http://data.europa.eu/esco/concept-scheme/skills,
http://data.europa.eu/esco/concept-scheme/member-skills,
http://data.europa.eu/esco/concept-scheme/6c930acd-c104-4ece-acf7-f44fd7333036,
http://data.europa.eu/esco/concept-scheme/digcomp","Use digital tools and technologies for collaborative processes, and for co-construction and co-creation of resources and knowledge."
2396,KnowledgeSkillCompetence,http://data.europa.eu/esco/skill/2b544b2c-f22d-40e6-8578-3cb65554643a,knowledge,occupation-specific,electronic locks,"electronic lock
electric locking devices
electronic locking devices",,released,2023-04-06T15:35:18.677Z,,,"http://data.europa.eu/esco/concept-scheme/skills,
http://data.europa.eu/esco/concept-scheme/member-skills,
http://data.europa.eu/esco/concept-scheme/6c930acd-c104-4ece-acf7-f44fd7333036","Locking devices that use electric current to operate. Electronic locks use motors, solenoids, or magnets to actuate the lock. Often, electronic locks have an access control system and require authentication, such as passwords, fingerprints or chip cards."
2403,KnowledgeSkillCompetence,http://data.europa.eu/esco/skill/2b6bc32d-c60d-435b-931f-79bd3404f8b9,skill/competence,occupation-specific,use capturing systems for live performance,"use live performance capture technologies
employ live performance capture technologies
employ capturing systems for live performance",,released,2024-02-26T16:18:31.474Z,,,"http://data.europa.eu/esco/concept-scheme/skills,
http://data.europa.eu/esco/concept-scheme/member-skills,
http://data.europa.eu/esco/concept-scheme/6c930acd-c104-4ece-acf7-f44fd7333036","Use equipment and software to track movement and other physical phenomena by image analysis, encoders or sensors to generate control signals for performing art and event applications."
2406,KnowledgeSkillCompetence,http://data.europa.eu/esco/skill/2b7a79e5-84d8-4880-be66-3d9bb05bea17,skill/competence,sector-specific,use software design patterns,"use programming design patterns
utilise software design patterns",,released,2024-02-09T17:29:12.215Z,,,"http://data.europa.eu/esco/concept-scheme/skills,
http://data.europa.eu/esco/concept-scheme/member-skills,
http://data.europa.eu/esco/concept-scheme/6c930acd-c104-4ece-acf7-f44fd7333036","Utilise reusable solutions, formalised best practices, to solve common ICT development tasks in software development and design."
2408,KnowledgeSkillCompetence,http://data.europa.eu/esco/skill/2b834a98-14ff-47e1-8aef-cf8ffae912fa,skill/competence,cross-sector,collect mapping data,"preserving mapping data
collection of mapping data
preserve mapping data
mapping data collection
preservation of mapping data
conserve mapping data
collecting mapping data
conservation of mapping data
mapping data preservation
collecting of mapping data",,released,2024-02-09T17:29:15.235Z,,,"http://data.europa.eu/esco/concept-scheme/skills,
http://data.europa.eu/esco/concept-scheme/member-skills,
http://data.europa.eu/esco/concept-scheme/6c930acd-c104-4ece-acf7-f44fd7333036",Collect and conserve mapping resources and mapping data.
2412,KnowledgeSkillCompetence,http://data.europa.eu/esco/skill/2b92a5b2-6758-4ee3-9fb4-b6387a55cc8f,skill/competence,cross-sector,perform data analysis,"analyse data performance
perform analysis of data
implement data analysis
performing data analysis
undertake data analysis
complete data analysis",,released,2024-02-09T17:29:12.215Z,,,"http://data.europa.eu/esco/concept-scheme/skills,
http://data.europa.eu/esco/concept-scheme/member-skills,
http://data.europa.eu/esco/concept-scheme/6c930acd-c104-4ece-acf7-f44fd7333036","Collect data and statistics to test and evaluate in order to generate assertions and pattern predictions, with the aim of discovering useful information in a decision-making process."
2431,KnowledgeSkillCompetence,http://data.europa.eu/esco/skill/2bde42ae-e776-41c1-9ded-b07b30bfe985,knowledge,sector-specific,Prolog (computer programming),Prolog,,released,2022-07-05T14:34:21.232Z,,,"http://data.europa.eu/esco/concept-scheme/skills,
http://data.europa.eu/esco/concept-scheme/member-skills,
http://data.europa.eu/esco/concept-scheme/6c930acd-c104-4ece-acf7-f44fd7333036","The techniques and principles of software development, such as analysis, algorithms, coding, testing and compiling of programming paradigms in Prolog."
2448,KnowledgeSkillCompetence,http://data.europa.eu/esco/skill/2c28fc20-8a60-4311-8899-5ef8729c05b3,skill/competence,cross-sector,design process,"design-to-cost process
process design",,released,2025-04-11T13:05:59.459Z,,,"http://data.europa.eu/esco/concept-scheme/skills,
http://data.europa.eu/esco/concept-scheme/member-skills,
http://data.europa.eu/esco/concept-scheme/6c930acd-c104-4ece-acf7-f44fd7333036","Identify the workflow and resource requirements for a particular process, using a variety of tools such as process simulation software, flowcharting and scale models."
2458,KnowledgeSkillCompetence,http://data.europa.eu/esco/skill/2c4e11ef-da18-4e19-816b-e6bc19e12424,skill/competence,sector-specific,use logic programming,"utilise ICT tools for logic programming
use Datalog for logic programming
employ Answer Set Programming
employ ICT tools for logic programming
use Prolog for logic programming",,released,2025-06-25T12:15:04.406Z,,,"http://data.europa.eu/esco/concept-scheme/skills,
http://data.europa.eu/esco/concept-scheme/member-skills,
http://data.europa.eu/esco/concept-scheme/6c930acd-c104-4ece-acf7-f44fd7333036","Utilise specialised ICT tools to create computer code composed of series of sentences in logical form, expressing rules and facts about some problem domain. Use programming languages which support this method such as Prolog, Answer Set Programming and Datalog."
2512,KnowledgeSkillCompetence,http://data.europa.eu/esco/skill/2d6d4784-0992-48e7-b100-22d7229b3f0a,skill/competence,cross-sector,translate requirements into visual design,"develop visual design from given specifications
develop visual design concepts based on target audience
develop visual design based on target audience
translate requirement concepts into visual design
develop visual design concepts from given specifications",,released,2024-02-23T17:03:29.16Z,,,"http://data.europa.eu/esco/concept-scheme/skills,
http://data.europa.eu/esco/concept-scheme/member-skills,
http://data.europa.eu/esco/concept-scheme/6c930acd-c104-4ece-acf7-f44fd7333036","Develop visual design from given specifications and requirements, based on the analysis of the scope and target audience. Create a visual representation of ideas such as logos, website graphics, digital games and layouts."
2531,KnowledgeSkillCompetence,http://data.europa.eu/esco/skill/2daec0e6-f0c1-43e8-8178-aedba99130ec,skill/competence,sector-specific,establish data processes,"develop data processes
implement data processes",,released,2024-02-09T17:29:16.725Z,,,"http://data.europa.eu/esco/concept-scheme/skills,
http://data.europa.eu/esco/concept-scheme/member-skills,
http://data.europa.eu/esco/concept-scheme/6c930acd-c104-4ece-acf7-f44fd7333036","Use ICT tools to apply mathematical, algorithmic or other data manipulation processes in order to create information."
2541,KnowledgeSkillCompetence,http://data.europa.eu/esco/skill/2ddb1226-1117-4eb4-ae65-3a2f5a5a3c80,knowledge,sector-specific,ICT network security risks,"ICT network security threats
information systems security risks",,released,2025-06-25T08:20:05.218Z,,,"http://data.europa.eu/esco/concept-scheme/skills,
http://data.europa.eu/esco/concept-scheme/member-skills,
http://data.europa.eu/esco/concept-scheme/6c930acd-c104-4ece-acf7-f44fd7333036","The security risk factors, such as hardware and software components, devices, interfaces and policies in ICT networks, risk assessment techniques that can be applied to assess the severity and the consequences of security threats and contingency plans for each security risk factor."
2552,KnowledgeSkillCompetence,http://data.europa.eu/esco/skill/2e1888d8-97f7-4c91-8874-e2ef0e47f94f,skill/competence,sector-specific,create digital files,"create digital file
make digital files
generate digital files
creating digital files",,released,2024-02-09T17:29:16.725Z,,,"http://data.europa.eu/esco/concept-scheme/skills,
http://data.europa.eu/esco/concept-scheme/member-skills,
http://data.europa.eu/esco/concept-scheme/6c930acd-c104-4ece-acf7-f44fd7333036",Create digital files in the computer system after quality checking printing or scanned documents for malfunctions.
2581,KnowledgeSkillCompetence,http://data.europa.eu/esco/skill/2eae92cf-5f21-43e7-aa41-ab65b00c1b92,skill/competence,occupation-specific,operate tote board,"operate tote boards
use tote board
operating tote board
utilize tote board",,released,2024-02-09T17:29:11.47Z,,,"http://data.europa.eu/esco/concept-scheme/skills,
http://data.europa.eu/esco/concept-scheme/member-skills,
http://data.europa.eu/esco/concept-scheme/6c930acd-c104-4ece-acf7-f44fd7333036","Operate a tote board, either manually or using software such as Autotote."
2600,KnowledgeSkillCompetence,http://data.europa.eu/esco/skill/2ef6bebc-2133-47df-b26a-f38f51b0f867,knowledge,sector-specific,computer history,"computers history
history of computers
informatics history",,released,2024-02-09T17:29:12.215Z,,,"http://data.europa.eu/esco/concept-scheme/skills,
http://data.europa.eu/esco/concept-scheme/member-skills,
http://data.europa.eu/esco/concept-scheme/6c930acd-c104-4ece-acf7-f44fd7333036",The history of computer development framed in a digitising society.
2603,KnowledgeSkillCompetence,http://data.europa.eu/esco/skill/2f04bb71-d476-43b3-a60b-5df1d05f5681,knowledge,sector-specific,Octopus Deploy,Octopus Deploy software program,,released,2025-06-25T08:20:05.218Z,,,"http://data.europa.eu/esco/concept-scheme/skills,
http://data.europa.eu/esco/concept-scheme/member-skills,
http://data.europa.eu/esco/concept-scheme/6c930acd-c104-4ece-acf7-f44fd7333036",The tool Octopus Deploy is a software program used to automate ASP.NET applications deployment to local or on the cloud servers.
2605,KnowledgeSkillCompetence,http://data.europa.eu/esco/skill/2f05d09d-7e91-423c-9210-19da0b0e34c6,skill/competence,sector-specific,maintain irrigation controllers,"maintaining irrigation controllers
irrigation controller maintaining
controllers of irrigation equipment maintaining
irrigation controllers maintaining
maintain controllers of irrigation equipment
maintaining controllers of irrigation equipment",,released,2025-02-27T12:45:08.961Z,,,"http://data.europa.eu/esco/concept-scheme/skills,
http://data.europa.eu/esco/concept-scheme/green,
http://data.europa.eu/esco/concept-scheme/member-skills,
http://data.europa.eu/esco/concept-scheme/6c930acd-c104-4ece-acf7-f44fd7333036","Maintain and program different types of irrigation controllers including mechanical, solar battery, digital and computer controlled systems. Maintain procedures for safe re-use of water, render efficient the irrigation systems and keep water bodies in good status."
2629,KnowledgeSkillCompetence,http://data.europa.eu/esco/skill/2f6e5619-2478-475f-a414-ec05c2b72795,skill/competence,sector-specific,operate port communications systems,"operate communications systems in ports
conduct communications activities using port systems
conduct communications processes using port systems
operate dock communication systems
operate harbour communications systems
communicate using port communication systems
perform communications using port systems
use port communications systems
utilise port communication systems",,released,2024-02-09T17:29:09.009Z,,,"http://data.europa.eu/esco/concept-scheme/skills,
http://data.europa.eu/esco/concept-scheme/member-skills,
http://data.europa.eu/esco/concept-scheme/6c930acd-c104-4ece-acf7-f44fd7333036","Operate telephone and radio systems, and more complex communication systems used in inland waterway ports, in the coordination of port operations."
2637,KnowledgeSkillCompetence,http://data.europa.eu/esco/skill/2f954283-4642-409a-8e9b-d6ae0a11b358,skill/competence,sector-specific,use meteorological tools to forecast meteorological conditions,"anticipate weather conditions using meteorological tools
anticipate weather conditions using meteorological equipment
utilise meteorological tools to anticipate meteorological conditions
anticipate weather conditions using meteorological equipment and tools
use meteorological equipment to anticipate meteorological conditions
use meteorological tools to anticipate meteorological conditions
anticipate weather conditions using meteorological tools and equipment
utilise meteorological tools to forecast meteorological conditions
utilise meteorological equipment to anticipate meteorological conditions
develop forecasts of weather conditions using meteorological equipment
develop weather forecasts using meteorological equipment
use meteorological equipment to forecast meteorological conditions",,released,2024-02-09T17:29:16.725Z,,,"http://data.europa.eu/esco/concept-scheme/skills,
http://data.europa.eu/esco/concept-scheme/member-skills,
http://data.europa.eu/esco/concept-scheme/6c930acd-c104-4ece-acf7-f44fd7333036","Use meteorological data and tools such as weather facsimile machines, weather charts and computer terminals, to anticipate weather conditions."
2668,KnowledgeSkillCompetence,http://data.europa.eu/esco/skill/300d432b-f457-4cd3-9cb1-1858c7d14954,knowledge,sector-specific,OpenEdge Advanced Business Language,OpenEdge Advanced Business Language techniques,,released,2025-06-25T08:20:05.218Z,,,"http://data.europa.eu/esco/concept-scheme/skills,
http://data.europa.eu/esco/concept-scheme/member-skills,
http://data.europa.eu/esco/concept-scheme/6c930acd-c104-4ece-acf7-f44fd7333036","The techniques and principles of software development, such as analysis, algorithms, coding, testing and compiling of programming paradigms in OpenEdge Advanced Business Language."
2703,KnowledgeSkillCompetence,http://data.europa.eu/esco/skill/3093881b-74f6-48e1-820e-50831b0d0775,skill/competence,sector-specific,conduct video telemetry,"conduct a special type of electroencephalogram
perform a long EEG
conduct videotelemetry
carry out video telemetry
conduct video-telemetry",,released,2025-02-27T12:45:08.961Z,,,"http://data.europa.eu/esco/concept-scheme/skills,
http://data.europa.eu/esco/concept-scheme/member-skills,
http://data.europa.eu/esco/concept-scheme/6c930acd-c104-4ece-acf7-f44fd7333036","Record brainwaves for several days, combined with video images from a camera, in order to help decide if epilepsy surgery is feasible."
2714,KnowledgeSkillCompetence,http://data.europa.eu/esco/skill/30d926ba-1615-417c-a799-e24a3ea239b9,skill/competence,sector-specific,operate two-way radio systems,use two way radios,,released,2025-06-25T12:15:04.406Z,,,"http://data.europa.eu/esco/concept-scheme/skills,
http://data.europa.eu/esco/concept-scheme/member-skills,
http://data.europa.eu/esco/concept-scheme/6c930acd-c104-4ece-acf7-f44fd7333036",Use radios that can receive and transmit sound signals in order to communicate with similar radios on the same frequency such as mobile phones and walkie talkies.
2729,KnowledgeSkillCompetence,http://data.europa.eu/esco/skill/3140d979-2d6a-4c10-add9-f7091103829f,skill/competence,occupation-specific,create concept of digital game,design concepts of digital games,,released,2025-06-25T12:15:04.406Z,,,"http://data.europa.eu/esco/concept-scheme/skills,
http://data.europa.eu/esco/concept-scheme/member-skills,
http://data.europa.eu/esco/concept-scheme/6c930acd-c104-4ece-acf7-f44fd7333036","Develop and communicate every aspect of overall game vision. Communicate and collaborate with technical crew, artistic and design teams to implement the game vision."
2735,KnowledgeSkillCompetence,http://data.europa.eu/esco/skill/31587950-8b69-4a15-91c2-74dae22d38a4,skill/competence,sector-specific,support audio system installation,"support technical audio system
support installation of audio system
offer back-up of audio system installation",,released,2025-02-27T12:45:08.961Z,,,"http://data.europa.eu/esco/concept-scheme/skills,
http://data.europa.eu/esco/concept-scheme/member-skills,
http://data.europa.eu/esco/concept-scheme/6c930acd-c104-4ece-acf7-f44fd7333036",Support the on-site installation efforts of the team. Troubleshoot and debug audio systems.
2758,KnowledgeSkillCompetence,http://data.europa.eu/esco/skill/31d35d3d-2bf2-49aa-9c20-92566ef80277,skill/competence,cross-sector,use ICT systems,"complete complex tasks through use of ICT systems
use information and communication technology systems
conduct work activities using ICT systems
complete complex tasks through utilisation of ICT systems
use computer systems
utilise ICT systems
perform work tasks using ICT systems
use information and communication technologies
use ICT
utilise information and communication technologies
work using ICT systems",,released,2024-02-09T17:29:10.678Z,,,"http://data.europa.eu/esco/concept-scheme/skills,
http://data.europa.eu/esco/concept-scheme/member-skills,
http://data.europa.eu/esco/concept-scheme/6c930acd-c104-4ece-acf7-f44fd7333036",Select and use ICT systems for a variety of complex tasks in order to meet a variety of needs.
2766,KnowledgeSkillCompetence,http://data.europa.eu/esco/skill/31f53419-4bce-4b10-986a-70a9c7ac41a3,knowledge,sector-specific,micro mobility devices,"micro mobility gadgets
mobility lightweight vehicles
mobility lightweight devices
micro mobility vehicles",,released,2024-02-26T16:38:34.597Z,,,"http://data.europa.eu/esco/concept-scheme/skills,
http://data.europa.eu/esco/concept-scheme/member-skills,
http://data.europa.eu/esco/concept-scheme/6c930acd-c104-4ece-acf7-f44fd7333036","The different types of small lightweight vehicles for personal use such as shared bicycles, e-bicycles, e-scooters, electric skateboards."
2778,KnowledgeSkillCompetence,http://data.europa.eu/esco/skill/3233330f-bb93-47ea-93b4-ed903d05d9f1,skill/competence,occupation-specific,set up multimedia equipment,"assemble multimedia equipment
multimedia equipment set up
construct multimedia equipment
erect multimedia equipment
arrange multimedia equipment
setting up multimedia equipment
setting up of multimedia equipment",,released,2024-02-09T17:29:10.678Z,,,"http://data.europa.eu/esco/concept-scheme/skills,
http://data.europa.eu/esco/concept-scheme/member-skills,
http://data.europa.eu/esco/concept-scheme/6c930acd-c104-4ece-acf7-f44fd7333036","Set up and test the multimedia and related systems and technology, according to their specifications."
2781,KnowledgeSkillCompetence,http://data.europa.eu/esco/skill/32428b21-514b-42c2-81b5-244a7804ea74,knowledge,sector-specific,procurement of ICT network equipment,"network equipment vendors
NEC
Alcatel-Lucent
Ericsson
Juniper Networks
Avaya
Ciena","NEC
Alcatel-Lucent
Ciena
Avaya
Juniper Networks
Ericsson",released,2024-02-09T17:29:14.494Z,,,"http://data.europa.eu/esco/concept-scheme/skills,
http://data.europa.eu/esco/concept-scheme/member-skills,
http://data.europa.eu/esco/concept-scheme/6c930acd-c104-4ece-acf7-f44fd7333036",The products available from network equipment providers and methods for selecting and procuring the equipment.
2802,KnowledgeSkillCompetence,http://data.europa.eu/esco/skill/32a2c63d-2d13-4784-abb8-678ef2cd8a46,knowledge,sector-specific,machine translation,"computer-assisted translation
automatic translation
machine translating
CAT tranlsation",,released,2024-02-09T17:29:13.7Z,,,"http://data.europa.eu/esco/concept-scheme/skills,
http://data.europa.eu/esco/concept-scheme/member-skills,
http://data.europa.eu/esco/concept-scheme/6c930acd-c104-4ece-acf7-f44fd7333036",The computing field that researches the use of software for translating text or speech from one language to another.
2830,KnowledgeSkillCompetence,http://data.europa.eu/esco/skill/3325729c-96db-4217-a9ca-4564cc1f909b,skill/competence,occupation-specific,use polygonal modelling,"represent 3D polygonal models
apply polygonal modelling
employ polygon-based modelling",,released,2024-03-01T11:26:54.292Z,,,"http://data.europa.eu/esco/concept-scheme/skills,
http://data.europa.eu/esco/concept-scheme/member-skills,
http://data.europa.eu/esco/concept-scheme/6c930acd-c104-4ece-acf7-f44fd7333036",Represent 3D models by using line segments to connect vertices in order to create polygonal mesh on surfaces.
2850,KnowledgeSkillCompetence,http://data.europa.eu/esco/skill/33841903-78d8-4273-950d-755248290c2d,skill/competence,occupation-specific,carry out research on ground systems,"perform research on ground systems
research ground systems
execute ground system research studies
research ground systems and hardware
undertake research on ground systems
conduct research on ground systems
research ground system operations
research operations of ground systems
carry out ground systems research
undertake ground systems research
conduct ground systems research",,released,2024-02-09T17:29:15.968Z,,,"http://data.europa.eu/esco/concept-scheme/skills,
http://data.europa.eu/esco/concept-scheme/member-skills,
http://data.europa.eu/esco/concept-scheme/6c930acd-c104-4ece-acf7-f44fd7333036","Conduct research on ground systems and hardware; research the fields of encryption, networking, and mass storage."
2864,KnowledgeSkillCompetence,http://data.europa.eu/esco/skill/33a82b83-c838-4889-ae62-fae1317481eb,skill/competence,cross-sector,protect personal data and privacy,"protect online privacy and identity
review online privacy settings
take action to ensure online privacy
safeguard online identity and privacy
protect digital privacy
protect digital identity
safeguarding online privacy and identity
safeguard online privacy and identity
keep online privacy and identity secure
defend online privacy and identity
safeguard online privacy and identities",,released,2025-02-27T12:45:08.961Z,,,"http://data.europa.eu/esco/concept-scheme/skills,
http://data.europa.eu/esco/concept-scheme/member-skills,
http://data.europa.eu/esco/concept-scheme/6c930acd-c104-4ece-acf7-f44fd7333036,
http://data.europa.eu/esco/concept-scheme/digcomp",Protect personal data and privacy in digital environments. Understand how to use and share personally identifiable information while being able to protect oneself and others from damages. Understand that digital services use a “Privacy policy” to inform how personal data is used.
2866,KnowledgeSkillCompetence,http://data.europa.eu/esco/skill/33b55d3a-81f5-45cb-af40-06cd54db78e1,skill/competence,sector-specific,output electronic files,"generate electronic files
produce electronic files
issue electronic files
output electronic file
outputting electronic files",,released,2024-02-09T17:29:10.678Z,,,"http://data.europa.eu/esco/concept-scheme/skills,
http://data.europa.eu/esco/concept-scheme/member-skills,
http://data.europa.eu/esco/concept-scheme/6c930acd-c104-4ece-acf7-f44fd7333036","Load customer supplied electronic files onto the prepress file server, whilst checking them for completeness and potential problems. Communicate eventual problems with customers and production personnel."
2869,KnowledgeSkillCompetence,http://data.europa.eu/esco/skill/33d49d4f-31ec-473f-9b8a-b555aa5116bb,knowledge,sector-specific,iterative development,iterative development methodology,,released,2025-06-25T08:20:05.218Z,,,"http://data.europa.eu/esco/concept-scheme/skills,
http://data.europa.eu/esco/concept-scheme/member-skills,
http://data.europa.eu/esco/concept-scheme/6c930acd-c104-4ece-acf7-f44fd7333036",The iterative development model is a methodology to design software systems and applications.
2875,KnowledgeSkillCompetence,http://data.europa.eu/esco/skill/33efa504-2f26-424d-b662-cee77e6e9c93,knowledge,sector-specific,digital identity management,"IAM
digital identity methods",,released,2023-11-29T16:32:10.773Z,,,"http://data.europa.eu/esco/concept-scheme/skills,
http://data.europa.eu/esco/concept-scheme/member-skills,
http://data.europa.eu/esco/concept-scheme/6c930acd-c104-4ece-acf7-f44fd7333036","The process of providing, managing, auditing and securing digital identities to facilitate and enable approved, authentic requests or connections to view company data, services, systems, networks, and assets."
2881,KnowledgeSkillCompetence,http://data.europa.eu/esco/skill/3413584b-a4e9-4f8d-b836-c9bfee0ed80b,skill/competence,sector-specific,process data from railway control rooms,"evaluate data from railway control rooms
conduct railway control room data processing activities
process control room data to ensure effective railway operations
perform railway control room data processing activities
use control room data to ensure effective railway operations
assess data from railway control rooms
analyse data from railway control rooms
use control room data to inform railway operations
utilise data from railway control rooms",,released,2025-02-27T12:45:08.961Z,,,"http://data.europa.eu/esco/concept-scheme/skills,
http://data.europa.eu/esco/concept-scheme/member-skills,
http://data.europa.eu/esco/concept-scheme/6c930acd-c104-4ece-acf7-f44fd7333036","Interpret data generated in control rooms in railway stations. Utilise gathered information to identify faults in mechanical equipment, schedule changes, and identify delays and incidents that may occur; provide solutions in the event of incidents and mitigate the impact on operations."
2912,KnowledgeSkillCompetence,http://data.europa.eu/esco/skill/348b74cd-49ce-4844-8bdf-ec188b497213,knowledge,sector-specific,visual presentation techniques,"Infoviz
information visualisation
visualization interface
Infovis
information visualization",Prezi,released,2025-02-27T12:45:08.961Z,,,"http://data.europa.eu/esco/concept-scheme/skills,
http://data.europa.eu/esco/concept-scheme/member-skills,
http://data.europa.eu/esco/concept-scheme/6c930acd-c104-4ece-acf7-f44fd7333036","The visual representation and interaction techniques, such as histograms, scatter plots, surface plots, tree maps and parallel coordinate plots, that can be used to present abstract numerical and non-numerical data, in order to reinforce the human understanding of this information."
2917,KnowledgeSkillCompetence,http://data.europa.eu/esco/skill/34928d4f-16e2-46a7-937a-c46838f550eb,knowledge,occupation-specific,pay-per-click,"PPC
disseminating general corporate information
cost-per-click
CPC
disseminate corporate information
disseminate information for corporation",,released,2024-02-09T17:29:09.851Z,,,"http://data.europa.eu/esco/concept-scheme/skills,
http://data.europa.eu/esco/concept-scheme/member-skills,
http://data.europa.eu/esco/concept-scheme/6c930acd-c104-4ece-acf7-f44fd7333036",Internet advertising model where an advert is place in a website directing traffic to some other website. The publisher gets paid by every click on the banner.
2918,KnowledgeSkillCompetence,http://data.europa.eu/esco/skill/3497ebe1-d417-4105-a68f-f7bbcac7ee5f,knowledge,cross-sector,ICT hardware specifications,"specifications for ICT hardware
ICT hardware needs
ICT hardware requirements
ICT hardware stipulations
ICT hardware characteristics
an ICT hardware specification
ICT hardware specification",,released,2024-02-09T17:29:12.215Z,,,"http://data.europa.eu/esco/concept-scheme/skills,
http://data.europa.eu/esco/concept-scheme/member-skills,
http://data.europa.eu/esco/concept-scheme/6c930acd-c104-4ece-acf7-f44fd7333036","The characteristics, uses and operations of various hardware products such as printers, screens, and laptops."
2919,KnowledgeSkillCompetence,http://data.europa.eu/esco/skill/34982b79-842f-4835-8598-d27793731d26,skill/competence,occupation-specific,manage library users queries,"manage library user queries
managing library users queries
handle library users queries",,released,2024-02-09T17:29:11.47Z,,,"http://data.europa.eu/esco/concept-scheme/skills,
http://data.europa.eu/esco/concept-scheme/member-skills,
http://data.europa.eu/esco/concept-scheme/6c930acd-c104-4ece-acf7-f44fd7333036","Search library databases and standard reference materials, including online sources, to help users should they have questions."
2925,KnowledgeSkillCompetence,http://data.europa.eu/esco/skill/34bc01ed-dd78-49c7-bcfb-c17bb66688b5,skill/competence,occupation-specific,test power electronics,"evaluate power electronics
gather data on power electronics
validate battery planning
perform battery diagnosis
analyse power electronics
analyse battery failures
assess power electronics",,released,2023-06-19T15:47:16.698Z,,,"http://data.europa.eu/esco/concept-scheme/skills,
http://data.europa.eu/esco/concept-scheme/member-skills,
http://data.europa.eu/esco/concept-scheme/6c930acd-c104-4ece-acf7-f44fd7333036","Test power electronics using appropriate equipment. Gather and analyse data on systems and components, such as analogue and digital circuit tolerance, power losses and overall efficiency as electricity works its way through circuits. Monitor and evaluate system performance and take action if needed."
2943,KnowledgeSkillCompetence,http://data.europa.eu/esco/skill/3501ac95-4574-4420-92b7-67331e649462,skill/competence,occupation-specific,manage multi frequency wireless signal distribution,"manage wireless equipment set-up for performing art
oversee wireless equipment set-up for performing art
oversee wireless equipment set-up for event applications
manage multi-band wireless signal distribution
oversee multi-band wireless signal distribution",,released,2024-02-26T09:30:35.46Z,,,"http://data.europa.eu/esco/concept-scheme/skills,
http://data.europa.eu/esco/concept-scheme/member-skills,
http://data.europa.eu/esco/concept-scheme/6c930acd-c104-4ece-acf7-f44fd7333036","Manage the set-up of wireless equipment for distribution of wireless control signals for performing art and event applications. Develop frequency plans, configure, test and monitor equipment and measures frequency spectrum. Ensure there is no interference between the different frequencies and channels and industry standard security for these devices."
2977,KnowledgeSkillCompetence,http://data.europa.eu/esco/skill/359b5031-74da-418f-bd97-6f4e66eb9851,knowledge,sector-specific,printing on large scale machines,"printing on large scale equipment
printing on large scale technology
printing on large scale machinery
printing on large scale machine
printing on large scale apparatus
printing on large scale system",,released,2024-02-09T17:29:15.968Z,,,"http://data.europa.eu/esco/concept-scheme/skills,
http://data.europa.eu/esco/concept-scheme/member-skills,
http://data.europa.eu/esco/concept-scheme/6c930acd-c104-4ece-acf7-f44fd7333036","Methods, processes, and restrictions related to printing on machines that produce large quantities and sizes of graphic print materials."
3003,KnowledgeSkillCompetence,http://data.europa.eu/esco/skill/36500a31-3204-45b2-bf75-5cfe06d9cea2,skill/competence,sector-specific,use thermal management,"thermal management providing
thermal management using
providing thermal management solutions
using thermal management
provide thermal management
thermal management use
thermal management solutions providing
provide thermal management solutions
providing thermal management",,released,2024-02-09T17:29:11.47Z,,,"http://data.europa.eu/esco/concept-scheme/skills,
http://data.europa.eu/esco/concept-scheme/member-skills,
http://data.europa.eu/esco/concept-scheme/6c930acd-c104-4ece-acf7-f44fd7333036","Provide thermal management solutions for product design, system development and electronic devices used to protect high power systems and applications in demanding environments. These can be eventually collaborated with customers or other engineers."
3015,KnowledgeSkillCompetence,http://data.europa.eu/esco/skill/367c240d-5f34-423a-86b1-866ad27206ea,skill/competence,cross-sector,digitise documents,"scan documents
carry out document digitisation",,released,2024-03-01T10:48:03.687Z,,,"http://data.europa.eu/esco/concept-scheme/skills,
http://data.europa.eu/esco/concept-scheme/member-skills,
http://data.europa.eu/esco/concept-scheme/6c930acd-c104-4ece-acf7-f44fd7333036","Load analog documents by converting them into a digital format, using specialised hardware and software."
3036,KnowledgeSkillCompetence,http://data.europa.eu/esco/skill/3703eac1-8941-4d14-b305-b03f653b08c8,skill/competence,sector-specific,create online news content,"creating online news content
make online news content
produce online news content
develop online news content
create on-line news content
create news content online",,released,2024-02-09T17:29:12.952Z,,,"http://data.europa.eu/esco/concept-scheme/skills,
http://data.europa.eu/esco/concept-scheme/member-skills,
http://data.europa.eu/esco/concept-scheme/6c930acd-c104-4ece-acf7-f44fd7333036","Create and upload news content for e.g. websites, blogs and social media."
3059,KnowledgeSkillCompetence,http://data.europa.eu/esco/skill/377861af-f966-4c87-a2db-7e99904312b9,knowledge,sector-specific,geographic information systems,"RS
gis
GIS
remote sensing
GPS
global positioning systems
gps
geospatial technologies
rs","ArcGIS
QGIS",released,2025-02-27T12:45:08.961Z,,,"http://data.europa.eu/esco/concept-scheme/skills,
http://data.europa.eu/esco/concept-scheme/member-skills,
http://data.europa.eu/esco/concept-scheme/6c930acd-c104-4ece-acf7-f44fd7333036","The tools involved in geographical mapping and positioning, such as GPS (global positioning systems), GIS (geographical information systems), and RS (remote sensing)."
3067,KnowledgeSkillCompetence,http://data.europa.eu/esco/skill/378caeec-10a0-4162-b75c-ab374a42e93d,knowledge,sector-specific,e-procurement,"e buying
e purchasing
e-procuring
e tendering
e selling",,released,2024-02-09T17:29:12.952Z,,,"http://data.europa.eu/esco/concept-scheme/skills,
http://data.europa.eu/esco/concept-scheme/member-skills,
http://data.europa.eu/esco/concept-scheme/6c930acd-c104-4ece-acf7-f44fd7333036",The functioning and methods used to manage electronic purchases.
3071,KnowledgeSkillCompetence,http://data.europa.eu/esco/skill/37a438f3-e28c-4e32-83c5-299f047c1dc9,skill/competence,cross-sector,apply tools for content development,"use terminology management tools
use content development tools
use translation memory systems
use language checkers
use language editing tools",,released,2025-06-25T12:15:04.406Z,,,"http://data.europa.eu/esco/concept-scheme/skills,
http://data.europa.eu/esco/concept-scheme/member-skills,
http://data.europa.eu/esco/concept-scheme/6c930acd-c104-4ece-acf7-f44fd7333036","Use specialised content development tools such as content and terminology management systems, translation memory systems, language checker and editors to generate, compile and transform content according to specified standards."
3094,KnowledgeSkillCompetence,http://data.europa.eu/esco/skill/382c11ed-20d5-4ae7-b60e-15fec527fa6c,skill/competence,cross-sector,apply statistical analysis techniques,"apply numerical analysis to data
apply JMP statistical analysis techniques
apply minitab statistical analysis techniques",,released,2025-04-11T12:49:54.827Z,,,"http://data.europa.eu/esco/concept-scheme/skills,
http://data.europa.eu/esco/concept-scheme/member-skills,
http://data.europa.eu/esco/concept-scheme/6c930acd-c104-4ece-acf7-f44fd7333036","Use models (descriptive or inferential statistics) and techniques (data mining or machine learning) for statistical analysis and ICT tools to analyse data, uncover correlations and forecast trends."
3110,KnowledgeSkillCompetence,http://data.europa.eu/esco/skill/38716afc-a93b-44ab-96cc-2ecf67edcf32,skill/competence,sector-specific,do cloud refactoring,"optimise cloud services
perform cloud refactoring
optimise cloud features
refactor cloud services
do cloud features refactoring",,released,2024-03-01T08:13:15.154Z,,,"http://data.europa.eu/esco/concept-scheme/skills,
http://data.europa.eu/esco/concept-scheme/member-skills,
http://data.europa.eu/esco/concept-scheme/6c930acd-c104-4ece-acf7-f44fd7333036","Optimise application to best use cloud services and features, migrate existing application code to run on cloud infrastructure."
3127,KnowledgeSkillCompetence,http://data.europa.eu/esco/skill/38da3c60-4b7c-4698-9256-574e4ee4e93b,knowledge,cross-sector,knowledge base,IT knowledge base,,released,2023-11-29T16:23:32.319Z,,,"http://data.europa.eu/esco/concept-scheme/skills,
http://data.europa.eu/esco/concept-scheme/member-skills,
http://data.europa.eu/esco/concept-scheme/6c930acd-c104-4ece-acf7-f44fd7333036",An online library that contains information about a product or service to help customers finding answers to their queries.
3151,KnowledgeSkillCompetence,http://data.europa.eu/esco/skill/397da142-ab35-48fe-b154-7c38f447adfb,knowledge,cross-sector,digital systems,digital information systems,,released,2023-11-29T16:26:49.348Z,,,"http://data.europa.eu/esco/concept-scheme/skills,
http://data.europa.eu/esco/concept-scheme/member-skills,
http://data.europa.eu/esco/concept-scheme/6c930acd-c104-4ece-acf7-f44fd7333036","Systems to store, process and spread information in digital form. They are hardware, software and networks, as well as the ways in which these can be employed."
3155,KnowledgeSkillCompetence,http://data.europa.eu/esco/skill/398b4b25-fb61-4003-9293-50914d8bfcba,skill/competence,cross-sector,run a media server,"run a server for the media
carry out planned installation of media system
running media servers
operate a media server",,released,2024-02-09T17:29:14.494Z,,,"http://data.europa.eu/esco/concept-scheme/skills,
http://data.europa.eu/esco/concept-scheme/member-skills,
http://data.europa.eu/esco/concept-scheme/6c930acd-c104-4ece-acf7-f44fd7333036",Set up and run a media server.
3185,KnowledgeSkillCompetence,http://data.europa.eu/esco/skill/3a09d732-08b9-4c90-8fd3-34e2d69ce084,skill/competence,sector-specific,explain blockchain implications,"analyse the implications of blockchain for governance
explain practical implications of blockchain",,released,2025-07-25T08:55:01.796Z,,,"http://data.europa.eu/esco/concept-scheme/skills,
http://data.europa.eu/esco/concept-scheme/green,
http://data.europa.eu/esco/concept-scheme/member-skills,
http://data.europa.eu/esco/concept-scheme/6c930acd-c104-4ece-acf7-f44fd7333036","Explain the consequences, impact, and implications of using blockchain technology on the business processes they drive, as well as on a larger scale, also including social and ecological aspects."
3191,KnowledgeSkillCompetence,http://data.europa.eu/esco/skill/3a2d5b45-56e4-4f5a-a55a-4a4a65afdc43,knowledge,cross-sector,machine learning,"ML
supervised learning
machine learning models
semi-supervised learning
unsupervised learning",,released,2024-02-23T13:19:35.365Z,,,"http://data.europa.eu/esco/concept-scheme/skills,
http://data.europa.eu/esco/concept-scheme/member-skills,
http://data.europa.eu/esco/concept-scheme/6c930acd-c104-4ece-acf7-f44fd7333036","The principles, methods and algorithms of machine learning, a subfield of artificial intelligence. Common machine learning models such as supervised or unsupervised models, semi- supervised models and reinforcement learning models."
3193,KnowledgeSkillCompetence,http://data.europa.eu/esco/skill/3a33cec3-4b44-471a-8864-5cc8567a8b1f,knowledge,cross-sector,CADD software,"CADD software specifications and operations
CADD softwares
computer-aided design and drafting software",,released,2024-02-09T17:29:15.235Z,CADD software should be differentiated from computer-aided design (CAD) software. CADD systems are CAD systems with additional drafting features enabling the user to insert size annotations and other notes into a design.,,"http://data.europa.eu/esco/concept-scheme/skills,
http://data.europa.eu/esco/concept-scheme/member-skills,
http://data.europa.eu/esco/concept-scheme/6c930acd-c104-4ece-acf7-f44fd7333036",The computer-aided design and drafting (CADD) is the use of computer technology for design and design documentation. CAD software replaces manual drafting with an automated process.
3232,KnowledgeSkillCompetence,http://data.europa.eu/esco/skill/3af687cb-8c7a-46ea-a730-32dbaed040c6,knowledge,sector-specific,Oracle Data Integrator,ODI,,released,2024-02-09T17:29:12.952Z,,,"http://data.europa.eu/esco/concept-scheme/skills,
http://data.europa.eu/esco/concept-scheme/member-skills,
http://data.europa.eu/esco/concept-scheme/6c930acd-c104-4ece-acf7-f44fd7333036","The computer program Oracle Data Integrator is a tool for integration of information from multiple applications, created and maintained by organisations, into one consistent and transparent data structure, developed by the software company Oracle."
3271,KnowledgeSkillCompetence,http://data.europa.eu/esco/skill/3bddfd7c-ab6d-40c2-883d-5e97fb7640ba,skill/competence,sector-specific,create software design,create application design,,released,2024-02-09T17:29:14.494Z,,,"http://data.europa.eu/esco/concept-scheme/skills,
http://data.europa.eu/esco/concept-scheme/member-skills,
http://data.europa.eu/esco/concept-scheme/6c930acd-c104-4ece-acf7-f44fd7333036",Transpose a series of requirements into a clear and organised software design.
3272,KnowledgeSkillCompetence,http://data.europa.eu/esco/skill/3be6b84a-fa78-42b9-a8df-150cdb40b9d7,knowledge,sector-specific,ICT quality policy,ICT quality control,,released,2025-06-25T08:20:05.218Z,,,"http://data.europa.eu/esco/concept-scheme/skills,
http://data.europa.eu/esco/concept-scheme/member-skills,
http://data.europa.eu/esco/concept-scheme/6c930acd-c104-4ece-acf7-f44fd7333036","The quality policy of the organisation and its objectives, the acceptable level of quality and the techniques to measure it, its legal aspects and the duties of specific departments to ensure quality."
3273,KnowledgeSkillCompetence,http://data.europa.eu/esco/skill/3be79ccc-a455-49b9-8c65-55c50071ba5b,knowledge,sector-specific,distributed ledger technology,principles of distributed ledger technology,,released,2023-11-09T14:10:52.023Z,,,"http://data.europa.eu/esco/concept-scheme/skills,
http://data.europa.eu/esco/concept-scheme/member-skills,
http://data.europa.eu/esco/concept-scheme/6c930acd-c104-4ece-acf7-f44fd7333036","The distributed ledger theories, applied principles, architectures and systems, such as decentralization, consensus mechanisms, smart contracts, trust, etc."
3285,KnowledgeSkillCompetence,http://data.europa.eu/esco/skill/3c134a08-521f-489d-9ff0-d84fcdc963eb,skill/competence,sector-specific,create SCORM packages,"develop SCORM packages
build SCORM packages
generate SCORM packages",,released,2025-06-25T12:15:04.406Z,,,"http://data.europa.eu/esco/concept-scheme/skills,
http://data.europa.eu/esco/concept-scheme/member-skills,
http://data.europa.eu/esco/concept-scheme/6c930acd-c104-4ece-acf7-f44fd7333036",Develop educational packages for e-learning platforms using the Sharable Content Object Reference Model (SCORM) standard.
3287,KnowledgeSkillCompetence,http://data.europa.eu/esco/skill/3c1af34b-4562-4c39-a30e-0812b84a147e,skill/competence,cross-sector,use specialised design software,"use specialized design software
using specialised design software
work with specialised design software
utilize specialised design software",,released,2022-07-05T14:33:28.658Z,,,"http://data.europa.eu/esco/concept-scheme/skills,
http://data.europa.eu/esco/concept-scheme/member-skills,
http://data.europa.eu/esco/concept-scheme/6c930acd-c104-4ece-acf7-f44fd7333036",Developing new designs mastering specialised software.
3299,KnowledgeSkillCompetence,http://data.europa.eu/esco/skill/3c4c3fa1-d638-42df-8e98-2a38021da6f9,skill/competence,cross-sector,use software for data preservation,preserve digital evidence,,released,2024-02-09T17:29:09.851Z,,,"http://data.europa.eu/esco/concept-scheme/skills,
http://data.europa.eu/esco/concept-scheme/member-skills,
http://data.europa.eu/esco/concept-scheme/6c930acd-c104-4ece-acf7-f44fd7333036",Utilise specialised applications and software to collect and preserve digital information.
3307,KnowledgeSkillCompetence,http://data.europa.eu/esco/skill/3c6fe585-7d12-4315-b579-e30c042088ce,skill/competence,cross-sector,use computer-aided engineering systems,"use a computer-aided engineering system
utilise computer-aided engineering systems
use a CAE system
use CAE systems
work with CAE systems
employ CAE systems
operate computer-aided engineering systems
deal with CAE systems
apply computer-aided engineering systems",,released,2024-02-09T17:29:12.952Z,,,"http://data.europa.eu/esco/concept-scheme/skills,
http://data.europa.eu/esco/concept-scheme/member-skills,
http://data.europa.eu/esco/concept-scheme/6c930acd-c104-4ece-acf7-f44fd7333036",Use computer-aided engineering software to conduct stress analyses on engineering designs.
3309,KnowledgeSkillCompetence,http://data.europa.eu/esco/skill/3c748b49-fe85-42f6-b62d-b877bc8edb29,skill/competence,sector-specific,observe celestial objects,"observe celestial object
see astral bodies
observing celestial objects
view celestial bodies",,released,2024-02-09T17:29:12.215Z,,,"http://data.europa.eu/esco/concept-scheme/skills,
http://data.europa.eu/esco/concept-scheme/member-skills,
http://data.europa.eu/esco/concept-scheme/6c930acd-c104-4ece-acf7-f44fd7333036","Study the relative positions and movements of stars and planets, by using and interpreting data provided by specialised software and publications such as ephemeris."
3313,KnowledgeSkillCompetence,http://data.europa.eu/esco/skill/3c7d58c9-125e-4d8d-9102-b8022c54d0b5,skill/competence,sector-specific,operate maritime communication equipment,"maintain and operate maritime communications apparatus
use maritime communication devices
utilise maritime communication equipment
undertake maritime communications equipment activities
carry out operations using maritime communications equipment
perform operations using maritime communications equipment
use maritime communication equipment
operate maritime communication devices
maintain maritime communications equipment and devices
utilise maritime communication devices",,released,2024-02-09T17:29:12.215Z,,,"http://data.europa.eu/esco/concept-scheme/skills,
http://data.europa.eu/esco/concept-scheme/member-skills,
http://data.europa.eu/esco/concept-scheme/6c930acd-c104-4ece-acf7-f44fd7333036",Operate and maintain maritime communication devices. Conduct periodic inspections of communication equipment.
3337,KnowledgeSkillCompetence,http://data.europa.eu/esco/skill/3cc1ee94-ab2c-4f35-8171-3cf4b5b664e4,knowledge,cross-sector,digital compositing,"digital compositing process
image compositing",,released,2025-06-25T08:20:05.218Z,,,"http://data.europa.eu/esco/concept-scheme/skills,
http://data.europa.eu/esco/concept-scheme/member-skills,
http://data.europa.eu/esco/concept-scheme/6c930acd-c104-4ece-acf7-f44fd7333036","The process and software for digitally assembling multiple images to make one, final image."
3345,KnowledgeSkillCompetence,http://data.europa.eu/esco/skill/3cd569a2-4f88-4c1e-9995-8dce8c5e51a7,knowledge,sector-specific,JavaScript,"Client-side JavaScript
Live Script
Escript
CSJS
Mocha
Server-side JavaScript","JavaScript 1.7
Live-Script
Javascript
JavaScript 1.6
Live-script
Java script
JavaScript",released,2023-06-08T15:54:59.877Z,,,"http://data.europa.eu/esco/concept-scheme/skills,
http://data.europa.eu/esco/concept-scheme/member-skills,
http://data.europa.eu/esco/concept-scheme/6c930acd-c104-4ece-acf7-f44fd7333036","The techniques and principles of software development, such as analysis, algorithms, coding, testing and compiling of programming paradigms in JavaScript."
3348,KnowledgeSkillCompetence,http://data.europa.eu/esco/skill/3ce1fe19-7f9e-4070-941d-651673a5693b,knowledge,sector-specific,decision support systems,"decision-making tools
decision support matrix
decision support software",,released,2024-02-09T17:29:12.215Z,,,"http://data.europa.eu/esco/concept-scheme/skills,
http://data.europa.eu/esco/concept-scheme/member-skills,
http://data.europa.eu/esco/concept-scheme/6c930acd-c104-4ece-acf7-f44fd7333036",The ICT systems that can be used to support business or organisational decision making.
3349,KnowledgeSkillCompetence,http://data.europa.eu/esco/skill/3cee858e-79e8-4a4b-b99f-93c7f735d58b,knowledge,sector-specific,DB2,"DB2 Connect
DB2 for i
IBM DB2
IBM DB2 database software
DB2 for z/OS
DB2 database software
DB2 on Cloud",,released,2024-02-09T17:29:09.851Z,,,"http://data.europa.eu/esco/concept-scheme/skills,
http://data.europa.eu/esco/concept-scheme/member-skills,
http://data.europa.eu/esco/concept-scheme/6c930acd-c104-4ece-acf7-f44fd7333036","The computer program IBM DB2 is a tool for creating, updating and managing databases, developed by the software company IBM."
3353,KnowledgeSkillCompetence,http://data.europa.eu/esco/skill/3cfa46e9-b7da-44ac-b09e-9596dffe0425,skill/competence,sector-specific,optimise choice of ICT solution,"enhance choice of ICT solution
carry out ICT planning
carry out ICT strategic planning
select ICT solution
perform ICT planning
perform ICT strategic planning",,released,2024-02-28T10:39:38.322Z,,,"http://data.europa.eu/esco/concept-scheme/skills,
http://data.europa.eu/esco/concept-scheme/member-skills,
http://data.europa.eu/esco/concept-scheme/6c930acd-c104-4ece-acf7-f44fd7333036","Select the appropriate solutions in the field of ICT while taking into account potential risks, benefits and overall impact."
3355,KnowledgeSkillCompetence,http://data.europa.eu/esco/skill/3d03c40c-1b83-4793-8902-2523f40af59e,knowledge,sector-specific,Microsoft Access,"Microsoft Office Access
MS Access",,released,2025-04-16T10:33:05.323Z,,,"http://data.europa.eu/esco/concept-scheme/skills,
http://data.europa.eu/esco/concept-scheme/member-skills,
http://data.europa.eu/esco/concept-scheme/6c930acd-c104-4ece-acf7-f44fd7333036","The computer program Access is a tool for creating, updating and managing databases, developed by the software company Microsoft."
3369,KnowledgeSkillCompetence,http://data.europa.eu/esco/skill/3d427a49-4f85-42cd-8a92-62d4a34f41a1,skill/competence,sector-specific,file documents,"filing of documents
order documents
record documents",,released,2024-02-09T17:29:12.215Z,,,"http://data.europa.eu/esco/concept-scheme/skills,
http://data.europa.eu/esco/concept-scheme/member-skills,
http://data.europa.eu/esco/concept-scheme/6c930acd-c104-4ece-acf7-f44fd7333036",Create a filing system. Write a document catalogue. Label documents etc.
3380,KnowledgeSkillCompetence,http://data.europa.eu/esco/skill/3d957fb2-b8f4-4b4c-b955-23299c761ad5,skill/competence,cross-sector,design web-based courses,"prepare online classes
design online classes",,released,2025-06-25T12:15:04.406Z,,,"http://data.europa.eu/esco/concept-scheme/skills,
http://data.europa.eu/esco/concept-scheme/member-skills,
http://data.europa.eu/esco/concept-scheme/6c930acd-c104-4ece-acf7-f44fd7333036","Create web-based training and instruction courses using dynamic and static online tools to deliver learning outcomes to the audience of the course. Web tools used here can include streaming video and audio, live internet broadcasts, information portals, chatrooms and bulletin boards."
3391,KnowledgeSkillCompetence,http://data.europa.eu/esco/skill/3dc6fd8e-6ff7-432e-a262-04d487858efb,skill/competence,cross-sector,assemble hardware components,"computer hardware assembling
computer components assembling
assembling computer hardware
assembling computer components",,released,2024-02-09T17:29:11.47Z,,,"http://data.europa.eu/esco/concept-scheme/skills,
http://data.europa.eu/esco/concept-scheme/member-skills,
http://data.europa.eu/esco/concept-scheme/6c930acd-c104-4ece-acf7-f44fd7333036","Assemble the necessary hardware components, such as the motherboard, Central Processing Unit (CPU), hard drive, disk drive, power supply unit, RAM, PCI card, mouse, keyboard, cameras and other necessary components to build the computer device. Attach the components manually using screwdrivers or use assembly machines and install the wiring."
3410,KnowledgeSkillCompetence,http://data.europa.eu/esco/skill/3e23db60-0c3d-498a-a6ac-ffbed0ecb033,knowledge,sector-specific,ICT accessibility standards,"digital accessibility standards
accessibility standards and guidelines
assistive technology standards",,released,2024-02-09T17:29:09.851Z,,,"http://data.europa.eu/esco/concept-scheme/skills,
http://data.europa.eu/esco/concept-scheme/member-skills,
http://data.europa.eu/esco/concept-scheme/6c930acd-c104-4ece-acf7-f44fd7333036","The recommendations for making ICT content and applications more accessible to a wider range of people, mostly with disabilities, such as blindness and low vision, deafness and hearing loss and cognitive limitations. It includes standards such as Web Content Accessibility Guidelines (WCAG)."
3413,KnowledgeSkillCompetence,http://data.europa.eu/esco/skill/3e2ab38a-4519-4bef-b762-a8bf4836a775,skill/competence,cross-sector,perform dimensionality reduction,"data feature engineering
t-distributed stochastic neighbor embedding
data feature extraction
data feature selection
multidimensional scaling
t-SNE
Kohonen self-organizing map",,released,2022-07-05T14:37:59.932Z,,,"http://data.europa.eu/esco/concept-scheme/skills,
http://data.europa.eu/esco/concept-scheme/member-skills,
http://data.europa.eu/esco/concept-scheme/6c930acd-c104-4ece-acf7-f44fd7333036","Reduce the number of variables or features for a dataset in machine learning algorithms through methods such as principal component analysis, matrix factorization, autoencoder methods, and others."
3432,KnowledgeSkillCompetence,http://data.europa.eu/esco/skill/3e7516dc-0f7c-4686-8b2f-fade4e5d21be,knowledge,sector-specific,3D texturing,"3D Surface Texturing Techniques
3D texturing process",,released,2025-06-25T08:20:05.218Z,,,"http://data.europa.eu/esco/concept-scheme/skills,
http://data.europa.eu/esco/concept-scheme/member-skills,
http://data.europa.eu/esco/concept-scheme/6c930acd-c104-4ece-acf7-f44fd7333036",The process of applying a type of surface to a 3D image.
3433,KnowledgeSkillCompetence,http://data.europa.eu/esco/skill/3e75d405-c3d1-4a66-9963-05a9397d68fb,knowledge,cross-sector,printed circuit boards testing methods,"in-circuit test
testing methods for printed circuit boards
automated optical inspection
AOI
joint test action group test
methods for testing PCBs
JTAG test
methods for testing printed circuit boards
PCB testing methods
PCBs testing methods",,released,2025-04-16T10:33:44.772Z,,,"http://data.europa.eu/esco/concept-scheme/skills,
http://data.europa.eu/esco/concept-scheme/member-skills,
http://data.europa.eu/esco/concept-scheme/6c930acd-c104-4ece-acf7-f44fd7333036","Printed circuit board (PCB) testing methods consist of those processes in which PCB components or systems are tested, such as the in-circuit test (ICT), joint test action group (JTAG) test, and automated optical inspection (AOI)."
3443,KnowledgeSkillCompetence,http://data.europa.eu/esco/skill/3ec2e4d6-7000-4905-bf1a-c5b1679416de,knowledge,occupation-specific,data warehouse,"enterprise data storage
data warehouse solutions
data repository",,released,2025-06-25T08:20:05.218Z,,,"http://data.europa.eu/esco/concept-scheme/skills,
http://data.europa.eu/esco/concept-scheme/member-skills,
http://data.europa.eu/esco/concept-scheme/6c930acd-c104-4ece-acf7-f44fd7333036",The data storage system that analyses and reports on data such as a data mart.
3474,KnowledgeSkillCompetence,http://data.europa.eu/esco/skill/3f4dab51-572b-4e2c-85ef-3b4c3f7094e1,knowledge,sector-specific,XQuery,XQuery language,"XQuery 3.0
XQuery 1.0",released,2023-06-09T15:22:49.234Z,,,"http://data.europa.eu/esco/concept-scheme/skills,
http://data.europa.eu/esco/concept-scheme/member-skills,
http://data.europa.eu/esco/concept-scheme/6c930acd-c104-4ece-acf7-f44fd7333036",The computer language XQuery is a query language for retrieval of information from a database and of documents containing the needed information. It is developed by the international standards organisation World Wide Web Consortium.
3494,KnowledgeSkillCompetence,http://data.europa.eu/esco/skill/3fb8b724-1d52-4d11-b8b8-1776f558d1f0,skill/competence,occupation-specific,design ICT hardware placement,"specify ICT hardware placement in buildings
design ICT hardware placement in buildings
plan ICT hardware placement in buildings
specify ICT hardware placement",,released,2025-06-25T12:15:04.406Z,,,"http://data.europa.eu/esco/concept-scheme/skills,
http://data.europa.eu/esco/concept-scheme/member-skills,
http://data.europa.eu/esco/concept-scheme/6c930acd-c104-4ece-acf7-f44fd7333036",Describe and plan how cables and related hardware items will be placed throughout the building.
3508,KnowledgeSkillCompetence,http://data.europa.eu/esco/skill/3ff589b7-68df-4ea5-ae41-b395bdb2378f,knowledge,sector-specific,ICT security standards,"ICT security compliances
cyber security frameworks
IT security frameworks
cyber security compliances
ICT security frameworks
information security compliances
information security frameworks
cyber security standards
IT security compliances
IT security standards
information security standards",,released,2025-02-27T12:45:08.961Z,,,"http://data.europa.eu/esco/concept-scheme/skills,
http://data.europa.eu/esco/concept-scheme/member-skills,
http://data.europa.eu/esco/concept-scheme/6c930acd-c104-4ece-acf7-f44fd7333036","Best practices and guidelines established for securing information and communication technology (ICT) systems and data. Standards as is the case of ISO 27000 series, provide a framework for implementing effective security controls, including access control, risk assessment and incident management, as well as to provide compliance of anorganisation."
3511,KnowledgeSkillCompetence,http://data.europa.eu/esco/skill/40001d93-8937-4859-89d5-2dca53290ff4,skill/competence,cross-sector,share through digital technologies,"share data through appropriate digital technologies
share digital content through appropriate digital technologies
act as intermediary in digital technology",,released,2025-06-25T12:15:04.406Z,,,"http://data.europa.eu/esco/concept-scheme/skills,
http://data.europa.eu/esco/concept-scheme/member-skills,
http://data.europa.eu/esco/concept-scheme/6c930acd-c104-4ece-acf7-f44fd7333036,
http://data.europa.eu/esco/concept-scheme/digcomp","Share data, information and digital content with others through appropriate digital technologies. Act as an intermediary, know about referencing and attribution practices."
3519,KnowledgeSkillCompetence,http://data.europa.eu/esco/skill/401eb8d8-6daa-4f8b-90ad-60afc71eb4f8,knowledge,sector-specific,Perl,"Practical Extraction and Report Language
PONIE","PONIE
Practical Extraction and Report Language",released,2025-02-27T12:45:08.961Z,,,"http://data.europa.eu/esco/concept-scheme/skills,
http://data.europa.eu/esco/concept-scheme/member-skills,
http://data.europa.eu/esco/concept-scheme/6c930acd-c104-4ece-acf7-f44fd7333036","The techniques and principles of software development, such as analysis, algorithms, coding, testing and compiling of programming paradigms in Perl."
3528,KnowledgeSkillCompetence,http://data.europa.eu/esco/skill/406117ad-e035-483f-bbd3-9f6c2d95e535,skill/competence,occupation-specific,provide online help,"give online support
give online help
provide online support
give online assistance to users
offer ICT-based user support",,released,2025-06-25T12:15:04.406Z,,,"http://data.europa.eu/esco/concept-scheme/skills,
http://data.europa.eu/esco/concept-scheme/member-skills,
http://data.europa.eu/esco/concept-scheme/6c930acd-c104-4ece-acf7-f44fd7333036",Provide support information to users delivered through an ICT system to give assistance or present information either on a broad range of subjects or for a specific topic or product.
3532,KnowledgeSkillCompetence,http://data.europa.eu/esco/skill/40802f0d-d400-404c-bc26-f9ba4eb6195a,skill/competence,sector-specific,test ground system performance,"execute ground systems performance testing
conduct ground system performance testing
assess functionality of ground systems
perform ground systems performance testing
test performance of ground systems
assess performance of ground systems
test functionality of ground systems
carry out ground systems performance testing
develop tests for ground system performance
develop tests for performance of ground systems",,released,2024-02-09T17:29:15.235Z,,,"http://data.europa.eu/esco/concept-scheme/skills,
http://data.europa.eu/esco/concept-scheme/member-skills,
http://data.europa.eu/esco/concept-scheme/6c930acd-c104-4ece-acf7-f44fd7333036",Develop test strategies for complex software and hardware products; include troubleshooting and system support; calculate system performance.
3536,KnowledgeSkillCompetence,http://data.europa.eu/esco/skill/4095c6dd-3b00-44d1-9308-878e08737e92,skill/competence,occupation-specific,create advocacy material,"design campaigning and enabling material
establish advocacy material
design advocacy material
develop campaigning and enabling material
establish campaigning and enabling material
develop advocacy material
produce advocacy material
produce campaigning and enabling material",,released,2024-02-09T17:29:16.725Z,,,"http://data.europa.eu/esco/concept-scheme/skills,
http://data.europa.eu/esco/concept-scheme/member-skills,
http://data.europa.eu/esco/concept-scheme/6c930acd-c104-4ece-acf7-f44fd7333036","Design compelling content such as blog posts, messaging or social media campaigns in order to influence political, economic or social decisions."
3544,KnowledgeSkillCompetence,http://data.europa.eu/esco/skill/40c815cd-30a2-42e5-a549-bf9017cb6df3,skill/competence,sector-specific,distribute control signals,"distribute signals to control
allocate control signals
assign control signals
distribute controlling signals",,released,2024-02-09T17:29:12.215Z,,,"http://data.europa.eu/esco/concept-scheme/skills,
http://data.europa.eu/esco/concept-scheme/member-skills,
http://data.europa.eu/esco/concept-scheme/6c930acd-c104-4ece-acf7-f44fd7333036","Distribute control signals between light boards, dimmers and other lighting equipment. Control systems can be either DMX or network based."
3583,KnowledgeSkillCompetence,http://data.europa.eu/esco/skill/417d5c34-3261-4e88-a860-d0ac725965bf,skill/competence,sector-specific,collect real-time geolocation information,"gather real-time geolocation information
gather live location data
collect live location data
collect live geolocation information
gather live geolocation information",,released,2024-02-26T15:42:47.077Z,,,"http://data.europa.eu/esco/concept-scheme/skills,
http://data.europa.eu/esco/concept-scheme/member-skills,
http://data.europa.eu/esco/concept-scheme/6c930acd-c104-4ece-acf7-f44fd7333036","Use tools, techniques, and procedures to remotely exploit and establish persistence on a target. Provide real-time, actionable geolocation information utilizing target infrastructures."
3584,KnowledgeSkillCompetence,http://data.europa.eu/esco/skill/417eb6b1-9e5b-4b3a-bfd0-85132c9f648d,skill/competence,sector-specific,use pipeline video equipment,"using pipeline video equipment
utilisation of pipeline video equipment
pipeline video equipment usage
use of pipeline video equipment
pipeline video equipment utilisation
visually inspect sewerage systems inspect sewerage systems visually
handle video cameras
visual inspection of sewerage systems
handling of video cameras",,released,2024-02-09T17:29:09.009Z,,,"http://data.europa.eu/esco/concept-scheme/skills,
http://data.europa.eu/esco/concept-scheme/member-skills,
http://data.europa.eu/esco/concept-scheme/6c930acd-c104-4ece-acf7-f44fd7333036",Handle movable video cameras which visually inspect sewerage systems and pipelines. This camera is attached via a long cable entwined upon a winch. Analyse the footage to see if any repair or maintenance is needed.
3587,KnowledgeSkillCompetence,http://data.europa.eu/esco/skill/418a56a2-7cfc-4b6d-8cf5-5c2add99a849,skill/competence,sector-specific,provide ICT system training,deliver ICT system training,,released,2025-06-25T12:15:04.406Z,,,"http://data.europa.eu/esco/concept-scheme/skills,
http://data.europa.eu/esco/concept-scheme/member-skills,
http://data.europa.eu/esco/concept-scheme/6c930acd-c104-4ece-acf7-f44fd7333036","Plan and conduct training of staff on system and network issues. Utilise training material, evaluate and report on the learning progress of trainees."
3598,KnowledgeSkillCompetence,http://data.europa.eu/esco/skill/41be77d3-d683-4221-a0e4-fff732212402,skill/competence,occupation-specific,monitor quality of broadcasts,"manage quality of broadcasts
monitoring quality of broadcasts
monitor quality of broadcast
oversee quality of broadcasts
supervise quality of broadcasts",,released,2024-02-09T17:29:11.47Z,,,"http://data.europa.eu/esco/concept-scheme/skills,
http://data.europa.eu/esco/concept-scheme/member-skills,
http://data.europa.eu/esco/concept-scheme/6c930acd-c104-4ece-acf7-f44fd7333036","Monitor strength, clarity, and reliability of incoming and outgoing signals to adjust equipment as necessary to maintain the quality of the broadcast."
3606,KnowledgeSkillCompetence,http://data.europa.eu/esco/skill/41ec47dd-08b3-464a-9c45-c706f3e74467,knowledge,cross-sector,industrial software,"software for production processes
software for manufacturing
manufacturing software
continuing professional development in industrial tools and software
scheduling software
software for engineering applications
industrial application of software
software used in industrial",,released,2025-12-15T10:30:57.621Z,,,"http://data.europa.eu/esco/concept-scheme/skills,
http://data.europa.eu/esco/concept-scheme/member-skills,
http://data.europa.eu/esco/concept-scheme/6c930acd-c104-4ece-acf7-f44fd7333036","The selection of software that aids in estimating, managing and scheduling industrial processes such as design, work flow and production improvement."
3608,KnowledgeSkillCompetence,http://data.europa.eu/esco/skill/41f2f9bf-1440-49f7-bbb1-2c3c3ea93f76,skill/competence,cross-sector,analyse blockchain use cases,"evaluate blockchain use cases
investigate blockchain use cases",,released,2023-10-27T16:10:34.295Z,,,"http://data.europa.eu/esco/concept-scheme/skills,
http://data.europa.eu/esco/concept-scheme/member-skills,
http://data.europa.eu/esco/concept-scheme/6c930acd-c104-4ece-acf7-f44fd7333036","Analyse blockchain use cases in different sectors against their needs in terms of blockchain technology and architecture. Particularly, key blockchain use cases in Business, Finance and Banking such as International Payments, Peer-to-Peer Transactions, Capital Markets, Trade Finance or Regulatory Finance and Audit."
3612,KnowledgeSkillCompetence,http://data.europa.eu/esco/skill/4216e465-7baa-4884-a241-54b197bb9278,skill/competence,sector-specific,perform data mining,"mine data
use model data",,released,2024-02-09T17:29:15.968Z,Includes activities on big data.,,"http://data.europa.eu/esco/concept-scheme/skills,
http://data.europa.eu/esco/concept-scheme/member-skills,
http://data.europa.eu/esco/concept-scheme/6c930acd-c104-4ece-acf7-f44fd7333036","Explore large datasets to reveal patterns using statistics, database systems or artificial intelligence and present the information in a comprehensible way."
3643,KnowledgeSkillCompetence,http://data.europa.eu/esco/skill/42c3287f-5e50-4559-a2d1-2000c70e0aab,knowledge,sector-specific,Pentaho Data Integration,"PDI
Pentaho Kettle",,released,2024-02-09T17:29:15.968Z,,,"http://data.europa.eu/esco/concept-scheme/skills,
http://data.europa.eu/esco/concept-scheme/member-skills,
http://data.europa.eu/esco/concept-scheme/6c930acd-c104-4ece-acf7-f44fd7333036","The computer program Pentaho Data Integration is a tool for integration of information from multiple applications, created and maintained by organisations, into one consistent and transparent data structure, developed by the software company Pentaho."
3647,KnowledgeSkillCompetence,http://data.europa.eu/esco/skill/42cb7669-c371-4903-9c0b-13db67b2e4bb,knowledge,cross-sector,emergent technologies,progressive technologies,,released,2025-06-25T08:20:05.218Z,,,"http://data.europa.eu/esco/concept-scheme/skills,
http://data.europa.eu/esco/concept-scheme/member-skills,
http://data.europa.eu/esco/concept-scheme/6c930acd-c104-4ece-acf7-f44fd7333036","The recent trends, developments and innovations in modern technologies such as biotechnology, artificial intelligence and robotics."
3652,KnowledgeSkillCompetence,http://data.europa.eu/esco/skill/42ed3bfb-1a01-4c8b-9758-fc6438865734,knowledge,sector-specific,Smalltalk (computer programming),"Smalltalk programming system
Smalltalk",,released,2024-02-26T15:03:18.995Z,,,"http://data.europa.eu/esco/concept-scheme/skills,
http://data.europa.eu/esco/concept-scheme/member-skills,
http://data.europa.eu/esco/concept-scheme/6c930acd-c104-4ece-acf7-f44fd7333036","The techniques and principles of software development, such as analysis, algorithms, coding, testing and compiling of programming paradigms in Smalltalk."
3657,KnowledgeSkillCompetence,http://data.europa.eu/esco/skill/42fcf80d-7b45-40f3-bd2f-5411c4c0dfa0,skill/competence,cross-sector,identify technological needs,"identify needs and technological responses
assess technological needs",,released,2024-02-28T15:40:13.492Z,,,"http://data.europa.eu/esco/concept-scheme/skills,
http://data.europa.eu/esco/concept-scheme/member-skills,
http://data.europa.eu/esco/concept-scheme/6c930acd-c104-4ece-acf7-f44fd7333036,
http://data.europa.eu/esco/concept-scheme/digcomp",Assess needs and identify digital tools and possible technological responses to address them. Adjust and customise digital environments to personal needs (e.g. accessibility).
3681,KnowledgeSkillCompetence,http://data.europa.eu/esco/skill/4350c38d-0fe9-4ca7-bab9-40ed7f72b04f,knowledge,sector-specific,PHP,"Hypertext Preprocessor
Personal Home Page","PHP5-FPM
PHP-FPM
PHP 5.0
PHP 5.2
Php
PHTML
PHP 5.4
PHP 6.0
PHP 5.3
PHP 5.1
php",released,2023-06-09T15:53:37.912Z,,,"http://data.europa.eu/esco/concept-scheme/skills,
http://data.europa.eu/esco/concept-scheme/member-skills,
http://data.europa.eu/esco/concept-scheme/6c930acd-c104-4ece-acf7-f44fd7333036","The techniques and principles of software development, such as analysis, algorithms, coding, testing and compiling of programming paradigms in PHP."
3693,KnowledgeSkillCompetence,http://data.europa.eu/esco/skill/438ff259-d086-4004-acda-1ec3e1631bc6,knowledge,sector-specific,software anomalies,"software performance incidents
software behaviour deviations
software performance deviations
software bugs
software defects",,released,2025-06-25T08:20:05.218Z,,,"http://data.europa.eu/esco/concept-scheme/skills,
http://data.europa.eu/esco/concept-scheme/member-skills,
http://data.europa.eu/esco/concept-scheme/6c930acd-c104-4ece-acf7-f44fd7333036","The deviations of what is standard and exceptional events during software system performance, identification of incidents that can alter the flow and the process of system execution."
3698,KnowledgeSkillCompetence,http://data.europa.eu/esco/skill/43ae58b9-5e56-4524-b45a-b422777a0576,knowledge,cross-sector,database,"non-relational database
types of databases
relational database",,released,2025-02-27T12:45:08.961Z,,,"http://data.europa.eu/esco/concept-scheme/skills,
http://data.europa.eu/esco/concept-scheme/member-skills,
http://data.europa.eu/esco/concept-scheme/6c930acd-c104-4ece-acf7-f44fd7333036","The classification of databases, that includes their purpose, characteristics, terminology, models and use such as XML databases, document-oriented databases and full text databases."
3703,KnowledgeSkillCompetence,http://data.europa.eu/esco/skill/43dfbe7f-9e10-4871-b171-e5076737b4cf,knowledge,sector-specific,digital marketing techniques,"online marketing techniques
on-line marketing techniques
online ads software
web marketing techniques","Facebook ads
Instagram ads
Google Ads",released,2025-02-27T12:45:08.961Z,,,"http://data.europa.eu/esco/concept-scheme/skills,
http://data.europa.eu/esco/concept-scheme/member-skills,
http://data.europa.eu/esco/concept-scheme/6c930acd-c104-4ece-acf7-f44fd7333036","The marketing techniques used on the web to reach and engage with stakeholders, customers and clients."
3707,KnowledgeSkillCompetence,http://data.europa.eu/esco/skill/43ec6db6-33f7-449b-a566-5779a7e8997a,knowledge,sector-specific,OpenEdge Database,"OpenEdge RDBMS Advanced Enterprise Edition
OpenEdge RDBMS
Progress OpenEdge Relational Database Management System",,released,2024-02-09T17:29:09.851Z,,,"http://data.europa.eu/esco/concept-scheme/skills,
http://data.europa.eu/esco/concept-scheme/member-skills,
http://data.europa.eu/esco/concept-scheme/6c930acd-c104-4ece-acf7-f44fd7333036","The computer program OpenEdge Database is a tool for creating, updating and managing databases, developed by the software company Progress Software Corporation."
3710,KnowledgeSkillCompetence,http://data.europa.eu/esco/skill/440d5784-52a5-4729-8b04-29f978bd896d,skill/competence,sector-specific,respond to incidents in cloud,"automate disaster recovery strategies in cloud
troubleshoot issues in cloud systems
troubleshoot cloud issues
manage cloud incidents
troubleshoot cloud incidents",,released,2024-02-23T15:51:27.085Z,,,"http://data.europa.eu/esco/concept-scheme/skills,
http://data.europa.eu/esco/concept-scheme/member-skills,
http://data.europa.eu/esco/concept-scheme/6c930acd-c104-4ece-acf7-f44fd7333036",Troubleshoot issues with the cloud and determine how to restore operations. Design and automate disaster recovery strategies and evaluate a deployment for points of failure.
3711,KnowledgeSkillCompetence,http://data.europa.eu/esco/skill/440d7494-3d79-4e1f-83ba-b346e116b471,skill/competence,cross-sector,operate video equipment,"conduct video equipment
operating video equipment
video equipment operation
undertake use of video equipment
perform video equipment
work video equipment",,released,2024-02-09T17:29:15.235Z,,,"http://data.europa.eu/esco/concept-scheme/skills,
http://data.europa.eu/esco/concept-scheme/member-skills,
http://data.europa.eu/esco/concept-scheme/6c930acd-c104-4ece-acf7-f44fd7333036",Use of various types of video equipment.
3712,KnowledgeSkillCompetence,http://data.europa.eu/esco/skill/440f64e5-e66c-45ee-bc29-53c14a2ad720,skill/competence,sector-specific,use geographic information systems,"conduct geographic information system activities
operate geographic information systems
use geographical information systems
carry out work tasks using GIS
use GIS
operate GIS
utilise geographic information systems
undertake activities using geographic information systems
conduct GIS activities
perform work tasks using geographic information systems
utilise GIS",,released,2024-02-09T17:29:15.235Z,,,"http://data.europa.eu/esco/concept-scheme/skills,
http://data.europa.eu/esco/concept-scheme/member-skills,
http://data.europa.eu/esco/concept-scheme/6c930acd-c104-4ece-acf7-f44fd7333036",Work with computer data systems such as Geographic Information Systems (GIS).
3731,KnowledgeSkillCompetence,http://data.europa.eu/esco/skill/4463a721-69f3-413d-8321-43e3af13a4f1,skill/competence,cross-sector,use databases,"use database management systems
use database software
apply databases
use data bases
use Dbs
able to use using databases
use database
utilise databases
make use of databases",,released,2024-02-09T17:29:09.009Z,,,"http://data.europa.eu/esco/concept-scheme/skills,
http://data.europa.eu/esco/concept-scheme/member-skills,
http://data.europa.eu/esco/concept-scheme/6c930acd-c104-4ece-acf7-f44fd7333036","Use software tools for managing and organising data in a structured environment which consists of attributes, tables and relationships in order to query and modify the stored data."
3733,KnowledgeSkillCompetence,http://data.europa.eu/esco/skill/446d29ed-9eaa-4798-bb91-5f196651ad0a,skill/competence,occupation-specific,create game testing software,"create software to test games
design testing software for games
develop game testing software
create software for game testing",,released,2024-02-09T17:29:12.952Z,,,"http://data.europa.eu/esco/concept-scheme/skills,
http://data.europa.eu/esco/concept-scheme/member-skills,
http://data.europa.eu/esco/concept-scheme/6c930acd-c104-4ece-acf7-f44fd7333036","Develop software to test and evaluate online and land-based gambling, betting and lottery games."
3739,KnowledgeSkillCompetence,http://data.europa.eu/esco/skill/44847349-e7ff-4bdb-82b9-6a18140efcaf,skill/competence,sector-specific,recognise blockchain application areas,"identify blockchain technology application domains
detect blockchain technology application domains",,released,2023-11-29T16:34:13.358Z,,,"http://data.europa.eu/esco/concept-scheme/skills,
http://data.europa.eu/esco/concept-scheme/member-skills,
http://data.europa.eu/esco/concept-scheme/6c930acd-c104-4ece-acf7-f44fd7333036","Recognise opportunities for the introduction of blockchain-based solutions in various application domains (e.g., supply chains, product-service systems, finances, etc.), as well as their transformative potential in the concerned application area in terms of people’s skills, roles they need to fulfill, and processes these roles contribute to. Identify the added value blockchain-based solutions would bring with respect to traditional solutions."
3743,KnowledgeSkillCompetence,http://data.europa.eu/esco/skill/449d119b-2d66-43a9-9230-7d27f16afbb6,knowledge,sector-specific,Xcode,Xcode IDE,"Xcode 7
Xcode 5
Xcode 4
Xcode 6",released,2023-06-08T15:57:35.793Z,,,"http://data.europa.eu/esco/concept-scheme/skills,
http://data.europa.eu/esco/concept-scheme/member-skills,
http://data.europa.eu/esco/concept-scheme/6c930acd-c104-4ece-acf7-f44fd7333036","The computer program Xcode is a suite of software development tools for writing programs, such as compiler, debugger, code editor, code highlights, packaged in a unified user interface. It is developed by the software company Apple."
3746,KnowledgeSkillCompetence,http://data.europa.eu/esco/skill/44a117a9-4443-43a4-b037-23c716af671e,knowledge,cross-sector,video-games trends,"video game leanings
video game drifts
video-game trends
video game directions
video game movements
video-games trend",,released,2024-02-09T17:29:10.678Z,,,"http://data.europa.eu/esco/concept-scheme/skills,
http://data.europa.eu/esco/concept-scheme/member-skills,
http://data.europa.eu/esco/concept-scheme/6c930acd-c104-4ece-acf7-f44fd7333036",Latest developments in the video-games industry.
3751,KnowledgeSkillCompetence,http://data.europa.eu/esco/skill/44b1a100-7240-4943-9133-d8c6d1f0b50a,skill/competence,sector-specific,operate stowage programmes,"utilise computerised stowage systems
perform actions using computerised stowage programmes
use stowage software
conduct stowage activities with stowage programme
utilise stowage programmes
operate stowage programs
utilise stowage software
use computerised stowage systems
use stowage programmes
operate computerised stowage systems
operate stowage software",,released,2022-07-05T14:38:14.9Z,,,"http://data.europa.eu/esco/concept-scheme/skills,
http://data.europa.eu/esco/concept-scheme/member-skills,
http://data.europa.eu/esco/concept-scheme/6c930acd-c104-4ece-acf7-f44fd7333036","Operate stowage programmes used for controlling stability in vessels, loading operations, and cargo planning processes. Interpret graphical interfaces, stowage data and scenario variables."
3764,KnowledgeSkillCompetence,http://data.europa.eu/esco/skill/4503c65f-2bd0-4aa5-91cd-4188c7e5e31b,knowledge,sector-specific,supercomputing,supercomputing techniques,,released,2023-11-03T10:00:17.205Z,,,"http://data.europa.eu/esco/concept-scheme/skills,
http://data.europa.eu/esco/concept-scheme/member-skills,
http://data.europa.eu/esco/concept-scheme/6c930acd-c104-4ece-acf7-f44fd7333036","The process of dealing with complex data-related problems through multiple computers working in parallel (i.e., a supercomputer). It is used in several fields such as quantum mechanics, molecular modeling, aerodynamics and nuclear fusion research."
3782,KnowledgeSkillCompetence,http://data.europa.eu/esco/skill/455a7133-cf0f-4c74-a91f-fd35c0d25b79,skill/competence,sector-specific,install mechatronic equipment,"fitting mechatronic equipment
mechatronic equipment fitting
mechatronic equipment installing
fit mechatronic equipment
installing mechatronic equipment",,released,2024-02-09T17:29:11.47Z,,,"http://data.europa.eu/esco/concept-scheme/skills,
http://data.europa.eu/esco/concept-scheme/member-skills,
http://data.europa.eu/esco/concept-scheme/6c930acd-c104-4ece-acf7-f44fd7333036",Install equipment used for the automation of a specific machine or device.
3788,KnowledgeSkillCompetence,http://data.europa.eu/esco/skill/4570a262-b51f-46a1-a834-13ff67bee1c8,knowledge,sector-specific,decentralised identifiers,DiDs,,released,2023-11-29T16:31:57.312Z,,,"http://data.europa.eu/esco/concept-scheme/skills,
http://data.europa.eu/esco/concept-scheme/member-skills,
http://data.europa.eu/esco/concept-scheme/6c930acd-c104-4ece-acf7-f44fd7333036","The knowledge of decentralised identifiers (DIDs). DIDs enable verifiable and decentralised digital identity related to different subjects determined by the controllers of these descentralised identifiers (e.g. an organisation, individual person, data model, abstract entity)."
3798,KnowledgeSkillCompetence,http://data.europa.eu/esco/skill/45a16833-6666-488d-aadf-e02e569275e8,skill/competence,cross-sector,use technology for forensics,"use forensics technology
utilize technology for forensics
make use of technology for forensics
using technology for forensics",,released,2024-02-09T17:29:12.952Z,Also tools for interrogation purposes are included.,,"http://data.europa.eu/esco/concept-scheme/skills,
http://data.europa.eu/esco/concept-scheme/member-skills,
http://data.europa.eu/esco/concept-scheme/6c930acd-c104-4ece-acf7-f44fd7333036",Operate specialised tools used for forensic investigations.
3816,KnowledgeSkillCompetence,http://data.europa.eu/esco/skill/45f1ae17-c20d-40fc-9307-7d33b6ca9213,knowledge,cross-sector,image recognition,"image interpretation
image detection
visual recognition
visual detection",,released,2023-11-29T16:28:36.358Z,,,"http://data.europa.eu/esco/concept-scheme/skills,
http://data.europa.eu/esco/concept-scheme/member-skills,
http://data.europa.eu/esco/concept-scheme/6c930acd-c104-4ece-acf7-f44fd7333036","A process designed to detect and identify a feature or object in an image or video. This process is used in medical imaging, security surveillance or defect detection, among other fields. Key technique for a wide range of applications such as automated driving, image classification, or visual inspection."
3834,KnowledgeSkillCompetence,http://data.europa.eu/esco/skill/465e7c78-cd26-4503-a5ca-40009e807705,skill/competence,sector-specific,assess users' interaction with ICT applications,analyse how users interact with ICT applications,,released,2025-06-25T12:15:04.406Z,,,"http://data.europa.eu/esco/concept-scheme/skills,
http://data.europa.eu/esco/concept-scheme/member-skills,
http://data.europa.eu/esco/concept-scheme/6c930acd-c104-4ece-acf7-f44fd7333036","Evaluate how users interact with ICT applications in order to analyse their behaviour, draw conclusions (for instance about their motives, expectations and goals) and improve applications' functionalities."
3866,KnowledgeSkillCompetence,http://data.europa.eu/esco/skill/46e93774-7c6a-4dc5-bae9-be97cc461093,knowledge,sector-specific,inter-organisational middleware system,IOMS,Microsoft BizTalk Server,released,2023-11-29T16:28:48.808Z,,,"http://data.europa.eu/esco/concept-scheme/skills,
http://data.europa.eu/esco/concept-scheme/member-skills,
http://data.europa.eu/esco/concept-scheme/6c930acd-c104-4ece-acf7-f44fd7333036","A software infrastructure that acts as an intermediary layer between applications to enable data exchange, interoperability and communication. It aims to provide standardised protocols and services between organisations to promote their interaction."
3867,KnowledgeSkillCompetence,http://data.europa.eu/esco/skill/46ec0033-3c71-415e-bcff-b065675ba2dc,skill/competence,sector-specific,integrate ICT data,combine ICT data,,released,2025-06-25T12:15:04.406Z,,,"http://data.europa.eu/esco/concept-scheme/skills,
http://data.europa.eu/esco/concept-scheme/member-skills,
http://data.europa.eu/esco/concept-scheme/6c930acd-c104-4ece-acf7-f44fd7333036",Combine data from sources to provide unified view of the set of these data.
3878,KnowledgeSkillCompetence,http://data.europa.eu/esco/skill/4720fc66-0202-4a4b-bbe8-129d908e5a15,skill/competence,occupation-specific,prevent technical problems with media integration systems,"prevent technical problems with MIS
anticipate technical issues with multimedia integration systems
plan for technical issues with multimedia integration systems",,released,2024-02-27T10:29:58.81Z,,,"http://data.europa.eu/esco/concept-scheme/skills,
http://data.europa.eu/esco/concept-scheme/member-skills,
http://data.europa.eu/esco/concept-scheme/6c930acd-c104-4ece-acf7-f44fd7333036","Adapt the use of media integration equipment and software to prevent undesired changes in the overall image and design, safeguarding the overall performing arts or event production quality. Including physical issues as well as digital ones like latency, interference or processor load."
3887,KnowledgeSkillCompetence,http://data.europa.eu/esco/skill/4754d9fe-dc3a-4f8f-8ea6-5dbcea3a21ca,skill/competence,cross-sector,develop computer vision system,"develop OCR
develop motion capture software",,released,2024-01-16T16:48:51.957Z,,,"http://data.europa.eu/esco/concept-scheme/skills,
http://data.europa.eu/esco/concept-scheme/member-skills,
http://data.europa.eu/esco/concept-scheme/6c930acd-c104-4ece-acf7-f44fd7333036","Apply and combine different computer vision tools and methods such as image acquisition, image processing, image segmentation and classification, detection, etc. in one system to allow computers to extract information from digital images such as photographs or video."
3903,KnowledgeSkillCompetence,http://data.europa.eu/esco/skill/479944ef-8d2c-4279-b3d1-2b85c761fb30,skill/competence,sector-specific,manage radiology information system,"manage radiology information systems
handle radiology information system
manage and distribute radiological images and data
manage radiology-information system
develop and maintain radiology information system",,released,2024-02-09T17:29:15.968Z,,,"http://data.europa.eu/esco/concept-scheme/skills,
http://data.europa.eu/esco/concept-scheme/member-skills,
http://data.europa.eu/esco/concept-scheme/6c930acd-c104-4ece-acf7-f44fd7333036","Develop and maintain a database to store, manage and distribute radiological images and data."
3904,KnowledgeSkillCompetence,http://data.europa.eu/esco/skill/47a2917b-a771-4687-90fc-5562523cf4a6,skill/competence,occupation-specific,use performance 3D visualisation techniques,"apply performance 3D visualisation techniques
employ 3D visualization for performance evaluation",,released,2024-03-01T12:10:23.365Z,,,"http://data.europa.eu/esco/concept-scheme/skills,
http://data.europa.eu/esco/concept-scheme/member-skills,
http://data.europa.eu/esco/concept-scheme/6c930acd-c104-4ece-acf7-f44fd7333036","Visualise a performance environment using 3D applications and pre-visualisation software. Create a proof of concept for the technical design using 3D CGI, mock-up or scale model."
3905,KnowledgeSkillCompetence,http://data.europa.eu/esco/skill/47a49cd6-097d-457a-9f7b-c290c14930d5,skill/competence,cross-sector,analyse big data,"analyze big data
scrutinise big data
big data analysis
investigate big data
search big data
test big data
analysing big data
big data analysing",,released,2022-07-05T14:37:59.932Z,,,"http://data.europa.eu/esco/concept-scheme/skills,
http://data.europa.eu/esco/concept-scheme/member-skills,
http://data.europa.eu/esco/concept-scheme/6c930acd-c104-4ece-acf7-f44fd7333036","Collect and evaluate numerical data in large quantities, especially for the purpose of identifying patterns between the data."
3909,KnowledgeSkillCompetence,http://data.europa.eu/esco/skill/47b9bbcf-356c-4782-83a4-7f5a1b2b51a3,knowledge,sector-specific,Assembly (computer programming),"Assembly computer programming paradigms
Assembly software development techniques
Assembly software development principles
Assembly
Assembly algorithms",,released,2024-02-26T08:02:07.379Z,,,"http://data.europa.eu/esco/concept-scheme/skills,
http://data.europa.eu/esco/concept-scheme/member-skills,
http://data.europa.eu/esco/concept-scheme/6c930acd-c104-4ece-acf7-f44fd7333036","The techniques and principles of software development, such as analysis, algorithms, coding, testing and compiling of programming paradigms in Assembly."
3913,KnowledgeSkillCompetence,http://data.europa.eu/esco/skill/47ca0da1-cae5-4395-ae6b-fd97b9ff48d3,knowledge,cross-sector,system backup best practice,"backup systems reliability
disaster recovery best practice",,released,2025-04-11T13:43:48.91Z,,,"http://data.europa.eu/esco/concept-scheme/skills,
http://data.europa.eu/esco/concept-scheme/member-skills,
http://data.europa.eu/esco/concept-scheme/6c930acd-c104-4ece-acf7-f44fd7333036",The procedures related to preparing for recovery or continuation of technology infrastructure vital to an organisation.
3934,KnowledgeSkillCompetence,http://data.europa.eu/esco/skill/4840338b-ac6c-486a-be1d-9ddfe00b8bdf,knowledge,sector-specific,Spiral development,Spiral development methodology,,released,2025-06-25T08:20:05.218Z,,,"http://data.europa.eu/esco/concept-scheme/skills,
http://data.europa.eu/esco/concept-scheme/member-skills,
http://data.europa.eu/esco/concept-scheme/6c930acd-c104-4ece-acf7-f44fd7333036",The spiral development model is a methodology to design software systems and applications.
3935,KnowledgeSkillCompetence,http://data.europa.eu/esco/skill/484d048c-a5d1-46a5-b57f-45b69c0ac552,skill/competence,sector-specific,analyse pipeline database information,"evaluate pipeline database information
perform analysis on pipeline database information
analyze pipeline database information
evaluate information in pipeline databases
retrieve and assess information from pipeline company database
conduct analysis on pipeline database information
retrieve and analyse information from pipeline company database
analyse information in pipeline databases
assess information in pipeline databases
assess pipeline database information",,released,2022-07-05T14:38:14.9Z,,,"http://data.europa.eu/esco/concept-scheme/skills,
http://data.europa.eu/esco/concept-scheme/member-skills,
http://data.europa.eu/esco/concept-scheme/6c930acd-c104-4ece-acf7-f44fd7333036","Retrieve and analyse different types of information extracted from the databases of pipelines companies. Analyse information such as risks, project management KPIs (key performance indicators), goods transportation times, and document back-up processes."
3936,KnowledgeSkillCompetence,http://data.europa.eu/esco/skill/484df271-bb52-49f1-8f50-f19624bf4df2,knowledge,sector-specific,software components libraries,,"OpenCV
Matplotlib
Scikit-Learn
PyTorch
Numpy",released,2025-02-27T12:45:08.961Z,,,"http://data.europa.eu/esco/concept-scheme/skills,
http://data.europa.eu/esco/concept-scheme/member-skills,
http://data.europa.eu/esco/concept-scheme/6c930acd-c104-4ece-acf7-f44fd7333036","The software packages, modules, web services and resources that cover a set of related functions and the databases where these reusable components can be found."
3951,KnowledgeSkillCompetence,http://data.europa.eu/esco/skill/487fd260-be20-4980-a8e4-b819f0b549f1,skill/competence,cross-sector,add computer components,"affix computer components
append computer components
computer component addition
supplement computer components
boost computer components
adding computer components
add a computer component",,released,2024-02-09T17:29:15.968Z,,,"http://data.europa.eu/esco/concept-scheme/skills,
http://data.europa.eu/esco/concept-scheme/member-skills,
http://data.europa.eu/esco/concept-scheme/6c930acd-c104-4ece-acf7-f44fd7333036",Perform small adjustments to various computers by adding components.
3953,KnowledgeSkillCompetence,http://data.europa.eu/esco/skill/489b2571-ce18-4944-b452-ed1f54e55b68,knowledge,sector-specific,Schoology,Schoology e-learning platform,,released,2025-06-25T08:20:05.218Z,,,"http://data.europa.eu/esco/concept-scheme/skills,
http://data.europa.eu/esco/concept-scheme/member-skills,
http://data.europa.eu/esco/concept-scheme/6c930acd-c104-4ece-acf7-f44fd7333036","The computer program Schoology is a e-learning platform for creating, administrating, arranging, reporting and delivering e-learning education courses or training programs."
3967,KnowledgeSkillCompetence,http://data.europa.eu/esco/skill/48db96bf-3314-45c6-bad8-fdb6e20e5639,knowledge,cross-sector,data engineering,data engineering methods,,released,2023-11-29T16:26:35.334Z,,,"http://data.europa.eu/esco/concept-scheme/skills,
http://data.europa.eu/esco/concept-scheme/member-skills,
http://data.europa.eu/esco/concept-scheme/6c930acd-c104-4ece-acf7-f44fd7333036",The process of developing and constructing systems for implementing data collection and analysis at large scale.
3983,KnowledgeSkillCompetence,http://data.europa.eu/esco/skill/4918ec9a-0204-4935-8b09-b0112370daa8,skill/competence,sector-specific,establish an Information Security Management System,"apply an ISMS
define an ISMS
implement an ISMS
define an Information Security Management System
monitor an ISMS
apply an Information Security Management System
implement an Information Security Management System;
monitor an Information Security Management System",,released,2024-01-29T11:17:09.455Z,,,"http://data.europa.eu/esco/concept-scheme/skills,
http://data.europa.eu/esco/concept-scheme/member-skills,
http://data.europa.eu/esco/concept-scheme/6c930acd-c104-4ece-acf7-f44fd7333036","Design, apply, monitor and review an Information Security Management System (ISMS) that preserves the confidentiality, integrity and availability of information by applying a risk management process, and gives confidence to interested parties regarding the adequate management of such cybersecurity-related risks."
3987,KnowledgeSkillCompetence,http://data.europa.eu/esco/skill/49320ec7-65f9-4f90-bed2-2d41784f1836,skill/competence,cross-sector,compile GIS-data,"compiling of GIS-data
compile data from maps and other sources
compiling data from maps and other sources
GIS-data compilation
compilation of GIS-data
compiling of data from maps and other sources
compiling GIS-data
compilation of data from maps and other sources",,released,2024-02-09T17:29:14.494Z,,,"http://data.europa.eu/esco/concept-scheme/skills,
http://data.europa.eu/esco/concept-scheme/member-skills,
http://data.europa.eu/esco/concept-scheme/6c930acd-c104-4ece-acf7-f44fd7333036",Gather and organise GIS-data from sources such as databases and maps.
3997,KnowledgeSkillCompetence,http://data.europa.eu/esco/skill/4959697d-3a24-4f46-af0c-b752318e6c54,knowledge,sector-specific,ObjectStore,"Ignite ObjectStore
ObjectStore Standard Edition
Ignite’s ObjectStore Standard Edition",,released,2024-02-09T17:29:16.725Z,,,"http://data.europa.eu/esco/concept-scheme/skills,
http://data.europa.eu/esco/concept-scheme/member-skills,
http://data.europa.eu/esco/concept-scheme/6c930acd-c104-4ece-acf7-f44fd7333036","The computer program ObjectStore is a tool for creating, updating and managing databases, developed by the software company Object Design, Incorporated."
3999,KnowledgeSkillCompetence,http://data.europa.eu/esco/skill/495ce586-09d7-4cec-83d7-2821be6590c4,knowledge,sector-specific,smart contract programming languages,programming languages for smart contract,,released,2023-11-29T16:30:42.402Z,,,"http://data.europa.eu/esco/concept-scheme/skills,
http://data.europa.eu/esco/concept-scheme/member-skills,
http://data.europa.eu/esco/concept-scheme/6c930acd-c104-4ece-acf7-f44fd7333036","Essential Smart Contract programming languages include Solidity, Rust, JavaScript, Vyper and Yul."
4032,KnowledgeSkillCompetence,http://data.europa.eu/esco/skill/49f85a99-086c-45b6-a6fa-eb90305af7b1,knowledge,sector-specific,Chef (tools for software configuration management),Chef software,,released,2025-04-16T10:40:14.959Z,,,"http://data.europa.eu/esco/concept-scheme/skills,
http://data.europa.eu/esco/concept-scheme/member-skills,
http://data.europa.eu/esco/concept-scheme/6c930acd-c104-4ece-acf7-f44fd7333036","The tool Chef is a software program which performs infrastructure configuration identification, control and automation aiming to ease the applications deployment."
4035,KnowledgeSkillCompetence,http://data.europa.eu/esco/skill/49fed129-e32b-4f67-b80a-609d79e45b20,knowledge,sector-specific,electronic and telecommunication equipment,"electronic and telecommunication machinery
electronics and telecommunication equipment
electronic and telecommunication machines
electronic and telecommunication devices
electronic and telecommunication apparatus
electronic and telecommunications equipment
electronics and telecommunications equipment",,released,2024-02-09T17:29:09.009Z,,,"http://data.europa.eu/esco/concept-scheme/skills,
http://data.europa.eu/esco/concept-scheme/member-skills,
http://data.europa.eu/esco/concept-scheme/6c930acd-c104-4ece-acf7-f44fd7333036","The offered electronic and telecommunication equipment and products, their functionalities, properties and legal and regulatory requirements."
4041,KnowledgeSkillCompetence,http://data.europa.eu/esco/skill/4a2a63e6-5c62-43a0-a375-fdf4c2805270,skill/competence,cross-sector,customise software for drive system,"customise drive system software
customising drive system software
software adapting for drive system
customize software for drive system
drive system software adapting
adapting drive system software
software customising for drive system
adapting software for drive system
customising software for drive system
adapt drive system software
drive system software customising
adapt software for drive system",,released,2022-07-05T14:33:28.658Z,,,"http://data.europa.eu/esco/concept-scheme/skills,
http://data.europa.eu/esco/concept-scheme/member-skills,
http://data.europa.eu/esco/concept-scheme/6c930acd-c104-4ece-acf7-f44fd7333036",Adapt and customise software to the specific machine or application.
4047,KnowledgeSkillCompetence,http://data.europa.eu/esco/skill/4a466c62-db7d-4905-9a41-f23214810acb,knowledge,sector-specific,GIMP (graphics editor software),"GIMP software
GIMP
GIMP for digital editing
GNU Image Manipulation Program
GIMP for graphics composition",,released,2024-02-26T09:59:15.954Z,,,"http://data.europa.eu/esco/concept-scheme/skills,
http://data.europa.eu/esco/concept-scheme/member-skills,
http://data.europa.eu/esco/concept-scheme/6c930acd-c104-4ece-acf7-f44fd7333036",The computer program GIMP is a graphical ICT tool which enables digital editing and composition of graphics to generate both 2D raster or 2D vector graphics. It is developed by The GIMP Development Team.
4084,KnowledgeSkillCompetence,http://data.europa.eu/esco/skill/4b244020-5f28-4e20-b74f-1c2dcb6f15cb,skill/competence,cross-sector,apply desktop publishing techniques,"apply desktop publishing practices
apply desktop publishing procedures
apply desktop publishing technique
apply desktop publishing methods",,released,2024-02-09T17:29:09.851Z,,,"http://data.europa.eu/esco/concept-scheme/skills,
http://data.europa.eu/esco/concept-scheme/member-skills,
http://data.europa.eu/esco/concept-scheme/6c930acd-c104-4ece-acf7-f44fd7333036",Apply desktop publishing techniques to create page layouts and typographic quality text.
4091,KnowledgeSkillCompetence,http://data.europa.eu/esco/skill/4b3ae518-6746-4487-8d3b-4cfc063a43d0,skill/competence,sector-specific,use business simulation tools,employ business simulation tools,,released,2023-11-29T16:23:57.791Z,,,"http://data.europa.eu/esco/concept-scheme/skills,
http://data.europa.eu/esco/concept-scheme/member-skills,
http://data.europa.eu/esco/concept-scheme/6c930acd-c104-4ece-acf7-f44fd7333036","Employ software to perform simulations to improve business skills such as business acumen, financial and market analysis and decision making."
4097,KnowledgeSkillCompetence,http://data.europa.eu/esco/skill/4b51e76e-9e8a-455f-a289-5b48246345c4,knowledge,cross-sector,hardware components,"parts for hardware systems
hardware system components
hardware system parts
components of hardware systems
types of hardware components
typology of hardware components
range of hardware components
components for hardware systems
components of hardware",,released,2024-02-09T17:29:12.215Z,,,"http://data.europa.eu/esco/concept-scheme/skills,
http://data.europa.eu/esco/concept-scheme/member-skills,
http://data.europa.eu/esco/concept-scheme/6c930acd-c104-4ece-acf7-f44fd7333036","The essential components that make up a hardware system, such as liquid-crystal displays (LCD), camera sensors, microprocessors, memories, modems, batteries and their interconnections."
4108,KnowledgeSkillCompetence,http://data.europa.eu/esco/skill/4b88b1ee-c2d9-473a-9fe8-ba3b9c0c179a,skill/competence,occupation-specific,implement ICT coding conventions,"implement IT coding conventions
promote ICT coding conventions",,released,2024-02-09T17:29:14.494Z,,,"http://data.europa.eu/esco/concept-scheme/skills,
http://data.europa.eu/esco/concept-scheme/member-skills,
http://data.europa.eu/esco/concept-scheme/6c930acd-c104-4ece-acf7-f44fd7333036","Apply guidelines for ICT programming techniques, such as conventions, code design patterns and practices to achieve higher security, reliability, better readability and maintenance of the product."
4122,KnowledgeSkillCompetence,http://data.europa.eu/esco/skill/4bd3cd7d-b061-4cc2-ba8d-3262065ebbf0,skill/competence,sector-specific,prepare sound equipment on stage,"connect sound system on stage
fitting sound on stage
fit up and rig sound on stage
fit up stage sound
fit up sound on stage",,released,2022-07-05T14:38:15.447Z,,,"http://data.europa.eu/esco/concept-scheme/skills,
http://data.europa.eu/esco/concept-scheme/member-skills,
http://data.europa.eu/esco/concept-scheme/6c930acd-c104-4ece-acf7-f44fd7333036","Set up, rig, connect, test and tune audio equipment on stage."
4131,KnowledgeSkillCompetence,http://data.europa.eu/esco/skill/4bf59dde-8a03-483f-976a-45764f1e6d6f,knowledge,sector-specific,search engines,"web search engine
Google Search
Yahoo
search engine",,released,2025-04-16T10:40:51.565Z,,,"http://data.europa.eu/esco/concept-scheme/skills,
http://data.europa.eu/esco/concept-scheme/member-skills,
http://data.europa.eu/esco/concept-scheme/6c930acd-c104-4ece-acf7-f44fd7333036",The methods and techniques to navigate search engines and find information quickly.
4133,KnowledgeSkillCompetence,http://data.europa.eu/esco/skill/4c016b68-4116-468c-9dc6-42710c239e4a,knowledge,sector-specific,C#,C Sharp,,released,2024-02-09T17:29:13.7Z,,,"http://data.europa.eu/esco/concept-scheme/skills,
http://data.europa.eu/esco/concept-scheme/member-skills,
http://data.europa.eu/esco/concept-scheme/6c930acd-c104-4ece-acf7-f44fd7333036","The techniques and principles of software development, such as analysis, algorithms, coding, testing and compiling of programming paradigms in C#."
4181,KnowledgeSkillCompetence,http://data.europa.eu/esco/skill/4cb58ef4-67a9-4bea-a743-2c83ebd60e79,skill/competence,cross-sector,tend CNC milling machine,"monitor CNC milling machine cross slide
oversee CNC milling machine
oversee CNC milling machine cross slide
guard CNC milling machine cross slide
watch over CNC milling machine
guard CNC milling machine
watch over CNC milling machine cross slide
monitor CNC milling machine",,released,2024-02-09T17:29:15.968Z,,,"http://data.europa.eu/esco/concept-scheme/skills,
http://data.europa.eu/esco/concept-scheme/member-skills,
http://data.europa.eu/esco/concept-scheme/6c930acd-c104-4ece-acf7-f44fd7333036","Tend a computer numerical controlled (CNC) milling machine designed for cutting manufacturing processes on metal, wooden, plastic materials and others, monitor and operate it, according to regulations."
4193,KnowledgeSkillCompetence,http://data.europa.eu/esco/skill/4cdbc76c-75d8-4e12-8653-4820c2d5446f,knowledge,sector-specific,microsystem test procedures,"testing procedures for microsystems
test protocols for microsystems
test procedures for microsystems
testing protocols for micro-systems
testing procedures for micro-systems
test procedures for micro-systems
testing protocols for microsystems
micro-system test protocols
test protocols for micro-systems
micro-system test procedures",,released,2024-02-09T17:29:15.235Z,,,"http://data.europa.eu/esco/concept-scheme/skills,
http://data.europa.eu/esco/concept-scheme/member-skills,
http://data.europa.eu/esco/concept-scheme/6c930acd-c104-4ece-acf7-f44fd7333036","The methods of testing the quality, accuracy, and performance of microsystems and microelectromechanical systems (MEMS) and their materials and components before, during, and after the building of the systems, such as parametric tests and burn-in tests."
4195,KnowledgeSkillCompetence,http://data.europa.eu/esco/skill/4ce06d6b-f3df-40b6-b950-570be5008032,skill/competence,sector-specific,analyse scanned data of the body,"use 3D scanned data for computer-aided visualization
analyse scanned body data
analyse 3D scanner data of the body
analyze scanned data of the body
analyse 3D scanner body data
examine and use scanned body data
use 3D scanned data for computer-aided visualisation
examine and use scanned data of the body
examine scanned data of the body
examine scanned body data",,released,2022-07-05T14:38:14.433Z,,,"http://data.europa.eu/esco/concept-scheme/skills,
http://data.europa.eu/esco/concept-scheme/member-skills,
http://data.europa.eu/esco/concept-scheme/6c930acd-c104-4ece-acf7-f44fd7333036","Analyse 3D scanned data for the development of prototypes, of avatars, for the creation of size charts, the garment pattern modification, alteration and manipulation, and for testing fit."
4232,KnowledgeSkillCompetence,http://data.europa.eu/esco/skill/4d85b881-e490-4b4c-897a-2faa4ef53956,skill/competence,sector-specific,manage ICT data architecture,define enterprise data architecture,,released,2024-02-09T17:29:16.725Z,,,"http://data.europa.eu/esco/concept-scheme/skills,
http://data.europa.eu/esco/concept-scheme/member-skills,
http://data.europa.eu/esco/concept-scheme/6c930acd-c104-4ece-acf7-f44fd7333036","Oversee regulations and use ICT techniques to define the information systems architecture and to control data gathering, storing, consolidation, arrangement and usage in an organisation."
4237,KnowledgeSkillCompetence,http://data.europa.eu/esco/skill/4d97e3c3-f335-47cc-a4ee-0d779fd42222,skill/competence,cross-sector,"manage data, information and digital content","manage digital content information
manage digital data",,released,2024-02-09T17:29:12.952Z,,,"http://data.europa.eu/esco/concept-scheme/skills,
http://data.europa.eu/esco/concept-scheme/member-skills,
http://data.europa.eu/esco/concept-scheme/6c930acd-c104-4ece-acf7-f44fd7333036,
http://data.europa.eu/esco/concept-scheme/digcomp","Organise, store and retrieve data, information and content in digital environments. Organise and process them in a structured environment."
4241,KnowledgeSkillCompetence,http://data.europa.eu/esco/skill/4da171e5-779c-4983-a76f-91c16751e99f,knowledge,sector-specific,MySQL,"MySQL Classic Edition
MySQL Enterprise Edition
MySQL Embedded (OEM/ISV)
MySQL Standard Edition
MySQL Cluster CGE",,released,2024-02-09T17:29:15.968Z,,,"http://data.europa.eu/esco/concept-scheme/skills,
http://data.europa.eu/esco/concept-scheme/member-skills,
http://data.europa.eu/esco/concept-scheme/6c930acd-c104-4ece-acf7-f44fd7333036","The computer program MySQL is a tool for creating, updating and managing databases, currently developed by the software company Oracle."
4243,KnowledgeSkillCompetence,http://data.europa.eu/esco/skill/4da4587a-fd0b-4ca2-886c-c42a1562d432,skill/competence,sector-specific,design cloud networks,"create cloud network
implement cloud network",,released,2022-07-05T14:34:46.63Z,,,"http://data.europa.eu/esco/concept-scheme/skills,
http://data.europa.eu/esco/concept-scheme/member-skills,
http://data.europa.eu/esco/concept-scheme/6c930acd-c104-4ece-acf7-f44fd7333036","Apply cloud networking concepts and implement connectivity services of cloud. Given customer requirements, define network architectures on cloud, propose optimized designs based on the evaluation of an existing implementation. Evaluate and optimize cost allocations given a network design, its cloud resources, and application data flow."
4251,KnowledgeSkillCompetence,http://data.europa.eu/esco/skill/4dc5042a-b2b4-4ad5-a39b-3558b073cec7,skill/competence,sector-specific,use specialised equipment,"use global positioning systems
use telemetry
specialised equipment using
use specialised production equipment
specialised production equipment using
use specialized equipment
use computer modelling
use digital imaging analysis
using specialised production equipment
use electron microscope",,released,2022-07-05T14:37:18.921Z,,,"http://data.europa.eu/esco/concept-scheme/skills,
http://data.europa.eu/esco/concept-scheme/member-skills,
http://data.europa.eu/esco/concept-scheme/6c930acd-c104-4ece-acf7-f44fd7333036","Use specialised equipment such as electron microscope, telemetry, digital imaging analysis, global positioning systems, and computer modelling in studies and analyses of production methodology."
4288,KnowledgeSkillCompetence,http://data.europa.eu/esco/skill/4e6d2538-a48e-48a7-8dad-14b067cfcb8b,knowledge,sector-specific,TripleStore,RDF store,,released,2025-06-25T08:20:05.218Z,,,"http://data.europa.eu/esco/concept-scheme/skills,
http://data.europa.eu/esco/concept-scheme/member-skills,
http://data.europa.eu/esco/concept-scheme/6c930acd-c104-4ece-acf7-f44fd7333036",The RDF store or TripleStore is a database used for storage and retrieval of Resource Description Framework triples (subject-predicate-object data entities) which can be accessed by semantic queries.
4305,KnowledgeSkillCompetence,http://data.europa.eu/esco/skill/4ed46658-cc30-4d37-9301-47dd354c92a2,skill/competence,occupation-specific,design failover solutions,"create failover solutions
manage failover solutions",,released,2025-06-25T12:15:04.406Z,,,"http://data.europa.eu/esco/concept-scheme/skills,
http://data.europa.eu/esco/concept-scheme/member-skills,
http://data.europa.eu/esco/concept-scheme/6c930acd-c104-4ece-acf7-f44fd7333036",Create and manage a system of backup or standby solution which is automatically triggered and becomes active in case the main system or application fails.
4310,KnowledgeSkillCompetence,http://data.europa.eu/esco/skill/4ef13dee-380d-4b76-9034-c4995045303f,skill/competence,cross-sector,evaluate blockchain architectures,evaluate blockchain applications infrastructure,,released,2023-11-29T16:35:15.272Z,,,"http://data.europa.eu/esco/concept-scheme/skills,
http://data.europa.eu/esco/concept-scheme/member-skills,
http://data.europa.eu/esco/concept-scheme/6c930acd-c104-4ece-acf7-f44fd7333036","Evaluate blockchain architectures with respect to their suitability for specific applications, given the specific importance and priorities of architecture properties for these applications."
4322,KnowledgeSkillCompetence,http://data.europa.eu/esco/skill/4f1afd9d-77a7-40f8-a3c7-fe18b984ce43,knowledge,sector-specific,telecommunication trunking,"telecommunication trunking method
telecom trunking architecture",,released,2025-06-25T08:20:05.218Z,,,"http://data.europa.eu/esco/concept-scheme/skills,
http://data.europa.eu/esco/concept-scheme/member-skills,
http://data.europa.eu/esco/concept-scheme/6c930acd-c104-4ece-acf7-f44fd7333036",The method of providing network access to many clients while keeping smaller number of connection components by grouping and sharing connection circuits and frequencies.
4339,KnowledgeSkillCompetence,http://data.europa.eu/esco/skill/4f5c1208-62fd-4e5a-a51e-306c06947e11,skill/competence,cross-sector,manage findable accessible interoperable and reusable data,"ensure data availability
ensure data reusability
support data reuse in research
ensure corrected data storing",,released,2022-07-05T14:37:59.932Z,,,"http://data.europa.eu/esco/concept-scheme/skills,
http://data.europa.eu/esco/concept-scheme/member-skills,
http://data.europa.eu/esco/concept-scheme/research,
http://data.europa.eu/esco/concept-scheme/6c930acd-c104-4ece-acf7-f44fd7333036","Produce, describe, store, preserve and (re) use scientific data based on FAIR (Findable, Accessible, Interoperable, and Reusable) principles, making data as open as possible, and as closed as necessary."
4340,KnowledgeSkillCompetence,http://data.europa.eu/esco/skill/4f5ccaad-0e4f-4e9f-8246-47765564387d,skill/competence,cross-sector,upgrade firmware,"update basic software in embedded systems
update software embedded in devices
update firmware
update basic software in network components
update integrated software
update basic software in devices
update software embedded in network components",,released,2025-06-25T12:15:04.406Z,,,"http://data.europa.eu/esco/concept-scheme/skills,
http://data.europa.eu/esco/concept-scheme/member-skills,
http://data.europa.eu/esco/concept-scheme/6c930acd-c104-4ece-acf7-f44fd7333036","Update basic or integrated software included in devices, network components and embedded systems."
4342,KnowledgeSkillCompetence,http://data.europa.eu/esco/skill/4f6b656a-54d0-48ce-9b55-ebcac5904a14,skill/competence,sector-specific,handle geospatial technologies,"use global positioning systems
use geographical information systems
use GIS
geospatial technologies handling
handle geo-spatial technologies
use RS
handling geo-spatial technologies
use GPS
use remote sensing
geo-spatial technologies handling
handling geospatial technologies",,released,2024-02-09T17:29:11.47Z,,,"http://data.europa.eu/esco/concept-scheme/skills,
http://data.europa.eu/esco/concept-scheme/member-skills,
http://data.europa.eu/esco/concept-scheme/6c930acd-c104-4ece-acf7-f44fd7333036","Can use Geospatial Technologies which involve GPS (global positioning systems), GIS (geographical information systems), and RS (remote sensing) in the daily work."
4351,KnowledgeSkillCompetence,http://data.europa.eu/esco/skill/4f7fa632-15a6-4739-930b-abbac8055a80,knowledge,cross-sector,firmware,"types of firmware
firmware program
read-only software
typology of firmware
built-in software
kinds of firmware",,released,2024-02-09T17:29:15.968Z,,,"http://data.europa.eu/esco/concept-scheme/skills,
http://data.europa.eu/esco/concept-scheme/member-skills,
http://data.europa.eu/esco/concept-scheme/6c930acd-c104-4ece-acf7-f44fd7333036","Firmware is a software program with a read-only memory (ROM) and a set of instructions that is permanently inscribed on a hardware device. Firmware is commonly used in electronic systems such as computers, mobile phones, and digital cameras."
4376,KnowledgeSkillCompetence,http://data.europa.eu/esco/skill/4fea6307-bdc0-423d-ad63-c61755c14522,skill/competence,sector-specific,carry out bibliographic work,"complete bibliographic work
carry out bibliographic works
carrying out bibliographic work
oversee bibliographic work
undertake bibliographic work
make bibliographic work",,released,2024-02-09T17:29:13.7Z,,,"http://data.europa.eu/esco/concept-scheme/skills,
http://data.europa.eu/esco/concept-scheme/member-skills,
http://data.europa.eu/esco/concept-scheme/6c930acd-c104-4ece-acf7-f44fd7333036",Perform bibliographic work; use computer or printed materials to identify and locate book titles as requested by customer.
4378,KnowledgeSkillCompetence,http://data.europa.eu/esco/skill/4ff549c3-daa5-4def-9916-301c7bdf13b8,knowledge,cross-sector,control systems,"industrial regulatory systems
industrial control systems
control devices
system control
regulatory systems
control system
industrial control devices",,released,2024-02-09T17:29:13.7Z,,,"http://data.europa.eu/esco/concept-scheme/skills,
http://data.europa.eu/esco/concept-scheme/member-skills,
http://data.europa.eu/esco/concept-scheme/6c930acd-c104-4ece-acf7-f44fd7333036",Devices or a set of devices that command and manage the performance and behaviour of other equipment and systems. This includes Industrial control systems (ICS) which are used for industrial production and manufacturing.
4382,KnowledgeSkillCompetence,http://data.europa.eu/esco/skill/4ffc3a4c-b4f3-4082-b030-93799725d01b,skill/competence,sector-specific,put uncut recordings into computer,"putting uncut recordings into computer
digitalise uncut recordings
put uncut recording into computer
input uncut recordings into computer",,released,2024-02-09T17:29:15.968Z,,,"http://data.europa.eu/esco/concept-scheme/skills,
http://data.europa.eu/esco/concept-scheme/member-skills,
http://data.europa.eu/esco/concept-scheme/6c930acd-c104-4ece-acf7-f44fd7333036",Put uncut footage and sound into files on the computer.
4386,KnowledgeSkillCompetence,http://data.europa.eu/esco/skill/501537a7-9d63-491d-ae02-09f04767ff1e,knowledge,sector-specific,attack vectors,"information security threats
cybersecurity threats
ICT security threats",,released,2023-03-10T16:46:25.567Z,,,"http://data.europa.eu/esco/concept-scheme/skills,
http://data.europa.eu/esco/concept-scheme/member-skills,
http://data.europa.eu/esco/concept-scheme/6c930acd-c104-4ece-acf7-f44fd7333036","Paths or methods that threat actors use to exploit vulnerabilities in information networks or systems from a concrete organisation and impact its availability, integrity and confidentiality. Attack vectors may include social engineering tactics such as phishing mails or pretexting, technical exploits as SQL injection as well as buffer overflow attacks."
4403,KnowledgeSkillCompetence,http://data.europa.eu/esco/skill/50597e96-9b6a-4736-ac79-dd80f36c0269,knowledge,sector-specific,Metasploit,Metasploit penetration testing tool,,released,2025-06-25T08:20:05.218Z,,,"http://data.europa.eu/esco/concept-scheme/skills,
http://data.europa.eu/esco/concept-scheme/member-skills,
http://data.europa.eu/esco/concept-scheme/6c930acd-c104-4ece-acf7-f44fd7333036",The framework Metasploit is a penetration testing tool which tests security weaknesses of the system for potentially unauthorised access to system information. The tool is based on the concept of 'exploit' which implies executing code on the target machine this way taking advantage of the bugs and vulnerabilities of the target machine.
4404,KnowledgeSkillCompetence,http://data.europa.eu/esco/skill/505e4ef3-7ce4-437d-b7b4-5c608f71c258,skill/competence,occupation-specific,build recommender systems,"build recommendation systems
recommender engine
recommender platform",,released,2024-02-09T17:29:12.952Z,,,"http://data.europa.eu/esco/concept-scheme/skills,
http://data.europa.eu/esco/concept-scheme/member-skills,
http://data.europa.eu/esco/concept-scheme/6c930acd-c104-4ece-acf7-f44fd7333036",Construct recommendation systems based on large data sets using programming languages or computer tools to create a subclass of information filtering system that seeks to predict the rating or preference a user gives to an item.
4405,KnowledgeSkillCompetence,http://data.europa.eu/esco/skill/5063a99f-975b-4a7c-85e3-69ecb375b4d3,knowledge,sector-specific,internet governance,"internet regulation
internet governance policies",,released,2025-06-25T08:20:05.218Z,,,"http://data.europa.eu/esco/concept-scheme/skills,
http://data.europa.eu/esco/concept-scheme/member-skills,
http://data.europa.eu/esco/concept-scheme/6c930acd-c104-4ece-acf7-f44fd7333036","The principles, regulations, norms and programs that shape the evolution and use of internet, such as internet domain names management, registries and registrars, according to ICANN/IANA regulations and recommendations, IP addresses and names, name servers, DNS, TLDs and aspects of IDNs and DNSSEC."
4416,KnowledgeSkillCompetence,http://data.europa.eu/esco/skill/509909a2-4a8f-4ead-8ad0-968df63b77cc,knowledge,cross-sector,social media marketing techniques,"strategies for social media platforms
social media marketing strategies
strategies for social media marketing",,released,2025-06-25T08:20:05.218Z,,,"http://data.europa.eu/esco/concept-scheme/skills,
http://data.europa.eu/esco/concept-scheme/member-skills,
http://data.europa.eu/esco/concept-scheme/6c930acd-c104-4ece-acf7-f44fd7333036",The marketing methods and strategies used to increase attention and website traffic through social media channels.
4427,KnowledgeSkillCompetence,http://data.europa.eu/esco/skill/50b100ea-74fd-4706-99db-3e4ca55e51b8,skill/competence,cross-sector,perform data cleansing,"complete data cleansing
performing data cleansing
undertake data cleansing
perform a data cleanse
data cleansing performance
implement data cleansing",,released,2024-02-09T17:29:16.725Z,,,"http://data.europa.eu/esco/concept-scheme/skills,
http://data.europa.eu/esco/concept-scheme/member-skills,
http://data.europa.eu/esco/concept-scheme/6c930acd-c104-4ece-acf7-f44fd7333036","Detect and correct corrupt records from data sets, ensure that the data become and remain structured according to guidelines."
4460,KnowledgeSkillCompetence,http://data.europa.eu/esco/skill/5120f979-6450-4132-874a-7f7679c7ca14,skill/competence,cross-sector,tend CNC metal punch press,"take care of CNC metal punch press
tend computer numerical controlled metal punch presses
guard computer controlled punch machine
watch over CNC metal punch press
watch over computer controlled punch machine
oversee computer controlled punch machine
oversee CNC metal punch press
take care of computer controlled punch machine
guard CNC metal punch press",,released,2024-02-09T17:29:10.678Z,,,"http://data.europa.eu/esco/concept-scheme/skills,
http://data.europa.eu/esco/concept-scheme/member-skills,
http://data.europa.eu/esco/concept-scheme/6c930acd-c104-4ece-acf7-f44fd7333036",Monitor and operate a computer numerical controlled (CNC) metal punch press according to regulations.
4474,KnowledgeSkillCompetence,http://data.europa.eu/esco/skill/51586df8-1c46-4b47-8583-773cb63bf00b,knowledge,sector-specific,R,R software,,released,2025-06-25T08:20:05.218Z,,,"http://data.europa.eu/esco/concept-scheme/skills,
http://data.europa.eu/esco/concept-scheme/member-skills,
http://data.europa.eu/esco/concept-scheme/6c930acd-c104-4ece-acf7-f44fd7333036","The techniques and principles of software development, such as analysis, algorithms, coding, testing and compiling of programming paradigms in R."
4485,KnowledgeSkillCompetence,http://data.europa.eu/esco/skill/51927003-a757-4552-804f-c045e21fdaf2,skill/competence,cross-sector,set up audiovisual peripheral equipment,"assemble audio-visual peripheral equipment
setting up audio-visual peripheral equipment
set up peripheral audio-visual equipment
mount audio-visual peripheral equipment
prepare audio-visual peripheral equipment",,released,2024-02-09T17:29:10.678Z,,,"http://data.europa.eu/esco/concept-scheme/skills,
http://data.europa.eu/esco/concept-scheme/member-skills,
http://data.europa.eu/esco/concept-scheme/6c930acd-c104-4ece-acf7-f44fd7333036","Set up audiovisual peripheral equipment such as tripods, cables, microphones, monitors, and others."
4496,KnowledgeSkillCompetence,http://data.europa.eu/esco/skill/51b18096-85e6-425b-bb15-03a74eeda0dc,skill/competence,occupation-specific,identify market requirements for ICT documentation,"discover market expectations for ICT documentation
determine market demands for ICT documentation
identify market requirements for documentation",,released,2024-02-29T16:56:45.529Z,,,"http://data.europa.eu/esco/concept-scheme/skills,
http://data.europa.eu/esco/concept-scheme/member-skills,
http://data.europa.eu/esco/concept-scheme/6c930acd-c104-4ece-acf7-f44fd7333036","Conduct research and analyse the specific documentation requirements of the markets (for instance language, applicable standards or legal requirements and cultural conditions) and derive concrete specifications for ICT documentation development."
4533,KnowledgeSkillCompetence,http://data.europa.eu/esco/skill/52739347-5eaa-4c9e-8cde-af7d2ba83320,skill/competence,sector-specific,model electromagnetic products,"simulate electromagnetic products
electromagnetic products simulating
modelling electro-magnetic products
simulating electromagnetic products
electromagnetic product simulating
electro-magnetic products simulating
electromagnetic product modelling
electro-magnetic product modelling
electromagnetic products modelling
electro-magnetic products modelling
electro-magnetic product simulating
modelling electromagnetic products
simulating electro-magnetic products
model electro-magnetic products",,released,2024-02-09T17:29:11.47Z,,,"http://data.europa.eu/esco/concept-scheme/skills,
http://data.europa.eu/esco/concept-scheme/member-skills,
http://data.europa.eu/esco/concept-scheme/6c930acd-c104-4ece-acf7-f44fd7333036",Model and simulate the designed electromagnets or products utilising electromagnetism using technical design software. Assess the viability of the product and examine the physical parameters to ensure a successful production process.
4541,KnowledgeSkillCompetence,http://data.europa.eu/esco/skill/5284ecee-93dd-4145-a3c0-584af836c69e,skill/competence,sector-specific,use e-tourism platforms,"engage with customers on review websites
employ electronic tourism platforms
use travel advertising platforms
use online tourism platforms
engage with digital tourism platforms",,released,2024-02-28T11:14:14.281Z,,,"http://data.europa.eu/esco/concept-scheme/skills,
http://data.europa.eu/esco/concept-scheme/member-skills,
http://data.europa.eu/esco/concept-scheme/6c930acd-c104-4ece-acf7-f44fd7333036",Use digital platforms to promote and share information and digital content about a hospitality establishment or services. Analyse and manage reviews addressed to the organisation to ensure customer satisfaction.
4549,KnowledgeSkillCompetence,http://data.europa.eu/esco/skill/52b38e90-3d05-4042-a9e2-d19dec8dd7c1,skill/competence,cross-sector,test hardware,"testing hardware
hardware checking
hardware systems checking
check hardware systems
testing hardware systems
hardware systems testing
checking hardware systems
test hardware systems
checking hardware
hardware testing",,released,2024-02-09T17:29:16.725Z,,,"http://data.europa.eu/esco/concept-scheme/skills,
http://data.europa.eu/esco/concept-scheme/member-skills,
http://data.europa.eu/esco/concept-scheme/6c930acd-c104-4ece-acf7-f44fd7333036","Test computer hardware systems and components using appropriate equipment and testing methods, such as the system test (ST), the ongoing reliability test (ORT), and the in-circuit test (ICT). Monitor and evaluate system performance and take action if needed."
4552,KnowledgeSkillCompetence,http://data.europa.eu/esco/skill/52c0b1a2-a57f-488b-b09d-19af929412aa,skill/competence,occupation-specific,use functional neuroimaging,"use neuroimaging technologies
utilize functional neuroimaging
use functional neuro-imaging
apply neuroimaging methods
apply functional neuroimaging
use of functional neuroimaging
utilise functional neuroimaging",,released,2024-02-09T17:29:13.7Z,,,"http://data.europa.eu/esco/concept-scheme/skills,
http://data.europa.eu/esco/concept-scheme/member-skills,
http://data.europa.eu/esco/concept-scheme/6c930acd-c104-4ece-acf7-f44fd7333036",Use neuroimaging technologies and methods to study the brain functions.
4556,KnowledgeSkillCompetence,http://data.europa.eu/esco/skill/52cf3037-ab53-4806-85ed-7fd21ea7f6a1,knowledge,sector-specific,Groovy,"Groovy software techniques
Groovy programming language
Groorvy software development",,released,2025-06-25T08:20:05.218Z,,,"http://data.europa.eu/esco/concept-scheme/skills,
http://data.europa.eu/esco/concept-scheme/member-skills,
http://data.europa.eu/esco/concept-scheme/6c930acd-c104-4ece-acf7-f44fd7333036","The techniques and principles of software development, such as analysis, algorithms, coding, testing and compiling of programming paradigms in Groovy."
4560,KnowledgeSkillCompetence,http://data.europa.eu/esco/skill/52e3507b-1cad-409f-9146-3c5e2afe7df9,skill/competence,sector-specific,manage online communications,"supervise online communications
manage online communication
managing online communications
manage communications which are online
handle online communications
oversee online communications
manage on-line communications",,released,2024-02-09T17:29:12.215Z,,,"http://data.europa.eu/esco/concept-scheme/skills,
http://data.europa.eu/esco/concept-scheme/member-skills,
http://data.europa.eu/esco/concept-scheme/6c930acd-c104-4ece-acf7-f44fd7333036","Oversee and supervise communications of a company, entity, or person in online outlets. Ensure that the information being communicated online is in line with the strategy and image aimed to be conveyed."
4568,KnowledgeSkillCompetence,http://data.europa.eu/esco/skill/5303169c-75d6-4751-9136-a4b88343388c,knowledge,cross-sector,social media management,"handling of social media strategies
computer media management
management of social media","Snapchat
LinKedin
Instagram
TikTok
Pinterest
Twitter
Facebook",released,2023-07-11T14:37:28.145Z,,,"http://data.europa.eu/esco/concept-scheme/skills,
http://data.europa.eu/esco/concept-scheme/member-skills,
http://data.europa.eu/esco/concept-scheme/6c930acd-c104-4ece-acf7-f44fd7333036","The planning, development, and implementation of strategies aimed at managing social media platforms, the publications, the social media management tools, and the image of organisations in them."
4574,KnowledgeSkillCompetence,http://data.europa.eu/esco/skill/53141450-2fa9-4890-a64e-7ffd4e1144be,skill/competence,sector-specific,use electronic health records management system,"use electronic health-record-management-system
manage health record system electronically
use electronic health records software
use electronic health records management systems
manage health records electronically
use electronic health records' management systems
use electronic health record management systems",,released,2024-02-09T17:29:09.009Z,,,"http://data.europa.eu/esco/concept-scheme/skills,
http://data.europa.eu/esco/concept-scheme/member-skills,
http://data.europa.eu/esco/concept-scheme/6c930acd-c104-4ece-acf7-f44fd7333036","Be able to use specific software for the management of health care records, following appropriate codes of practice."
4582,KnowledgeSkillCompetence,http://data.europa.eu/esco/skill/53403f06-6c51-4a24-9491-d8a6200526ce,skill/competence,cross-sector,create a product's virtual model,"design product's virtual model
create products' virtual models
produce a virtual model of the product
develop product's virtual model
make product's virtual representation
create a virtual model of the product
conceive product's virtual model
shape product's virtual model
develop product's virtual representation",,released,2024-02-09T17:29:13.7Z,,,"http://data.europa.eu/esco/concept-scheme/skills,
http://data.europa.eu/esco/concept-scheme/member-skills,
http://data.europa.eu/esco/concept-scheme/6c930acd-c104-4ece-acf7-f44fd7333036",Create a mathematical or three-dimensional computer graphic model of the product by using a CAE system or a calculator.
4584,KnowledgeSkillCompetence,http://data.europa.eu/esco/skill/53456d90-8c0d-4bd2-9f1b-312619b6e2a6,knowledge,cross-sector,hardware testing methods,"ORT
testing methods for hardware
computer hardware testing methods
in-circuit test
testing methods for computer hardware
ongoing reliability test",,released,2025-04-16T11:39:42.137Z,,,"http://data.europa.eu/esco/concept-scheme/skills,
http://data.europa.eu/esco/concept-scheme/member-skills,
http://data.europa.eu/esco/concept-scheme/6c930acd-c104-4ece-acf7-f44fd7333036","Those processes in which hardware components or systems are tested, such as the system test (ST), the ongoing reliability test (ORT), and the in-circuit test (ICT)."
4587,KnowledgeSkillCompetence,http://data.europa.eu/esco/skill/5354a726-ee64-4f34-90f8-8436f9f374b8,skill/competence,cross-sector,analyse ecological data,"analyze ecological data
interpret ecological and biological data
analyse data on ecology
examine ecological data
analysing ecological data",,released,2022-07-05T14:33:28.658Z,,,"http://data.europa.eu/esco/concept-scheme/skills,
http://data.europa.eu/esco/concept-scheme/green,
http://data.europa.eu/esco/concept-scheme/member-skills,
http://data.europa.eu/esco/concept-scheme/6c930acd-c104-4ece-acf7-f44fd7333036","Analyse and interpret ecological and biological data, using specialist software programs."
4593,KnowledgeSkillCompetence,http://data.europa.eu/esco/skill/53780150-1581-4ae6-b435-34068c172caf,knowledge,sector-specific,Vyper,Vyper software,,released,2024-02-14T17:21:44.181Z,,,"http://data.europa.eu/esco/concept-scheme/skills,
http://data.europa.eu/esco/concept-scheme/member-skills,
http://data.europa.eu/esco/concept-scheme/6c930acd-c104-4ece-acf7-f44fd7333036","The techniques and principles of software development, such as analysis, algorithms, coding, testing and compiling of programming paradigms in Vyper."
4623,KnowledgeSkillCompetence,http://data.europa.eu/esco/skill/541561bc-510c-4a99-881c-2d8bf5a85462,skill/competence,cross-sector,use technical drawing software,"design creation using specialist software
design using specialist software
design with specialist software
using of technical drawing software
usage of technical drawing software
technical drawing software usage
designing using specialist software
use of technical drawing software
designing with specialist software
create designs with specialist software
using technical drawing software",,released,2024-02-09T17:29:10.678Z,,,"http://data.europa.eu/esco/concept-scheme/skills,
http://data.europa.eu/esco/concept-scheme/member-skills,
http://data.europa.eu/esco/concept-scheme/6c930acd-c104-4ece-acf7-f44fd7333036",Create technical designs and technical drawings using specialised software.
4638,KnowledgeSkillCompetence,http://data.europa.eu/esco/skill/545c80e8-7ab2-42fe-af64-242211e94709,skill/competence,sector-specific,analyse network configuration and performance,"assess network setup and performance
examine network configuration and effectiveness
evaluate network setup and efficiency
analyse performance characteristics of ICT networks
assess network structure",,released,2024-02-29T16:30:12.342Z,,,"http://data.europa.eu/esco/concept-scheme/skills,
http://data.europa.eu/esco/concept-scheme/member-skills,
http://data.europa.eu/esco/concept-scheme/6c930acd-c104-4ece-acf7-f44fd7333036","Analyse essential network data (e.g., router configuration files, routing protocols), network traffic capacity and performance characteristics of ICT networks, such as wide area network and local area network, that connect computers using cable or wireless connections and allow them to exchange data."
4643,KnowledgeSkillCompetence,http://data.europa.eu/esco/skill/546a96b1-5f0a-4c80-b3c5-8ac0830d9f0e,skill/competence,occupation-specific,create digital game characters,"compose digital game characters
write digital game characters",,released,2024-02-09T17:29:09.009Z,,,"http://data.europa.eu/esco/concept-scheme/skills,
http://data.europa.eu/esco/concept-scheme/member-skills,
http://data.europa.eu/esco/concept-scheme/6c930acd-c104-4ece-acf7-f44fd7333036",Develop a typology of characters for digital games and identify their exact role in the gameplay and the narrative.
4645,KnowledgeSkillCompetence,http://data.europa.eu/esco/skill/5475343c-5e75-415f-b431-17f3c20a347e,skill/competence,occupation-specific,use production planning software,"use production planning softwares
using production planning software
work with production planning software
utilize production planning software",,released,2024-02-09T17:29:12.952Z,,,"http://data.europa.eu/esco/concept-scheme/skills,
http://data.europa.eu/esco/concept-scheme/member-skills,
http://data.europa.eu/esco/concept-scheme/6c930acd-c104-4ece-acf7-f44fd7333036",Use software that facilitates planning and scheduling in the manufacturing industry and enables the optimisation of resource allocation.
4651,KnowledgeSkillCompetence,http://data.europa.eu/esco/skill/54924a2c-daca-40d3-9716-4b38ceb04f38,knowledge,cross-sector,algorithms,"formulae
formulas
algorithm
algorithmic",,released,2024-02-09T17:29:11.47Z,,,"http://data.europa.eu/esco/concept-scheme/skills,
http://data.europa.eu/esco/concept-scheme/member-skills,
http://data.europa.eu/esco/concept-scheme/6c930acd-c104-4ece-acf7-f44fd7333036","The self-contained step-by-step sets of operations that carry out calculations, data processing and automated reasoning, usually to solve problems."
4654,KnowledgeSkillCompetence,http://data.europa.eu/esco/skill/54971fec-1c2f-49c0-9396-2f0c9fa5c8c0,knowledge,sector-specific,LAMS,Learning Activity Management System,,released,2024-02-09T17:29:16.725Z,,,"http://data.europa.eu/esco/concept-scheme/skills,
http://data.europa.eu/esco/concept-scheme/member-skills,
http://data.europa.eu/esco/concept-scheme/6c930acd-c104-4ece-acf7-f44fd7333036","The computer program LAMS is a e-learning platform for creating, administrating, arranging, reporting and delivering e-learning education courses or training programs. It is developed by the LAMS Foundation."
4658,KnowledgeSkillCompetence,http://data.europa.eu/esco/skill/54ae8c54-2aad-46fc-bff2-9d44d0ec7a6e,skill/competence,sector-specific,manage information access aids,"manage info access aids
supervise information access aids
maintain information access aids
manage aids for information access
oversee information access aids",,released,2024-01-02T11:06:45.107Z,,,"http://data.europa.eu/esco/concept-scheme/skills,
http://data.europa.eu/esco/concept-scheme/member-skills,
http://data.europa.eu/esco/concept-scheme/6c930acd-c104-4ece-acf7-f44fd7333036","Develop and maintain information access aids such as databases, digital bibliographies, web pages, software programs and online tutorials."
4660,KnowledgeSkillCompetence,http://data.europa.eu/esco/skill/54b4a91f-9db8-4b67-a20d-9b6ceb9c2315,knowledge,occupation-specific,online gambling,"internet gambling
gambling online
online gamble
online betting",,released,2024-02-09T17:29:09.009Z,,,"http://data.europa.eu/esco/concept-scheme/skills,
http://data.europa.eu/esco/concept-scheme/member-skills,
http://data.europa.eu/esco/concept-scheme/6c930acd-c104-4ece-acf7-f44fd7333036",The activity of wagering money or virtual currencies on bets or online gambling games through websites or online software.
4669,KnowledgeSkillCompetence,http://data.europa.eu/esco/skill/54d774a3-de3b-4425-b0d7-c03bc99a0937,skill/competence,sector-specific,set up cybersecurity training programmes,"design cybersecurity training
deliver cybersecurity training
develop cybersecurity training",,released,2023-10-26T09:10:22.301Z,,,"http://data.europa.eu/esco/concept-scheme/skills,
http://data.europa.eu/esco/concept-scheme/member-skills,
http://data.europa.eu/esco/concept-scheme/6c930acd-c104-4ece-acf7-f44fd7333036","Design, develop and deliver educational activities (such as lectures and cyber ranges) to cover needs and/or raise awareness on cybersecurity."
4670,KnowledgeSkillCompetence,http://data.europa.eu/esco/skill/54ddd422-5905-44db-93d4-03b17b913c5e,skill/competence,cross-sector,use CADD software,"utilise CADD software
make use of CADD software
apply CADD software
employ CADD software
use computer-aided design and drafting software
work with CAD software",,released,2024-02-09T17:29:14.494Z,,,"http://data.europa.eu/esco/concept-scheme/skills,
http://data.europa.eu/esco/concept-scheme/member-skills,
http://data.europa.eu/esco/concept-scheme/6c930acd-c104-4ece-acf7-f44fd7333036",Use computer-aided design and drafting software to make detailed drawings and blueprints of designs.
4693,KnowledgeSkillCompetence,http://data.europa.eu/esco/skill/553e1d2d-abf1-4b37-8ac4-c5c78a8edbc0,knowledge,sector-specific,proxy servers,Nginx web server,,released,2023-05-05T16:04:40.934Z,,,"http://data.europa.eu/esco/concept-scheme/skills,
http://data.europa.eu/esco/concept-scheme/member-skills,
http://data.europa.eu/esco/concept-scheme/6c930acd-c104-4ece-acf7-f44fd7333036","The proxy tools which act as an intermediary for requests from users searching for resources e.g. files and web pages from other servers such as Burp, WebScarab, Charles or Fiddler."
4706,KnowledgeSkillCompetence,http://data.europa.eu/esco/skill/557c86b8-a0bc-4545-bb30-d141b1d60bc1,skill/competence,occupation-specific,conduct clinical software research,"do clinical research
carry out clinical research
oversee necessary clinical research
conduct clinical research studies
conduct clinical research",,released,2022-07-05T14:37:59.932Z,,,"http://data.europa.eu/esco/concept-scheme/skills,
http://data.europa.eu/esco/concept-scheme/member-skills,
http://data.europa.eu/esco/concept-scheme/6c930acd-c104-4ece-acf7-f44fd7333036","Oversee and undertake the necessary research to succesfully purchase, design, develop, test, train and implement software regarding clinical care and according to health plans guidelines."
4708,KnowledgeSkillCompetence,http://data.europa.eu/esco/skill/557e9247-1a2d-4497-aa7f-0cded7768da1,knowledge,sector-specific,Aircrack (penetration testing tool),Aircrack,,released,2022-07-05T14:34:21.232Z,,,"http://data.europa.eu/esco/concept-scheme/skills,
http://data.europa.eu/esco/concept-scheme/member-skills,
http://data.europa.eu/esco/concept-scheme/6c930acd-c104-4ece-acf7-f44fd7333036","The computer program Aircrack is a cracking program which recovers 802.11 WEP and WPA-PSK keys by making several network attacks such as FMS, KoreK and PTW attacks."
4724,KnowledgeSkillCompetence,http://data.europa.eu/esco/skill/55c16653-343c-4d02-a9de-7d8e864a4592,knowledge,sector-specific,Codenvy,"Codenvy platform
Codenvy tool",,released,2025-06-25T08:20:05.218Z,,,"http://data.europa.eu/esco/concept-scheme/skills,
http://data.europa.eu/esco/concept-scheme/member-skills,
http://data.europa.eu/esco/concept-scheme/6c930acd-c104-4ece-acf7-f44fd7333036",The tool Codenvy is a platform used to create on-demand workspaces in the cloud where developers can collaborate on coding projects and work together before they merge their work to the main repository.
4726,KnowledgeSkillCompetence,http://data.europa.eu/esco/skill/55cc1f3f-69fc-46ec-b24a-9708f6bd92b4,skill/competence,sector-specific,use software tools for site modelling,"use software tools for site modeling
utilise software tools for site modelling
develop site simulations using computer programmes
utilise software tools to model sites
develop site simulations using computer software
create site simulations using software
use software for site modelling
use software to model sites
perform site simulation activities using computer software
create site simulations using computer software
perform site modelling activities using computer programmes
utilise software to model sites",,released,2022-07-05T14:33:44.716Z,,,"http://data.europa.eu/esco/concept-scheme/skills,
http://data.europa.eu/esco/concept-scheme/member-skills,
http://data.europa.eu/esco/concept-scheme/6c930acd-c104-4ece-acf7-f44fd7333036",Use software and other modelling tools to create simulations of and develop scenarios for possible outcomes of site operations. Use the information gathered from simulations and models for analysis and decision making.
4727,KnowledgeSkillCompetence,http://data.europa.eu/esco/skill/55cd5608-1497-4ed1-96d0-cb9494749a09,skill/competence,cross-sector,repair mobile devices,"repair cell phone devices
replace parts of mobile devices",,released,2022-07-05T14:38:15.447Z,,,"http://data.europa.eu/esco/concept-scheme/skills,
http://data.europa.eu/esco/concept-scheme/member-skills,
http://data.europa.eu/esco/concept-scheme/6c930acd-c104-4ece-acf7-f44fd7333036","Replace parts and repair faults of mobile phones, tablets and other small mobile devices."
4738,KnowledgeSkillCompetence,http://data.europa.eu/esco/skill/5608d5a0-6d5e-43b7-be37-616501729bb4,knowledge,cross-sector,artificial neural networks,"ANN
neural networks
neural nets
artificial neural nets
NN",,released,2024-02-26T14:11:52.817Z,,,"http://data.europa.eu/esco/concept-scheme/skills,
http://data.europa.eu/esco/concept-scheme/member-skills,
http://data.europa.eu/esco/concept-scheme/6c930acd-c104-4ece-acf7-f44fd7333036",A network of artificial neurons composed for solving artificial intelligence problems. These computing systems are inspired by the biological neural networks that constitute brains. Understanding of its general model and its elements. Knowledge of its use possibilities for automation.
4753,KnowledgeSkillCompetence,http://data.europa.eu/esco/skill/5645b349-2b67-48cf-b290-bbb029e59dcf,knowledge,cross-sector,medical imaging technology,"technology of medical imaging
technology of body scanning
DICOM
MRI scanning
medical scanning technology
MRI scanning technology
technologies of medical imaging
Standard HL7
medical imaging technologies",,released,2023-05-05T16:03:43.78Z,,,"http://data.europa.eu/esco/concept-scheme/skills,
http://data.europa.eu/esco/concept-scheme/member-skills,
http://data.europa.eu/esco/concept-scheme/6c930acd-c104-4ece-acf7-f44fd7333036",Set of technologies used to creating visual representations of the body interior for the purposes of clinical analysis.
4762,KnowledgeSkillCompetence,http://data.europa.eu/esco/skill/56a10e3e-c9e7-4d39-b6f1-6013398fcb3a,skill/competence,cross-sector,use content management system software,"using content management system software
handle content management system software
content management system software use
adopt content management system software
operate content management system software
apply content management system software
use a content management system software",,released,2024-02-09T17:29:15.968Z,,,"http://data.europa.eu/esco/concept-scheme/skills,
http://data.europa.eu/esco/concept-scheme/member-skills,
http://data.europa.eu/esco/concept-scheme/6c930acd-c104-4ece-acf7-f44fd7333036","Use software that allows publishing, editing and modifying content as well as maintenance from a central interface."
4765,KnowledgeSkillCompetence,http://data.europa.eu/esco/skill/56a7f561-1d55-43c9-9cd7-36a0a9bc6c50,knowledge,sector-specific,ASP.NET,ASP.NET framework,"ASP.NET 3.5
ASPX
ASP.net
ASP+
Aspx
ASP.NET 2.0",released,2023-06-09T16:07:58.414Z,,,"http://data.europa.eu/esco/concept-scheme/skills,
http://data.europa.eu/esco/concept-scheme/member-skills,
http://data.europa.eu/esco/concept-scheme/6c930acd-c104-4ece-acf7-f44fd7333036","The techniques and principles of software development, such as analysis, algorithms, coding, testing and compiling of programming paradigms in ASP.NET."
4783,KnowledgeSkillCompetence,http://data.europa.eu/esco/skill/5706691c-2c38-46e4-9e88-c55be7e5d3ff,knowledge,sector-specific,digital camera sensors,"typology of digital camera sensors
CCD
types of digital camera sensor
charged coupled device
sensors in digital cameras
complementary metal oxide semiconductor sensor
CMOS",,released,2024-02-09T17:29:14.494Z,,,"http://data.europa.eu/esco/concept-scheme/skills,
http://data.europa.eu/esco/concept-scheme/member-skills,
http://data.europa.eu/esco/concept-scheme/6c930acd-c104-4ece-acf7-f44fd7333036","Types of sensors used in digital cameras, such as charged coupled devices (CCD) and complementary metal oxide semiconductor sensors (CMOS)."
4787,KnowledgeSkillCompetence,http://data.europa.eu/esco/skill/571c8cb7-33f5-4a2e-999d-35688afed581,skill/competence,occupation-specific,repair maritime communication equipment,"repair maritime communication devices
perform repair activities on maritime communication equipment
fix maritime communication equipment
perform repairs on maritime communication equipment
fix maritime communication devices
undertake maritime communication equipment repair activities
fix maritime communication apparatus
carry out repairs on maritime communication equipment
execute maritime equipment repairs
mend maritime communication equipment
repair maritime communication apparatus",,released,2024-02-09T17:29:09.851Z,,,"http://data.europa.eu/esco/concept-scheme/skills,
http://data.europa.eu/esco/concept-scheme/member-skills,
http://data.europa.eu/esco/concept-scheme/6c930acd-c104-4ece-acf7-f44fd7333036",Repair maritime communication devices as required by using electronic testing equipment.
4789,KnowledgeSkillCompetence,http://data.europa.eu/esco/skill/57231a22-4da7-49c8-97b8-75672feadf1e,skill/competence,cross-sector,manage quantitative data,"gather data
manage data quantitatively
organise data
handle numerical data
process data
present data
interpret data
managing quantitative data",,released,2024-02-09T17:29:13.7Z,"Excludes <a resource=""http://data.europa.eu/esco/skill/9af1bd12-01bd-4d6a-947b-69e64f23150a"" typeOf=""http://data.europa.eu/esco/model#Skill"" href=""http://data.europa.eu/esco/skill/9af1bd12-01bd-4d6a-947b-69e64f23150a""><span property=""http://www.w3.org/2000/01/rdf-schema#label"" xml:lang=""en"">process qualitative information</span></a>.",,"http://data.europa.eu/esco/concept-scheme/skills,
http://data.europa.eu/esco/concept-scheme/member-skills,
http://data.europa.eu/esco/concept-scheme/6c930acd-c104-4ece-acf7-f44fd7333036","Gather, process and present quantitative data. Use the appropriate programs and methods for validating, organising and interpreting data."
4795,KnowledgeSkillCompetence,http://data.europa.eu/esco/skill/574032f3-e427-49ad-8d88-2341ac6e1a7d,skill/competence,occupation-specific,operate seismic equipment,"utilisation of seismometers
use seismometers
seismic equipment operation
using seismometers
operating of seismic equipment
operation of seismic equipment
seismometer utilisation
operating seismic equipment",,released,2024-02-09T17:29:11.47Z,,,"http://data.europa.eu/esco/concept-scheme/skills,
http://data.europa.eu/esco/concept-scheme/member-skills,
http://data.europa.eu/esco/concept-scheme/6c930acd-c104-4ece-acf7-f44fd7333036",Move seismic equipment to different locations. Utilise seismometers. Observe recording equipment in order to detect anomalies and irregularities. Process and interpret seismic data both in 2D as in 3D.
4835,KnowledgeSkillCompetence,http://data.europa.eu/esco/skill/580660a6-5d3a-421d-a54f-d85b706c2b2f,skill/competence,cross-sector,use online tools to collaborate,"use VoIP conference calling
WebEx
Confluence
GoToMeeting
Oracle WebCenter
InterCall
TeamTalk
Linoma Software
AccuConference
MetaTeam
Budget Conferencing
TeamViewer
use concurrent file editing
Conference Calling
Infinite Conferencing
Asana
use online meeting tools","WebEx
Confluence
TeamTalk
Linoma Software
MetaTeam
InterCall
TeamViewer
GoToMeeting
Conference Calling
AccuConference
Infinite Conferencing
Asana
Budget Conferencing
Oracle WebCenter",released,2024-02-09T17:29:12.215Z,,,"http://data.europa.eu/esco/concept-scheme/skills,
http://data.europa.eu/esco/concept-scheme/member-skills,
http://data.europa.eu/esco/concept-scheme/6c930acd-c104-4ece-acf7-f44fd7333036","Use online resources such as online meeting tools, VoIP conference calling, concurrent file editing, to co-create, share content and collaborate from remote locations."
4849,KnowledgeSkillCompetence,http://data.europa.eu/esco/skill/5865c47c-cf1a-4dcb-8871-d4a1ea4b047b,skill/competence,occupation-specific,set up documentation control system,"operating documentation control system
operate control system for documentation
documentation control system setting up
setting up control system for documentation
set up control system for documentation
operating control system for documentation
setting up documentation control system
documentation control system operating
operate documentation control system",,released,2024-02-09T17:29:12.952Z,,,"http://data.europa.eu/esco/concept-scheme/skills,
http://data.europa.eu/esco/concept-scheme/member-skills,
http://data.europa.eu/esco/concept-scheme/6c930acd-c104-4ece-acf7-f44fd7333036",Set up and maintain documentation control system.
4852,KnowledgeSkillCompetence,http://data.europa.eu/esco/skill/58783f72-5098-4807-b1d1-954ec2ae94c4,knowledge,sector-specific,Backbox (penetration testing tool),Backbox,,released,2022-07-05T14:34:21.232Z,,,"http://data.europa.eu/esco/concept-scheme/skills,
http://data.europa.eu/esco/concept-scheme/member-skills,
http://data.europa.eu/esco/concept-scheme/6c930acd-c104-4ece-acf7-f44fd7333036","The software BackBox is a Linux distribution which tests security weaknesses of the system for potentially unauthorised access to system information by information gathering, forensic, wireless and VoIP analysis, exploitation and reverse engineering."
4855,KnowledgeSkillCompetence,http://data.europa.eu/esco/skill/58888680-07cd-4baa-8eb1-f846bff7e2d4,skill/competence,sector-specific,manage membership database,"operate association database
oversee membership database
operate membership database
supervise association database
oversee association database
supervise membership database",,released,2024-02-09T17:29:10.678Z,,,"http://data.europa.eu/esco/concept-scheme/skills,
http://data.europa.eu/esco/concept-scheme/member-skills,
http://data.europa.eu/esco/concept-scheme/6c930acd-c104-4ece-acf7-f44fd7333036",Add and update membership information and analyze and report on statistical membership information.
4860,KnowledgeSkillCompetence,http://data.europa.eu/esco/skill/5898d99a-62a4-4e10-a2e3-0d815ce44248,knowledge,sector-specific,cyber attack counter-measures,"network communications security measures
cyber defence mechanisms
cyber/digital/IT/ICT/information security controls
cybersecurity measures","SSL traffic
SHA
MD5
PKI
S/MIME",released,2025-02-27T12:45:08.961Z,,,"http://data.europa.eu/esco/concept-scheme/skills,
http://data.europa.eu/esco/concept-scheme/member-skills,
http://data.europa.eu/esco/concept-scheme/6c930acd-c104-4ece-acf7-f44fd7333036","Methods, technologies and techniques used to defend (detect, monitor and recover) against cyber attacks. These cyber attacks include several attack vectors such as malware, denial of service (DoS) attacks and phishing. Intrusion prevention systems (IPS), firewall, antivirus, intrusion detection systems (IDS), cybersecurity training, backup, Information Security Management System (ISM), multi-factor authentication and employ awareness, are some examples of the methods used."
4870,KnowledgeSkillCompetence,http://data.europa.eu/esco/skill/58bfa8b2-f39f-40c3-8e5e-2dc0d26c7601,skill/competence,occupation-specific,set up media integration systems,"configure media integration systems
install media integration systems
establish media integration setups",,released,2024-03-01T12:11:10.739Z,,,"http://data.europa.eu/esco/concept-scheme/skills,
http://data.europa.eu/esco/concept-scheme/member-skills,
http://data.europa.eu/esco/concept-scheme/6c930acd-c104-4ece-acf7-f44fd7333036","Set up different types of light, sound, image and movement control boards and related equipment like tracking systems, media servers and control software and hardware."
4874,KnowledgeSkillCompetence,http://data.europa.eu/esco/skill/58c3ed60-c06b-47c0-b213-4e3608608644,skill/competence,cross-sector,use remote control equipment,"operating using remote control equipment
operate equipment by remote control
operation of equipment by remote control
operating equipment by remote control
remote control operation equipment
using remote control equipment
operate using remote control equipment
remote control equipment use
remote control operation of equipment
use of remote control equipment",,released,2024-02-09T17:29:13.7Z,,,"http://data.europa.eu/esco/concept-scheme/skills,
http://data.europa.eu/esco/concept-scheme/member-skills,
http://data.europa.eu/esco/concept-scheme/6c930acd-c104-4ece-acf7-f44fd7333036","Use a remote control to operate equipment. Watch the equipment closely while operating, and use any sensors or cameras to guide your actions."
4877,KnowledgeSkillCompetence,http://data.europa.eu/esco/skill/58d7a289-dafd-4363-833f-d1dc4140885e,knowledge,sector-specific,APL,APL programming paradigms,,released,2025-06-25T08:20:05.218Z,,,"http://data.europa.eu/esco/concept-scheme/skills,
http://data.europa.eu/esco/concept-scheme/member-skills,
http://data.europa.eu/esco/concept-scheme/6c930acd-c104-4ece-acf7-f44fd7333036","The techniques and principles of software development, such as analysis, algorithms, coding, testing and compiling of programming paradigms in APL."
4911,KnowledgeSkillCompetence,http://data.europa.eu/esco/skill/598de5b0-5b58-4ea7-8058-a4bc4d18c742,knowledge,sector-specific,SQL,"Informix 4GL/SQL
Subquery
SEQUEL",,released,2025-07-31T09:45:14.168Z,,,"http://data.europa.eu/esco/concept-scheme/skills,
http://data.europa.eu/esco/concept-scheme/member-skills,
http://data.europa.eu/esco/concept-scheme/6c930acd-c104-4ece-acf7-f44fd7333036",The computer language SQL is a query language for retrieval of information from a database and of documents containing the needed information. It is developed by the American National Standards Institute and the International Organization for Standardization.
4933,KnowledgeSkillCompetence,http://data.europa.eu/esco/skill/59ea80e1-463a-4dba-82c6-d0b6d577d532,knowledge,cross-sector,technical drawings,"technical drawing
scientific drawings
specialised drawings
mechanical drawings",,released,2023-12-04T16:27:19.445Z,,,"http://data.europa.eu/esco/concept-scheme/skills,
http://data.europa.eu/esco/concept-scheme/member-skills,
http://data.europa.eu/esco/concept-scheme/6c930acd-c104-4ece-acf7-f44fd7333036","Drawing software and the various symbols, perspectives, units of measurement, notation systems, visual styles and page layouts used in technical drawings."
4947,KnowledgeSkillCompetence,http://data.europa.eu/esco/skill/5a29fbb3-3b5c-44f2-b07a-e84faa790088,skill/competence,cross-sector,maintain sensor equipment,"repair sensor equipment
sensor equipment maintaining
repairing sensor equipment
maintaining sensor equipment
sensor equipment repairing",,released,2024-02-09T17:29:09.009Z,,,"http://data.europa.eu/esco/concept-scheme/skills,
http://data.europa.eu/esco/concept-scheme/member-skills,
http://data.europa.eu/esco/concept-scheme/6c930acd-c104-4ece-acf7-f44fd7333036","Diagnose and detect malfunctions in sensor components, systems, and products using sensors and remove, replace, or repair these components when necessary. Execute preventative equipment maintenance tasks, such as storing the components in clean, dust-free, and non-humid spaces."
4956,KnowledgeSkillCompetence,http://data.europa.eu/esco/skill/5a6dda77-c09d-441a-8456-c6ca7e1bda06,knowledge,occupation-specific,weigh in motion system,"vehicle weight-measurement system
weigh in motion systems
dynamic weighing system
vehicle over-load detector
dynamic weighing systems
vehicle weight-measurement systems",,released,2023-04-03T09:58:55.237Z,,,"http://data.europa.eu/esco/concept-scheme/skills,
http://data.europa.eu/esco/concept-scheme/member-skills,
http://data.europa.eu/esco/concept-scheme/6c930acd-c104-4ece-acf7-f44fd7333036","Weigh in motion systems, which measure the weight of a vehicle passing over and may send out an alarm if the vehicle is overloaded or unbalanced."
4980,KnowledgeSkillCompetence,http://data.europa.eu/esco/skill/5ae6743f-8241-49f8-b447-0df43756cb1c,skill/competence,sector-specific,coordinate audio system programmes,"coordinate system programmes for audio
coordinate efficiency of audio system programme
coordinate audio system programs
coordinate programmes of audio systems
manage audio system programme requirements",,released,2024-01-16T10:39:54.223Z,,,"http://data.europa.eu/esco/concept-scheme/skills,
http://data.europa.eu/esco/concept-scheme/member-skills,
http://data.europa.eu/esco/concept-scheme/6c930acd-c104-4ece-acf7-f44fd7333036","Coordinate the requirements, integration, and installation of audio control system programs."
4982,KnowledgeSkillCompetence,http://data.europa.eu/esco/skill/5af49836-2269-46d9-87b9-0d3140c6c22e,skill/competence,cross-sector,integrate and re-elaborate digital content,modify and integrate digital content,,released,2025-06-25T08:45:06.159Z,,,"http://data.europa.eu/esco/concept-scheme/skills,
http://data.europa.eu/esco/concept-scheme/member-skills,
http://data.europa.eu/esco/concept-scheme/6c930acd-c104-4ece-acf7-f44fd7333036,
http://data.europa.eu/esco/concept-scheme/digcomp","Modify, refine, improve and integrate information and content into an existing body of knowledge to create new, original and relevant content and knowledge."
4998,KnowledgeSkillCompetence,http://data.europa.eu/esco/skill/5b26f08b-88bc-45f0-b901-530d7786466b,knowledge,cross-sector,scientific computing,"computational science
scientific computation",,released,2023-11-29T16:24:35.284Z,,,"http://data.europa.eu/esco/concept-scheme/skills,
http://data.europa.eu/esco/concept-scheme/member-skills,
http://data.europa.eu/esco/concept-scheme/6c930acd-c104-4ece-acf7-f44fd7333036","The interdisciplinary field between computer science, mathematics and engineering. It concerns the employment of technical approaches and theoretical frameworks, and the use of computers, to address issues in science and engineering."
5007,KnowledgeSkillCompetence,http://data.europa.eu/esco/skill/5b4ea415-3a3a-4d90-91d2-2d18ad196f4b,skill/competence,sector-specific,program sound cues,"program and rehearse sound cues
rehearse sound cues
programming sound cues
program cues for sound",,released,2024-02-09T17:29:12.215Z,,,"http://data.europa.eu/esco/concept-scheme/skills,
http://data.europa.eu/esco/concept-scheme/member-skills,
http://data.europa.eu/esco/concept-scheme/6c930acd-c104-4ece-acf7-f44fd7333036",Program sound cues and rehearse sound states before or during rehearsals.
5017,KnowledgeSkillCompetence,http://data.europa.eu/esco/skill/5b776f2d-cac1-437e-badd-9871876209a5,skill/competence,sector-specific,develop geological databases,"create geological databases
developing of geological databases
geological database development
creating geological databases
geological database creation
development of geological databases
creating of geological databases
creation of geological databases
developing geological databases",,released,2024-02-09T17:29:11.47Z,,,"http://data.europa.eu/esco/concept-scheme/skills,
http://data.europa.eu/esco/concept-scheme/member-skills,
http://data.europa.eu/esco/concept-scheme/6c930acd-c104-4ece-acf7-f44fd7333036",Develop geological databases in order to acquire and organise information.
5031,KnowledgeSkillCompetence,http://data.europa.eu/esco/skill/5b9cde20-f1b9-4adc-bfb3-dbf70b14138d,skill/competence,sector-specific,use object-oriented programming,utilise object-oriented programming,,released,2025-06-25T12:15:04.406Z,,,"http://data.europa.eu/esco/concept-scheme/skills,
http://data.europa.eu/esco/concept-scheme/member-skills,
http://data.europa.eu/esco/concept-scheme/6c930acd-c104-4ece-acf7-f44fd7333036","Utilise specialised ICT tools for programming paradigm based on the concept of objects, which can contain data in the form of fields and code in the form of procedures. Use programming languages which support this method such as JAVA and C++."
5033,KnowledgeSkillCompetence,http://data.europa.eu/esco/skill/5bac4bcc-1846-4688-ba02-ad2b51544282,skill/competence,cross-sector,develop inclusive communication material,"develop communication material accessible to people with disabilities
ensure accessibility of communication material
use inclusive promoting material",,released,2022-07-05T14:37:18.921Z,,,"http://data.europa.eu/esco/concept-scheme/skills,
http://data.europa.eu/esco/concept-scheme/member-skills,
http://data.europa.eu/esco/concept-scheme/6c930acd-c104-4ece-acf7-f44fd7333036","Develop inclusive communication resources. Provide appropriate accessible digital, print and signage information and apply the appropriate language to support the representation and inclusion of people with disabilities. Make websites and online facilities accessible, e.g., ensuring compatibility with screen readers."
5045,KnowledgeSkillCompetence,http://data.europa.eu/esco/skill/5be3d306-6cf1-4b49-aa1d-01651dd4ba4c,knowledge,sector-specific,object-oriented modelling,"object-oriented paradigm
object-oriented modeling
knowledge of object-oriented modelling",,released,2024-02-29T16:42:55.336Z,,,"http://data.europa.eu/esco/concept-scheme/skills,
http://data.europa.eu/esco/concept-scheme/member-skills,
http://data.europa.eu/esco/concept-scheme/6c930acd-c104-4ece-acf7-f44fd7333036","The object-oriented paradigm, which is based on classes, objects, methods and interfaces and their application in software design and analysis, programming organisation and techniques."
5068,KnowledgeSkillCompetence,http://data.europa.eu/esco/skill/5c48050b-c4ca-467e-a4d3-9547bf362a17,skill/competence,sector-specific,synchronise with mouth movements,"synchronise with movements of the mouth
match with mouth movements
synchronising with mouth movements
synchronize with mouth movements
synchronise with mouth movement
coordinate with mouth movements",,released,2022-07-05T14:38:15.447Z,,,"http://data.europa.eu/esco/concept-scheme/skills,
http://data.europa.eu/esco/concept-scheme/member-skills,
http://data.europa.eu/esco/concept-scheme/6c930acd-c104-4ece-acf7-f44fd7333036",Synchronise sound recording with the mouth movements of the original actor.
5074,KnowledgeSkillCompetence,http://data.europa.eu/esco/skill/5c66ce3a-658d-43b1-9d8d-0f39be6c0f2e,knowledge,sector-specific,WebCMS,WebCMS software systems,,released,2025-06-25T08:20:05.218Z,,,"http://data.europa.eu/esco/concept-scheme/skills,
http://data.europa.eu/esco/concept-scheme/member-skills,
http://data.europa.eu/esco/concept-scheme/6c930acd-c104-4ece-acf7-f44fd7333036","The web-based software systems used for creating, editing, publishing and archiving blogs, articles, web pages or press releases which are mostly managed by users with limited web programming knowledge."
5080,KnowledgeSkillCompetence,http://data.europa.eu/esco/skill/5c845ff8-b3f7-42b1-a846-a4238a8b404e,skill/competence,sector-specific,use ICT resources to solve work related tasks,"use ICT resources to solve task related to work
use ICT recources to solve work related tasks
choose ICT resources to solve related work tasks
choose ICT resources to manage work tasks
use ICT resources to solve work tasks",,released,2022-07-05T14:38:06.701Z,,,"http://data.europa.eu/esco/concept-scheme/skills,
http://data.europa.eu/esco/concept-scheme/member-skills,
http://data.europa.eu/esco/concept-scheme/6c930acd-c104-4ece-acf7-f44fd7333036",Choose and use ICT resources in order to solve related tasks.
5081,KnowledgeSkillCompetence,http://data.europa.eu/esco/skill/5c8aa481-9e7c-4f32-8197-a8b0fd7ca186,skill/competence,sector-specific,demonstrate functionality of software products,"establish functionality of software products
demonstrate functionality of a software product
display functionality of software products
demonstrating functionality of software products
show functionality of software products
demonstrate the functionality of software products
determine functionality of software products",,released,2024-02-09T17:29:11.47Z,,,"http://data.europa.eu/esco/concept-scheme/skills,
http://data.europa.eu/esco/concept-scheme/member-skills,
http://data.europa.eu/esco/concept-scheme/6c930acd-c104-4ece-acf7-f44fd7333036",Demonstrate to customers the features and functionalities of software products.
5088,KnowledgeSkillCompetence,http://data.europa.eu/esco/skill/5ca9f3d6-d7dd-4bb1-a4ca-75c6b14b7b6f,skill/competence,sector-specific,adapt to new technology used in cars,"adapt to the use of new car technology
adapt to new technology used in automobiles
adjust to technological developments in cars
be adaptable to new technology used in cars
be adaptable to new technology used in automobiles
adjust to developments in car technology
adapt to new automobile technology
adjust to developments in automobile technology
adapt to new technology in cars
adjust to technological developments in automobiles
adapt to the use of new technology in cars",,released,2024-02-09T17:29:15.968Z,,,"http://data.europa.eu/esco/concept-scheme/skills,
http://data.europa.eu/esco/concept-scheme/member-skills,
http://data.europa.eu/esco/concept-scheme/6c930acd-c104-4ece-acf7-f44fd7333036",Adapt to new technology integrated in cars; understand systems operation and provide troubleshooting.
5089,KnowledgeSkillCompetence,http://data.europa.eu/esco/skill/5cbfa47c-5363-46f2-91e7-01909e4f3b15,skill/competence,sector-specific,manage online volunteers,"recruit online volunteers
supervise internet-based volunteers
supervise virtual volunteers
manage a team of online volunteers
oversee virtual volunteers",,released,2024-03-01T08:20:46.899Z,,,"http://data.europa.eu/esco/concept-scheme/skills,
http://data.europa.eu/esco/concept-scheme/member-skills,
http://data.europa.eu/esco/concept-scheme/6c930acd-c104-4ece-acf7-f44fd7333036","Manage a team of volunteers that are working online, recruiting them via online tools and facilitating online meetings to establish goals and evaluate their activities."
5100,KnowledgeSkillCompetence,http://data.europa.eu/esco/skill/5ce5236e-93e2-4899-8971-fff526f85a01,knowledge,cross-sector,blockchain applications,blockchain functions,,released,2023-11-29T16:33:41.374Z,,,"http://data.europa.eu/esco/concept-scheme/skills,
http://data.europa.eu/esco/concept-scheme/member-skills,
http://data.europa.eu/esco/concept-scheme/6c930acd-c104-4ece-acf7-f44fd7333036","The knowledge of applications where blockchains can provide significant added value. They include applications in Banking and Finance (International Payments, Capital Markets, Trade Finance, Regulatory Finance and Audit, Money Laundering Protection, Insurance, Peer-to-Peer Transactions) and Business (Supply Chain Management, Healthcare, Real Estate, Media, Energy), Government (Identity Management, Voting, Taxes, Non-Profit Agencies, Compliance/Regulatory Oversight)."
5101,KnowledgeSkillCompetence,http://data.europa.eu/esco/skill/5ce80f97-b385-4a41-9339-a6593d0709c1,skill/competence,sector-specific,perform video editing,"master video editing techniques
perform video edit
use video editing techniques
perform editing of video",,released,2024-02-09T17:29:09.009Z,,,"http://data.europa.eu/esco/concept-scheme/skills,
http://data.europa.eu/esco/concept-scheme/member-skills,
http://data.europa.eu/esco/concept-scheme/6c930acd-c104-4ece-acf7-f44fd7333036","Rearrange and edit video footage in the course of the post-production process. Edit the footage using a variety of sofware, tools, and techniques such as colour correction and effects, speed effects, and audio enhancing."
5105,KnowledgeSkillCompetence,http://data.europa.eu/esco/skill/5cf70b66-f1b4-4c50-94fb-15ec74fad028,skill/competence,cross-sector,communicate using the global maritime distress and safety system,"communicating alerts using the GMDSS
communicate alerts using the GMDSS
communicate alerts using the global maritime distress and safety system
communicating using the GMDSS
communicate using the GMDSS
send alerts using the GMDSS
communicating alerts using the global maritime distress and safety system
communicating using the global maritime distress and safety system
sending alerts using the GMDSS
sending alerts using the global maritime distress and safety system
send alerts using the global maritime distress and safety system",,released,2024-02-09T17:29:11.47Z,,,"http://data.europa.eu/esco/concept-scheme/skills,
http://data.europa.eu/esco/concept-scheme/member-skills,
http://data.europa.eu/esco/concept-scheme/6c930acd-c104-4ece-acf7-f44fd7333036","Send an alert in case of distress, using any of the various GMDSS radio systems such that the alert has a very high probability of being received by either shore rescue authorities and/or other vessels in the area."
5120,KnowledgeSkillCompetence,http://data.europa.eu/esco/skill/5d3798b0-d3a3-45ef-9df2-8b8756d4d79c,skill/competence,sector-specific,use thermal analysis,"using thermal analysis tools
using thermal analysis
thermal analysis software using
using thermal analysis software
use thermal analysis software
thermal analysis using
use thermal analysis tools",,released,2024-02-09T17:29:16.725Z,,,"http://data.europa.eu/esco/concept-scheme/skills,
http://data.europa.eu/esco/concept-scheme/member-skills,
http://data.europa.eu/esco/concept-scheme/6c930acd-c104-4ece-acf7-f44fd7333036","Use software tools such as Icepak, Fluens and FloTHERM as a means to develop and optimize thermal control designs in order to cope with a wide range of difficult problems regarding thermal products and properties of thermal materials."
5134,KnowledgeSkillCompetence,http://data.europa.eu/esco/skill/5d74614d-32c8-4ca4-9818-6980e52424b1,skill/competence,sector-specific,plan software testing,oversee software testing plans,,released,2025-06-25T12:15:04.406Z,,,"http://data.europa.eu/esco/concept-scheme/skills,
http://data.europa.eu/esco/concept-scheme/member-skills,
http://data.europa.eu/esco/concept-scheme/6c930acd-c104-4ece-acf7-f44fd7333036","Create and supervise tests plans. Decide on allocation of resources, tools and techniques. Set testing criteria for balancing incurred risks in case of remaining defects, adapt budgets and plan additional costs."
5141,KnowledgeSkillCompetence,http://data.europa.eu/esco/skill/5d852752-4bae-4c6e-ab2a-7eb6bf82a99d,skill/competence,sector-specific,maintain computerised records of railway traffic,"keep digital records of railroad activities
keep digital records of railroad operations
maintain computer records of railway traffic
maintain computerised records of rail traffic
keep digital records of railway activities
maintain computer records of rail traffic
maintain computerised records of railroad traffic
keep digital records of railway operational
keep digital records of rail operations
maintain computer records of railroad traffic",,released,2024-01-02T10:46:07.605Z,,,"http://data.europa.eu/esco/concept-scheme/skills,
http://data.europa.eu/esco/concept-scheme/member-skills,
http://data.europa.eu/esco/concept-scheme/6c930acd-c104-4ece-acf7-f44fd7333036","Keep digital records of railway activities, such as the coordination and direction of railway traffic, issuing of permits and authorisations, and general traffic monitoring."
5147,KnowledgeSkillCompetence,http://data.europa.eu/esco/skill/5da42cfd-1da8-4e4f-b68e-4f821d005fc5,knowledge,cross-sector,virtual reality,"digital environment virtual reality
virtual reality systems
digital environment life experiences simulation
virtual reality simulation process
simulated reality",,released,2024-02-26T08:13:08.647Z,,,"http://data.europa.eu/esco/concept-scheme/skills,
http://data.europa.eu/esco/concept-scheme/member-skills,
http://data.europa.eu/esco/concept-scheme/6c930acd-c104-4ece-acf7-f44fd7333036",The process of simulating real-life experiences in a completely immersive digital environment. The user interacts with the virtual reality system via devices such as specifically designed headsets.
5148,KnowledgeSkillCompetence,http://data.europa.eu/esco/skill/5da73370-f6b9-417d-a94c-09bf01f84aa2,skill/competence,sector-specific,use access control software,"define user roles for ICT system
define database user permissions",,released,2024-02-09T17:29:11.47Z,It includes programs such as Avaya Identity Engines or iLock.,,"http://data.europa.eu/esco/concept-scheme/skills,
http://data.europa.eu/esco/concept-scheme/member-skills,
http://data.europa.eu/esco/concept-scheme/6c930acd-c104-4ece-acf7-f44fd7333036","Utilise software to define the roles and manage user authentication, privileges and access rights to ICT systems, data and services."
5149,KnowledgeSkillCompetence,http://data.europa.eu/esco/skill/5da8018b-ae85-4cde-ad93-0394369018f3,knowledge,sector-specific,SPARQL,SPARQL Protocol and RDF Query Language,,released,2024-02-09T17:29:09.009Z,,,"http://data.europa.eu/esco/concept-scheme/skills,
http://data.europa.eu/esco/concept-scheme/member-skills,
http://data.europa.eu/esco/concept-scheme/6c930acd-c104-4ece-acf7-f44fd7333036",The computer language SPARQL is a query language for retrieval of information from a database and of documents containing the needed information. It is developed by the international standards organisation World Wide Web Consortium.
5170,KnowledgeSkillCompetence,http://data.europa.eu/esco/skill/5e0d6552-7efb-4207-b805-68fed752d778,skill/competence,occupation-specific,apply colour grading,"implement colour grading
applying colour grading
carry out colour grading
use colour grading
apply color grading",,released,2022-07-05T14:34:46.63Z,,,"http://data.europa.eu/esco/concept-scheme/skills,
http://data.europa.eu/esco/concept-scheme/member-skills,
http://data.europa.eu/esco/concept-scheme/6c930acd-c104-4ece-acf7-f44fd7333036","Enhance the colour of recorded motion pictures or videos by adjusting the colour composition either by hand, in a photographic laboratory or digitally by using image editing software."
5174,KnowledgeSkillCompetence,http://data.europa.eu/esco/skill/5e14de3d-d055-427e-9f5b-eb068f56b019,skill/competence,cross-sector,research website users,"research website users and traffic
identify needs of website users to increase traffic
perform website user base research activities
research online user base
analyse traffic and user base of website
research users of website
research website traffic
research website user base
research user base of website
analyse and identify needs of website users to increase traffic
analyse website users to increase traffic
conduct research into the needs of website users",,released,2024-02-09T17:29:09.851Z,,,"http://data.europa.eu/esco/concept-scheme/skills,
http://data.europa.eu/esco/concept-scheme/member-skills,
http://data.europa.eu/esco/concept-scheme/6c930acd-c104-4ece-acf7-f44fd7333036",Record and analyse website traffic by distributing surveys or using e-commerce and analytics. Identify the needs and preferences of target visitors in order to apply marketing strategies to increase website traffic.
5202,KnowledgeSkillCompetence,http://data.europa.eu/esco/skill/5edaf4c4-6747-4eb8-b898-72dd2351dca8,skill/competence,cross-sector,control production flow remotely,"remotely operating production flow
operating production flow remotely
operate production flow remotely
controlling production flow remotely
remotely controlling production flow",,released,2024-02-09T17:29:15.968Z,,,"http://data.europa.eu/esco/concept-scheme/skills,
http://data.europa.eu/esco/concept-scheme/member-skills,
http://data.europa.eu/esco/concept-scheme/6c930acd-c104-4ece-acf7-f44fd7333036","Control remotely the flow of production from the start-up operations to the shutdown of the equipments and systems, using the control panel."
5206,KnowledgeSkillCompetence,http://data.europa.eu/esco/skill/5ef0c719-5bcb-49f8-b8eb-824388225333,skill/competence,sector-specific,use scripting programming,"employ ICT tools for computer code creation
use ICT tools for computer code generation
employ programming languages for computer code creation
use ICT tools for computer code development
use ICT tools for computer code creation",,released,2025-06-25T12:15:04.406Z,,,"http://data.europa.eu/esco/concept-scheme/skills,
http://data.europa.eu/esco/concept-scheme/member-skills,
http://data.europa.eu/esco/concept-scheme/6c930acd-c104-4ece-acf7-f44fd7333036","Utilise specialised ICT tools to create computer code that is interpreted by the corresponding run-time environments in order to extend applications and automate common computer operations. Use programming languages which support this method such as Unix Shell scripts, JavaScript, Python and Ruby."
5235,KnowledgeSkillCompetence,http://data.europa.eu/esco/skill/5f5e9350-1d13-4391-b9e1-07f6b2047fc5,knowledge,sector-specific,e-learning,"online learning solutions
online learning tools
E-learning platforms
online learning
online learning platform",,released,2025-06-25T08:20:05.218Z,,,"http://data.europa.eu/esco/concept-scheme/skills,
http://data.europa.eu/esco/concept-scheme/member-skills,
http://data.europa.eu/esco/concept-scheme/6c930acd-c104-4ece-acf7-f44fd7333036",The strategies and didactical methods of learning in which the main elements include the use of ICT technologies.
5243,KnowledgeSkillCompetence,http://data.europa.eu/esco/skill/5f782745-6382-4873-b415-8fb91c705b03,skill/competence,cross-sector,create digital images,"come up with digital images
create digital image
design digital images
develop digital images
creating digital images
make digital images",,released,2024-02-09T17:29:16.725Z,,,"http://data.europa.eu/esco/concept-scheme/skills,
http://data.europa.eu/esco/concept-scheme/member-skills,
http://data.europa.eu/esco/concept-scheme/6c930acd-c104-4ece-acf7-f44fd7333036","Create and process two-dimensional and three-dimensional digital images depicting animated objects or illustrating a process, using computer animation or modelling programs."
5263,KnowledgeSkillCompetence,http://data.europa.eu/esco/skill/5fd5c985-eaaa-47aa-8314-62359c54505a,skill/competence,cross-sector,develop digital content,,,released,2025-02-27T12:45:08.961Z,,,"http://data.europa.eu/esco/concept-scheme/skills,
http://data.europa.eu/esco/concept-scheme/member-skills,
http://data.europa.eu/esco/concept-scheme/6c930acd-c104-4ece-acf7-f44fd7333036,
http://data.europa.eu/esco/concept-scheme/digcomp","Create and edit digital content in different formats, express oneself through digital means."
5265,KnowledgeSkillCompetence,http://data.europa.eu/esco/skill/5fd6c193-93c6-4f2d-bf9b-e0debb851f2d,knowledge,sector-specific,collection management software,"collection software management
collections management software
collection information system
collection management and archive software",,released,2024-02-09T17:29:16.725Z,,,"http://data.europa.eu/esco/concept-scheme/skills,
http://data.europa.eu/esco/concept-scheme/member-skills,
http://data.europa.eu/esco/concept-scheme/6c930acd-c104-4ece-acf7-f44fd7333036",Be familiar with specialised collection management software used to document and keep record of the museum collection.
5271,KnowledgeSkillCompetence,http://data.europa.eu/esco/skill/5fed696b-77d6-46e1-aa57-e520928a9837,skill/competence,cross-sector,use free typing techniques,"use free typing
using free typing techniques
utilize free typing techniques
employ free typing techniques
use free typing technique",,released,2024-02-09T17:29:17.515Z,,,"http://data.europa.eu/esco/concept-scheme/skills,
http://data.europa.eu/esco/concept-scheme/member-skills,
http://data.europa.eu/esco/concept-scheme/6c930acd-c104-4ece-acf7-f44fd7333036","Know, use and write documents, texts and content in general without looking at the keyboard. Use techniques to write documents in such fashion."
5281,KnowledgeSkillCompetence,http://data.europa.eu/esco/skill/6014921e-1d25-4039-adc2-04852d61880e,knowledge,sector-specific,ICT debugging tools,"software debugging tools
ICT testing tools",,released,2025-06-25T08:20:05.218Z,,,"http://data.europa.eu/esco/concept-scheme/skills,
http://data.europa.eu/esco/concept-scheme/member-skills,
http://data.europa.eu/esco/concept-scheme/6c930acd-c104-4ece-acf7-f44fd7333036","The ICT tools used to test and debug programs and software code, such as GNU Debugger (GDB), Intel Debugger (IDB), Microsoft Visual Studio Debugger, Valgrind and WinDbg."
5294,KnowledgeSkillCompetence,http://data.europa.eu/esco/skill/604f62cc-0f04-4903-b9f9-7128f72d4e5a,knowledge,sector-specific,Brightspace (learning management systems),"D2L Brightspace
Brightspace Learning Environment
Brightspace learning management system
Desire2Learn Brightspace
Brightspace",,released,2022-07-05T14:34:09.904Z,,,"http://data.europa.eu/esco/concept-scheme/skills,
http://data.europa.eu/esco/concept-scheme/member-skills,
http://data.europa.eu/esco/concept-scheme/6c930acd-c104-4ece-acf7-f44fd7333036","The computer program Brightspace is a e-learning platform for creating, administrating, arranging, reporting and delivering e-learning education courses or training programs. It is developed by the software company D2L Corporation."
5298,KnowledgeSkillCompetence,http://data.europa.eu/esco/skill/605399ce-4736-4b41-b41e-92ecf2139454,knowledge,sector-specific,Solidity,"Solidity principles
Solidity techniques
Solidity software",,released,2024-03-01T12:08:35.262Z,,,"http://data.europa.eu/esco/concept-scheme/skills,
http://data.europa.eu/esco/concept-scheme/member-skills,
http://data.europa.eu/esco/concept-scheme/6c930acd-c104-4ece-acf7-f44fd7333036","The techniques and principles of software development, such as analysis, algorithms, coding, testing and compiling of programming paradigms in Solidity."
5333,KnowledgeSkillCompetence,http://data.europa.eu/esco/skill/60d48be0-4260-4b2e-85b9-aedff7a9b7d9,knowledge,sector-specific,ICT capacity planning strategies,ICT capacity management,,released,2025-06-25T08:20:05.218Z,,,"http://data.europa.eu/esco/concept-scheme/skills,
http://data.europa.eu/esco/concept-scheme/member-skills,
http://data.europa.eu/esco/concept-scheme/6c930acd-c104-4ece-acf7-f44fd7333036","The methods, techniques and ICT tools used for planning the maximum amount of work that an organisation is capable of completing in a given period, based on the number of machines, workers and shifts and taking into account constraints such as quality problems, delays and material handling."
5341,KnowledgeSkillCompetence,http://data.europa.eu/esco/skill/60f2ec1a-9237-4d0e-8c4a-1a3e67a0d83d,skill/competence,sector-specific,define celestial bodies,"defining celestial bodies
defining celestial body
categorize celestial bodies
define celestial body
determine celestial bodies
identify celestial bodies",,released,2024-02-09T17:29:17.515Z,,,"http://data.europa.eu/esco/concept-scheme/skills,
http://data.europa.eu/esco/concept-scheme/member-skills,
http://data.europa.eu/esco/concept-scheme/6c930acd-c104-4ece-acf7-f44fd7333036","Analyse data and images to calculate the size, shape, brightness, and motion of celestial bodies."
5350,KnowledgeSkillCompetence,http://data.europa.eu/esco/skill/611ed16b-99bf-4840-9cab-f55d1d286e0a,skill/competence,cross-sector,store digital data and systems,"store systems and digital data
backup digital data and systems
cache digital data and systems
use data and systems archiving procedures
back up data
archive digital data and systems
use data and systems archiving tools
storing digital data and systems
store digital data and system
restore data",,released,2024-02-09T17:29:09.009Z,,,"http://data.europa.eu/esco/concept-scheme/skills,
http://data.europa.eu/esco/concept-scheme/member-skills,
http://data.europa.eu/esco/concept-scheme/6c930acd-c104-4ece-acf7-f44fd7333036","Use software tools to archive data by copying and backing them up, in order to ensure their integrity and to prevent data loss."
5356,KnowledgeSkillCompetence,http://data.europa.eu/esco/skill/6141595f-a016-4ef9-9487-3829f6804715,skill/competence,occupation-specific,design a media integration system,"design a media integration platform
develop a media integration system
develop a media integration platform",,released,2024-02-28T15:05:20.341Z,,,"http://data.europa.eu/esco/concept-scheme/skills,
http://data.europa.eu/esco/concept-scheme/member-skills,
http://data.europa.eu/esco/concept-scheme/6c930acd-c104-4ece-acf7-f44fd7333036","Design a complex media integration system, based on a given concept and predefined requirements. This could be a permanent as well as a temporary installation."
5376,KnowledgeSkillCompetence,http://data.europa.eu/esco/skill/6195c5f7-a4fb-425d-a3dd-c4467c4471a3,skill/competence,sector-specific,deploy cloud resource,"cloud deployment
deployment and provisioning
provision cloud resources",,released,2022-07-05T14:34:46.63Z,,,"http://data.europa.eu/esco/concept-scheme/skills,
http://data.europa.eu/esco/concept-scheme/member-skills,
http://data.europa.eu/esco/concept-scheme/6c930acd-c104-4ece-acf7-f44fd7333036","Identify and execute steps required to provision cloud resources, such as networks, servers, storage, applications, GPUs, and services. Define the cloud global infrastructure and remediate deployment issues."
5389,KnowledgeSkillCompetence,http://data.europa.eu/esco/skill/61c567d0-e01c-4f5c-9420-5926298f5099,skill/competence,occupation-specific,select recording source,"choose recording source
pick recording source
selecting recording source
select recording sources",,released,2024-02-09T17:29:10.678Z,,,"http://data.europa.eu/esco/concept-scheme/skills,
http://data.europa.eu/esco/concept-scheme/member-skills,
http://data.europa.eu/esco/concept-scheme/6c930acd-c104-4ece-acf7-f44fd7333036",Select the source from which programs will be recorded such as satellite or studio.
5391,KnowledgeSkillCompetence,http://data.europa.eu/esco/skill/61c81161-b732-4c47-aba5-9e554d9a853f,knowledge,sector-specific,integrated circuit types,"types of integrated circuit
types of IC
IC types
typology of integrated circuit
digital integrated circuits
analogue integrated circuits
mixed-signal integrated circuits
range of integrated circuits",,released,2024-02-09T17:29:16.725Z,,,"http://data.europa.eu/esco/concept-scheme/skills,
http://data.europa.eu/esco/concept-scheme/member-skills,
http://data.europa.eu/esco/concept-scheme/6c930acd-c104-4ece-acf7-f44fd7333036","Types of integrated circuits (IC), such as analog integrated circuits, digital integrated circuits, and mixed-signal integrated circuits."
5394,KnowledgeSkillCompetence,http://data.europa.eu/esco/skill/61d6ef20-6cc7-40f8-919e-3360db6cf2b3,knowledge,sector-specific,hardware materials,hardware features,,released,2025-06-25T08:20:05.218Z,,,"http://data.europa.eu/esco/concept-scheme/skills,
http://data.europa.eu/esco/concept-scheme/member-skills,
http://data.europa.eu/esco/concept-scheme/6c930acd-c104-4ece-acf7-f44fd7333036","The characteristics, applications and environmental effects of materials used to develop hardware."
5420,KnowledgeSkillCompetence,http://data.europa.eu/esco/skill/625b57ee-29d4-425b-bf99-9fd54dd021fe,knowledge,sector-specific,Kali Linux,"Kali Tools
Kali Docs
Kali NetHunter
Kali penetration testing tool
Kali Linux distribution",,released,2025-06-25T08:20:05.218Z,,,"http://data.europa.eu/esco/concept-scheme/skills,
http://data.europa.eu/esco/concept-scheme/member-skills,
http://data.europa.eu/esco/concept-scheme/6c930acd-c104-4ece-acf7-f44fd7333036","The Kali Linux tool is a penetration testing tool which tests security weaknesses of the systems for potentially unauthorised access to system information by information gathering, vulnerability analysis and wireless and passwords attacks."
5427,KnowledgeSkillCompetence,http://data.europa.eu/esco/skill/628664ec-a63b-4486-8d65-02aba81c82a0,knowledge,sector-specific,ICT sales methodologies,ICT sales techniques,,released,2025-06-25T08:20:05.218Z,,,"http://data.europa.eu/esco/concept-scheme/skills,
http://data.europa.eu/esco/concept-scheme/member-skills,
http://data.europa.eu/esco/concept-scheme/6c930acd-c104-4ece-acf7-f44fd7333036","The practices used in the ICT sector to promote and sell products, services or applications such as SPIN Selling, Conceptual Selling and SNAP Selling."
5429,KnowledgeSkillCompetence,http://data.europa.eu/esco/skill/6290031b-4183-4849-ab02-11a3ea0494da,skill/competence,occupation-specific,test wireless devices,"wireless devices analysing
wireless device testing
analyse wireless devices
bluetooth wireless technology
testing wireless devices
wireless devices testing
wireless device analysing
analysing wireless devices",,released,2025-02-27T12:45:08.961Z,,,"http://data.europa.eu/esco/concept-scheme/skills,
http://data.europa.eu/esco/concept-scheme/member-skills,
http://data.europa.eu/esco/concept-scheme/6c930acd-c104-4ece-acf7-f44fd7333036","Analyse and test wireless devices and digital platforms that use power management integrated circuits (PMIC), radio frequency integrated circuits (RFIC) or wireless chipsets."
5449,KnowledgeSkillCompetence,http://data.europa.eu/esco/skill/62f2caf5-9f94-43a6-ac1c-5962de81643f,skill/competence,sector-specific,promote virtual reality travelling experiences,"promote immersive tourism experiences
advertise virtual reality travelling experiences
publicise virtual realtily travelling experiences
promote virtual reality technology for travelling experiences",,released,2024-03-01T09:02:06.415Z,,,"http://data.europa.eu/esco/concept-scheme/skills,
http://data.europa.eu/esco/concept-scheme/member-skills,
http://data.europa.eu/esco/concept-scheme/6c930acd-c104-4ece-acf7-f44fd7333036","Use virtual reality technology to immerse customers into experiences such as virtual tours of a destination, attraction or hotel. Promote this technology to allow customers to sample attractions or hotel rooms virtually before making a purchasing decision."
5456,KnowledgeSkillCompetence,http://data.europa.eu/esco/skill/63206320-8fb8-481d-b969-5ebdd33ac32e,knowledge,occupation-specific,roofing drones,"roofing drone types
typology of r.o.a.
typology of remotely operated aircraft
types of remotely operated aircraft
drones for roofing
typology of roofing drones
types of r.o.a",,released,2024-02-09T17:29:10.678Z,,,"http://data.europa.eu/esco/concept-scheme/skills,
http://data.europa.eu/esco/concept-scheme/member-skills,
http://data.europa.eu/esco/concept-scheme/6c930acd-c104-4ece-acf7-f44fd7333036","Types of remotely operated aircraft (ROA) which are used for visually assessing roofing damage, image or video capturing and gathering general size information for roofing works and further construction."
5457,KnowledgeSkillCompetence,http://data.europa.eu/esco/skill/632843be-2872-47b4-a92e-352629f9bd88,skill/competence,cross-sector,analyse stress resistance of products,"study stress resistance of products
calculate stress resistance of products
analyze stress resistance of products
conduct analyses of stress resistance of products
analyse a product's stress resistance
observe stress resistance of products",,released,2024-02-08T17:21:28.466Z,,,"http://data.europa.eu/esco/concept-scheme/skills,
http://data.europa.eu/esco/concept-scheme/member-skills,
http://data.europa.eu/esco/concept-scheme/6c930acd-c104-4ece-acf7-f44fd7333036","Analyse the ability of products to endure stress imposed by temperature, loads, motion, vibration and other factors, by using mathematical formulas and computer simulations."
5468,KnowledgeSkillCompetence,http://data.europa.eu/esco/skill/6345d3a4-7d1a-40a9-9a82-6ed06beffe7b,knowledge,occupation-specific,online job platforms,"on-line job platforms
online job platform
online employment sites
online employment portals
online job portals
online job sites",,released,2024-02-09T17:29:16.725Z,,,"http://data.europa.eu/esco/concept-scheme/skills,
http://data.europa.eu/esco/concept-scheme/member-skills,
http://data.europa.eu/esco/concept-scheme/6c930acd-c104-4ece-acf7-f44fd7333036",Online platforms which display job offers.
5473,KnowledgeSkillCompetence,http://data.europa.eu/esco/skill/6360a934-cc87-4954-9656-b32db20592e3,knowledge,cross-sector,quantitative analysis,quantitative data analysis,,released,2023-11-29T16:26:13.467Z,,,"http://data.europa.eu/esco/concept-scheme/skills,
http://data.europa.eu/esco/concept-scheme/member-skills,
http://data.europa.eu/esco/concept-scheme/6c930acd-c104-4ece-acf7-f44fd7333036",The technique of employing statistical and mathematical modelling and measurement to represent a specific reality through numbers.
5484,KnowledgeSkillCompetence,http://data.europa.eu/esco/skill/6391d9ad-165e-4c42-80af-1b478db422e6,skill/competence,sector-specific,improve customer traveling experiences with augmented reality,"augmented reality technology for enhancing customer traveling experiences
enhance customer traveling experiences with augmented reality",,released,2024-02-26T13:13:27.464Z,,,"http://data.europa.eu/esco/concept-scheme/skills,
http://data.europa.eu/esco/concept-scheme/member-skills,
http://data.europa.eu/esco/concept-scheme/6c930acd-c104-4ece-acf7-f44fd7333036","Use augmented reality technology to provide customers with enhanced experiences in their travelling journey, ranging from exploring digitally, interactively and in more depth tourist destinations, local sights and hotel rooms."
5503,KnowledgeSkillCompetence,http://data.europa.eu/esco/skill/63f0aa84-5e4c-4eb6-8e8c-876d9feedf1f,knowledge,sector-specific,Outsourcing model,OBS,,released,2025-06-25T08:20:05.218Z,,,"http://data.europa.eu/esco/concept-scheme/skills,
http://data.europa.eu/esco/concept-scheme/member-skills,
http://data.europa.eu/esco/concept-scheme/6c930acd-c104-4ece-acf7-f44fd7333036","The outsourcing model consists of principles and fundamentals of service-oriented modelling for business and software systems that allow the design and specification of service-oriented business systems within a variety of architectural styles, such as enterprise architecture."
5512,KnowledgeSkillCompetence,http://data.europa.eu/esco/skill/6417a4cc-6f61-4459-a114-761a7fa0279d,knowledge,sector-specific,Puppet (tools for software configuration management),Puppet,,released,2022-07-05T14:33:44.716Z,,,"http://data.europa.eu/esco/concept-scheme/skills,
http://data.europa.eu/esco/concept-scheme/member-skills,
http://data.europa.eu/esco/concept-scheme/6c930acd-c104-4ece-acf7-f44fd7333036","The tool Puppet is a software program to perform configuration identification, control, status accounting and audit."
5515,KnowledgeSkillCompetence,http://data.europa.eu/esco/skill/6430eb0d-c6de-46b7-a7fc-3dd2e8e62a69,skill/competence,cross-sector,use ICT ticketing system,use e-ticketing system,,released,2023-05-05T16:10:20.935Z,,,"http://data.europa.eu/esco/concept-scheme/skills,
http://data.europa.eu/esco/concept-scheme/member-skills,
http://data.europa.eu/esco/concept-scheme/6c930acd-c104-4ece-acf7-f44fd7333036","Utilise a specialised system to track registration, processing and resolution of issues in an organisation by assigning each of these issues a ticket, registering inputs from involved persons, tracking changes and displaying the status of the ticket, until it is completed."
5528,KnowledgeSkillCompetence,http://data.europa.eu/esco/skill/6468e5fb-f3be-4025-87be-4b6556755c61,knowledge,cross-sector,programmable logic controller,"PLC
technology of PLCs
computer control system
logic controller that is programmable
PLC technology",,released,2024-02-09T17:29:12.952Z,,,"http://data.europa.eu/esco/concept-scheme/skills,
http://data.europa.eu/esco/concept-scheme/member-skills,
http://data.europa.eu/esco/concept-scheme/6c930acd-c104-4ece-acf7-f44fd7333036",Programmable logic controllers or PLC's are computer control systems used for the monitoring and control of input and output as well as the automation of electromechanical processes.
5531,KnowledgeSkillCompetence,http://data.europa.eu/esco/skill/6474fc36-67ae-436b-9d39-c14402c6a89b,skill/competence,sector-specific,use ICT hardware,"utilise ICT hardware
operate ICT hardware",,released,2023-12-19T15:39:28.824Z,,,"http://data.europa.eu/esco/concept-scheme/skills,
http://data.europa.eu/esco/concept-scheme/member-skills,
http://data.europa.eu/esco/concept-scheme/6c930acd-c104-4ece-acf7-f44fd7333036","Ability to use equipment such as monitor, mouse, keyboard, storage devices, printers, scanners etc to perform operations such as plugging in, starting up, shutting down, rebooting, saving files and other operations."
5532,KnowledgeSkillCompetence,http://data.europa.eu/esco/skill/64852ade-6ae1-4760-ba4a-976bf07ca255,skill/competence,cross-sector,manage disaster recovery plans,prepare disaster recovery plans,,released,2025-06-25T08:45:06.159Z,,,"http://data.europa.eu/esco/concept-scheme/skills,
http://data.europa.eu/esco/concept-scheme/member-skills,
http://data.europa.eu/esco/concept-scheme/6c930acd-c104-4ece-acf7-f44fd7333036","Prepare, test and execute, when necessary, a plan of action to retrieve or compensate lost information system data."
5540,KnowledgeSkillCompetence,http://data.europa.eu/esco/skill/64a3ce27-51c7-4b9d-8e6b-0b127558b3e2,skill/competence,occupation-specific,plot show control cues,plot management signals,,released,2024-02-26T16:06:31.012Z,,,"http://data.europa.eu/esco/concept-scheme/skills,
http://data.europa.eu/esco/concept-scheme/member-skills,
http://data.europa.eu/esco/concept-scheme/6c930acd-c104-4ece-acf7-f44fd7333036","Enter, check and try out the different states in a show control board or system. Put in actions, levels, positions, changeovers, etc."
5542,KnowledgeSkillCompetence,http://data.europa.eu/esco/skill/64ab52f5-9200-45a3-a127-679b487c6415,skill/competence,occupation-specific,use computer programs to improve patients' skills,"utilise computer-based programmes to improve patients' abilities
use computer programmes to improve patients' skills
use IT programmes to improve patients' skills
use computer programme to improve patient's skills
utilize computer-based programs to improve patients' abilities",,released,2024-02-09T17:29:09.851Z,,,"http://data.europa.eu/esco/concept-scheme/skills,
http://data.europa.eu/esco/concept-scheme/member-skills,
http://data.europa.eu/esco/concept-scheme/6c930acd-c104-4ece-acf7-f44fd7333036","Use specialised computer programs to help patients improve skills they use in their daily lives, working on decision-making, abstract reasoning, memory, sequencing, coordination, problem-solving, and perceptual skills."
5557,KnowledgeSkillCompetence,http://data.europa.eu/esco/skill/64e09849-a7db-4d6b-a932-66264420eb97,skill/competence,cross-sector,apply social media marketing,"administer social media marketing
social media marketing application
implement social media marketing
application of social media marketing
utilise social media marketing
employ social media marketing
applying social media marketing",,released,2024-02-09T17:29:09.851Z,,,"http://data.europa.eu/esco/concept-scheme/skills,
http://data.europa.eu/esco/concept-scheme/member-skills,
http://data.europa.eu/esco/concept-scheme/6c930acd-c104-4ece-acf7-f44fd7333036","Employ website traffic of social media such as Facebook and Twitter to generate attention and participation of existing and potential customers through discussion forums, web logs, microblogging and social communities for gaining a quick overview or insight into topics and opinions in the social web and handle inbound leads or inquiries."
5620,KnowledgeSkillCompetence,http://data.europa.eu/esco/skill/65e58886-bd1e-4c5b-8ca5-8d9b353c8aa1,knowledge,cross-sector,data visualisation software,data presentation software,"Microsoft Power BI
ggplot2
Power BI
Tableau",released,2023-11-29T16:28:10.548Z,,,"http://data.europa.eu/esco/concept-scheme/skills,
http://data.europa.eu/esco/concept-scheme/member-skills,
http://data.europa.eu/esco/concept-scheme/6c930acd-c104-4ece-acf7-f44fd7333036","A computer tool or application that creates a graphical and visual representation of data, allowing a better understanding and interpretation of complex data through visual elements such as maps, charts, infographics or graphs."
5646,KnowledgeSkillCompetence,http://data.europa.eu/esco/skill/668c3fd4-8443-4f27-bc1e-2d96205186b5,knowledge,cross-sector,blockchain application areas,"blockchain application fields
areas of blockchain application",,released,2023-11-29T16:32:43.905Z,,,"http://data.europa.eu/esco/concept-scheme/skills,
http://data.europa.eu/esco/concept-scheme/member-skills,
http://data.europa.eu/esco/concept-scheme/6c930acd-c104-4ece-acf7-f44fd7333036","The study of the areas in which blockchain is implemented. Banking and Finance, Businesses (Supply Chain Management, Healthcare, Real Estate, Media, Energy), and Government are some examples of this application areas."
5674,KnowledgeSkillCompetence,http://data.europa.eu/esco/skill/6709e92c-7546-46a4-aa57-5e951bd4cb0f,knowledge,cross-sector,building automation,"types of building management system
sorts of building automation
typology of building automation
BMS
types of BMS
types of building automation system
kinds of building automation
types of building automation
types of BAS
automation of buildings
building management systems",,released,2025-07-25T08:55:01.796Z,,,"http://data.europa.eu/esco/concept-scheme/skills,
http://data.europa.eu/esco/concept-scheme/green,
http://data.europa.eu/esco/concept-scheme/member-skills,
http://data.europa.eu/esco/concept-scheme/6c930acd-c104-4ece-acf7-f44fd7333036","Type of automatic control system where through a Building Managements System or Building Automation System (BAS) the control of a building's ventilation, humidity, heating, lighting and other systems is being automated at centralized location and monitored through electronic systems. Can be set to optimize energy consumption."
5677,KnowledgeSkillCompetence,http://data.europa.eu/esco/skill/670f8eea-f25b-4c3f-97ef-a4729d4c63d6,knowledge,sector-specific,smart contract,smart contract software,,released,2024-02-14T14:58:14.277Z,,,"http://data.europa.eu/esco/concept-scheme/skills,
http://data.europa.eu/esco/concept-scheme/member-skills,
http://data.europa.eu/esco/concept-scheme/6c930acd-c104-4ece-acf7-f44fd7333036",A software program in which the terms of a contract or transaction are directly coded. Smart contracts are executed automatically upon fulfilment of the terms and therefore require no third party to oversee and register the contract or transaction.
5704,KnowledgeSkillCompetence,http://data.europa.eu/esco/skill/67a118f4-8a5f-48f7-8e5f-de34b9ca2c37,knowledge,sector-specific,hybrid model,"knowledge of hybrid model
theory of hybrid model
Hybrid model
hybrid model principles
hybrid model fundamentals",,released,2024-02-28T15:50:30.82Z,,,"http://data.europa.eu/esco/concept-scheme/skills,
http://data.europa.eu/esco/concept-scheme/member-skills,
http://data.europa.eu/esco/concept-scheme/6c930acd-c104-4ece-acf7-f44fd7333036","The hybrid model consists of principles and fundamentals of service-oriented modelling for business and software systems that allow the design and specification of service-oriented business systems within a variety of architectural styles, such as enterprise architecture."
5711,KnowledgeSkillCompetence,http://data.europa.eu/esco/skill/67d37d22-a013-4d79-9185-2f97820917d6,skill/competence,sector-specific,analyse blood samples,"interpret blood samples
look for abnormalities in blood samples
analyze blood samples
screen blood samples
analyse blood-samples
analyze blood-samples",,released,2025-11-26T10:16:52.089Z,,,"http://data.europa.eu/esco/concept-scheme/skills,
http://data.europa.eu/esco/concept-scheme/member-skills,
http://data.europa.eu/esco/concept-scheme/6c930acd-c104-4ece-acf7-f44fd7333036","Analyse blood samples using computer-aided and manual techniques, looking for white or red blood cell abnormalities and other risk factors."
5714,KnowledgeSkillCompetence,http://data.europa.eu/esco/skill/67dbfc2a-3dd4-41a1-90bd-97035e7add60,skill/competence,sector-specific,stay up to date with social media,"follow social media
keep abreast of social media
staying up to date with social media
keep track of social media",,released,2024-02-09T17:29:09.009Z,,,"http://data.europa.eu/esco/concept-scheme/skills,
http://data.europa.eu/esco/concept-scheme/member-skills,
http://data.europa.eu/esco/concept-scheme/6c930acd-c104-4ece-acf7-f44fd7333036","Keep up with the trends and people on social media such as Facebook, Twitter, and Instagram."
5730,KnowledgeSkillCompetence,http://data.europa.eu/esco/skill/68174d5f-1646-42e2-b765-6a66cd1e59ae,skill/competence,occupation-specific,adjust video transmissions,"adjusting video transmissions
modify video transmissions
adapt video transmissions
alter video transmissions
adjust video transmission",,released,2024-02-09T17:29:12.215Z,,,"http://data.europa.eu/esco/concept-scheme/skills,
http://data.europa.eu/esco/concept-scheme/member-skills,
http://data.europa.eu/esco/concept-scheme/6c930acd-c104-4ece-acf7-f44fd7333036","Adjust the fidelity, brightness, and contrast of video transmissions by using video console control panels."
5743,KnowledgeSkillCompetence,http://data.europa.eu/esco/skill/683bc3e3-6ec1-4ad2-8d62-d0ac1fabbe76,skill/competence,cross-sector,use analytics for commercial purposes,"use analytics for commercial purpose
utilize analytics for commercial purposes
use commercial analytics
work with analytics for commercial purposes
using analytics for commercial purposes",,released,2024-02-09T17:29:12.952Z,,,"http://data.europa.eu/esco/concept-scheme/skills,
http://data.europa.eu/esco/concept-scheme/member-skills,
http://data.europa.eu/esco/concept-scheme/6c930acd-c104-4ece-acf7-f44fd7333036","Understand, extract and make use of patterns found in data. Use analytics to describe consistent happenings in observed samples in order to apply them to commercial plans, strategies, and corporate quests."
5757,KnowledgeSkillCompetence,http://data.europa.eu/esco/skill/688e1fc3-cb58-4d56-85a0-97b84f37fb4a,skill/competence,occupation-specific,operate automated stage movement control system,"control automated stage movement system
operate automated stage flying systems
control automated flying systems
control automated stage movement and flying systems
operate automated stage movement and flying systems",,released,2024-02-09T17:29:15.968Z,,,"http://data.europa.eu/esco/concept-scheme/skills,
http://data.europa.eu/esco/concept-scheme/member-skills,
http://data.europa.eu/esco/concept-scheme/6c930acd-c104-4ece-acf7-f44fd7333036",Operate an automated controlling system for stage movement and flying systems. Prepare and program the system including multiple synchronised movements.
5794,KnowledgeSkillCompetence,http://data.europa.eu/esco/skill/694f1a0a-b6bd-453f-af6d-a833503da307,skill/competence,cross-sector,manage meteorological database,"coordinate meteorological databases
managing meteorological database
monitor meteorological databases
manage meteorological databases
managing meteorological databases
supervise meteorological databases
oversee meteorological databases",,released,2024-02-09T17:29:12.952Z,,,"http://data.europa.eu/esco/concept-scheme/skills,
http://data.europa.eu/esco/concept-scheme/member-skills,
http://data.europa.eu/esco/concept-scheme/6c930acd-c104-4ece-acf7-f44fd7333036",Develop and maintain meteorological databases. Add information after each new observation.
5804,KnowledgeSkillCompetence,http://data.europa.eu/esco/skill/696e3b5b-8b61-45af-ae4c-3ab700f197ec,knowledge,sector-specific,information extraction,information extraction techniques,,released,2025-06-25T08:20:05.218Z,,,"http://data.europa.eu/esco/concept-scheme/skills,
http://data.europa.eu/esco/concept-scheme/member-skills,
http://data.europa.eu/esco/concept-scheme/6c930acd-c104-4ece-acf7-f44fd7333036",The techniques and methods used for eliciting and extracting information from unstructured or semi-structured digital documents and sources.
5807,KnowledgeSkillCompetence,http://data.europa.eu/esco/skill/697dcc9f-ae92-4506-b5f2-e770d7589f74,skill/competence,occupation-specific,utilise regular expressions,"use regular expressions
utilize regular expressions
create regular expression queries
query with regular expressions
query data with regular expressions",,released,2024-02-28T15:50:08.437Z,,,"http://data.europa.eu/esco/concept-scheme/skills,
http://data.europa.eu/esco/concept-scheme/member-skills,
http://data.europa.eu/esco/concept-scheme/6c930acd-c104-4ece-acf7-f44fd7333036",Combine characters from a specific alphabet using well defined rules to generate character strings that can be used to describe a language or a pattern.
5815,KnowledgeSkillCompetence,http://data.europa.eu/esco/skill/699c949a-699a-4858-a02e-a63f66872d6f,knowledge,cross-sector,blockchain concept application,blockchain technology application,,released,2023-11-29T16:30:32.063Z,,,"http://data.europa.eu/esco/concept-scheme/skills,
http://data.europa.eu/esco/concept-scheme/member-skills,
http://data.europa.eu/esco/concept-scheme/6c930acd-c104-4ece-acf7-f44fd7333036","The process of transferring essential blockchain and, more generally, distributed ledger concepts to diverse application domains. For this, the domain-specific challenges, solutions, and consequences of introducing peer-to-peer transaction and consensus patterns need to be well understood."
5826,KnowledgeSkillCompetence,http://data.europa.eu/esco/skill/69bbd53f-fbb0-4476-b4b2-ef7844464e28,knowledge,sector-specific,web programming,markup programming,,released,2024-02-09T17:29:10.678Z,,,"http://data.europa.eu/esco/concept-scheme/skills,
http://data.europa.eu/esco/concept-scheme/member-skills,
http://data.europa.eu/esco/concept-scheme/6c930acd-c104-4ece-acf7-f44fd7333036","The programming paradigm that is based on combining markup (which adds context and structure to text) and other web programming code, such as AJAX, javascript and PHP, in order to carry out appropriate actions and visualise the content."
5833,KnowledgeSkillCompetence,http://data.europa.eu/esco/skill/69cfc5ed-6569-4aca-a4cc-fd782ba51d9c,skill/competence,sector-specific,implement ICT risk management,,,released,2025-02-27T12:45:08.961Z,,,"http://data.europa.eu/esco/concept-scheme/skills,
http://data.europa.eu/esco/concept-scheme/member-skills,
http://data.europa.eu/esco/concept-scheme/6c930acd-c104-4ece-acf7-f44fd7333036","Develop and implement procedures for identifying, assessing, treating and mitigating ICT risks, such as hacks or data leaks, according to the company's risk strategy, procedures and policies. Analyse and manage security risks and incidents. Recommend measures to improve digital security strategy."
5835,KnowledgeSkillCompetence,http://data.europa.eu/esco/skill/69f0167e-75d9-46cf-847f-72a592880ebb,knowledge,sector-specific,STAF,STAF software,,released,2025-06-25T08:20:05.218Z,,,"http://data.europa.eu/esco/concept-scheme/skills,
http://data.europa.eu/esco/concept-scheme/member-skills,
http://data.europa.eu/esco/concept-scheme/6c930acd-c104-4ece-acf7-f44fd7333036","The tool STAF is a software program to perform configuration identification, control, status accounting and audit."
5846,KnowledgeSkillCompetence,http://data.europa.eu/esco/skill/6a2bc03b-e30d-429b-9549-5784cb92ae2f,knowledge,cross-sector,printed circuit boards,"circuit boards
assembled PCB
PCB
electronic circuit boards
assembled printed circuit board
PCBs
bare PCB
bare printed circuit board",,released,2023-02-17T16:30:39.721Z,,,"http://data.europa.eu/esco/concept-scheme/skills,
http://data.europa.eu/esco/concept-scheme/member-skills,
http://data.europa.eu/esco/concept-scheme/6c930acd-c104-4ece-acf7-f44fd7333036","Printed circuit boards (PCB) are essential components to almost all electronic devices. They consist of thin wafers or substrates on which electronic components, such as microchips, are placed. The electronic components are electrically connected through conductive tracks and pads."
5848,KnowledgeSkillCompetence,http://data.europa.eu/esco/skill/6a322874-e32f-4cd8-9683-badce67a7f73,skill/competence,sector-specific,develop automated software tests,"generate automated software tests
build automated software tests
design automated software tests",,released,2024-02-09T17:29:14.494Z,,,"http://data.europa.eu/esco/concept-scheme/skills,
http://data.europa.eu/esco/concept-scheme/member-skills,
http://data.europa.eu/esco/concept-scheme/6c930acd-c104-4ece-acf7-f44fd7333036","Create software test sets in an automated manner, ​using specialised languages or tools, that can be performed by testing tools in order to save resources, gain efficiency and effectiveness in test execution."
5853,KnowledgeSkillCompetence,http://data.europa.eu/esco/skill/6a536b36-c5c7-4d10-bf67-a4fb0f8549b2,knowledge,cross-sector,audit techniques,"audit procedures
battery audit process",,released,2025-06-25T08:20:05.218Z,,,"http://data.europa.eu/esco/concept-scheme/skills,
http://data.europa.eu/esco/concept-scheme/member-skills,
http://data.europa.eu/esco/concept-scheme/6c930acd-c104-4ece-acf7-f44fd7333036","The techniques and methods that support a systematic and independent examination of data, policies, operations and performances using computer-assisted audit tools and techniques (CAATs) such as spreadsheets, databases, statistical analysis and business intelligence software."
5854,KnowledgeSkillCompetence,http://data.europa.eu/esco/skill/6a57def2-7b11-4b50-95b8-b16498795ad9,skill/competence,occupation-specific,operate imagesetter,"use image setter
control image setter
handle image setter
operating image setter
operate image setters
activate image setter
run image setter",,released,2024-02-09T17:29:09.851Z,,,"http://data.europa.eu/esco/concept-scheme/skills,
http://data.europa.eu/esco/concept-scheme/member-skills,
http://data.europa.eu/esco/concept-scheme/6c930acd-c104-4ece-acf7-f44fd7333036","Use a typesetting device that transfers electronic text and graphics directly to film, printing plates or photo-sensitive paper. The image is generated by a laser and raster image processor. Their use is to proof documents before the making of printing plates."
5868,KnowledgeSkillCompetence,http://data.europa.eu/esco/skill/6a876489-7ad8-4a13-b09c-c9b8e97a302e,knowledge,sector-specific,Waterfall development,"Waterfall project management
Waterfall software development",,released,2025-06-25T08:20:05.218Z,,,"http://data.europa.eu/esco/concept-scheme/skills,
http://data.europa.eu/esco/concept-scheme/member-skills,
http://data.europa.eu/esco/concept-scheme/6c930acd-c104-4ece-acf7-f44fd7333036",The waterfall development model is a methodology to design software systems and applications.
5882,KnowledgeSkillCompetence,http://data.europa.eu/esco/skill/6ad40ca3-dc34-4442-b23f-0b1b28936f56,skill/competence,occupation-specific,maintain responsive design,ensure responsive design of website,,released,2025-06-25T12:15:04.406Z,,,"http://data.europa.eu/esco/concept-scheme/skills,
http://data.europa.eu/esco/concept-scheme/member-skills,
http://data.europa.eu/esco/concept-scheme/6c930acd-c104-4ece-acf7-f44fd7333036",Ensure that the website runs on the latest technology and is multi-platform compatible and mobile-friendly.
5887,KnowledgeSkillCompetence,http://data.europa.eu/esco/skill/6ae8306a-4f9d-4410-ac82-6406f3cbd16a,skill/competence,cross-sector,manage office facility systems,"administer office facility systems
manage office facility system
oversee office facility systems
manage office systems
managing office facility systems",,released,2024-02-09T17:29:15.968Z,,,"http://data.europa.eu/esco/concept-scheme/skills,
http://data.europa.eu/esco/concept-scheme/member-skills,
http://data.europa.eu/esco/concept-scheme/6c930acd-c104-4ece-acf7-f44fd7333036","Keep management and service ability of the various office systems needed for the smooth and daily operation of the office facilities such as internal communication systems, softwares of common use inside the company, and office networks."
5893,KnowledgeSkillCompetence,http://data.europa.eu/esco/skill/6b21150f-e704-4758-b102-63fd3412543c,skill/competence,sector-specific,create 3D characters,manufacture 3D characters,,released,2025-06-25T12:15:04.406Z,,,"http://data.europa.eu/esco/concept-scheme/skills,
http://data.europa.eu/esco/concept-scheme/member-skills,
http://data.europa.eu/esco/concept-scheme/6c930acd-c104-4ece-acf7-f44fd7333036",Develop 3D models by transforming and digitising previously designed characters using specialised 3D tools.
5894,KnowledgeSkillCompetence,http://data.europa.eu/esco/skill/6b222aac-688c-4c9d-acbc-7fe25d37565e,skill/competence,cross-sector,maintain system logs,"equipment tests document
documentation of equipment tests
equipment test documentation
maintaining system logs
documenting of equipment tests
documenting equipment tests
maintenance of system logs
system logs maintenance
maintaining of system logs
document equipment tests",,released,2024-02-09T17:29:15.968Z,,,"http://data.europa.eu/esco/concept-scheme/skills,
http://data.europa.eu/esco/concept-scheme/member-skills,
http://data.europa.eu/esco/concept-scheme/6c930acd-c104-4ece-acf7-f44fd7333036",Maintain system logs or manuals to document equipment testing and operation.
5898,KnowledgeSkillCompetence,http://data.europa.eu/esco/skill/6b2f8802-0cbf-436e-a37f-ca55ede41bbc,skill/competence,transversal,operate digital hardware,"use ICT hardware
use digital devices
use ICT peripherals
apply ICT peripherals
work with computer hardware and peripherals
use hardware
use smart ICT devices
carry out practical tasks with smart devices
use keyboard
use mouse
use hardware components",,released,2022-07-05T14:38:06.701Z,,,"http://data.europa.eu/esco/concept-scheme/skills,
http://data.europa.eu/esco/concept-scheme/member-skills,
http://data.europa.eu/esco/concept-scheme/skill-transversal-groups,
http://data.europa.eu/esco/concept-scheme/6c930acd-c104-4ece-acf7-f44fd7333036","Use equipment such as monitor, mouse, keyboard, storage devices, printers and scanners to perform operations such as plugging in, starting up, shutting down, rebooting, saving files and other operations."
5900,KnowledgeSkillCompetence,http://data.europa.eu/esco/skill/6b30644d-bdc5-4bca-b1af-edbf5c6b15ee,skill/competence,cross-sector,process collected survey data,"survey data processing
survey data analysis
collected survey data processing
processing collected survey data
analysing of survey data
processing survey data
processing of collected survey data
analyse survey data
analysis of survey data
analysing survey data",,released,2024-02-09T17:29:15.968Z,,,"http://data.europa.eu/esco/concept-scheme/skills,
http://data.europa.eu/esco/concept-scheme/member-skills,
http://data.europa.eu/esco/concept-scheme/6c930acd-c104-4ece-acf7-f44fd7333036","Analyse and interpret survey data acquired from a wide variety of sources e.g. satellite surveys, aerial photography and laser measurement systems."
5904,KnowledgeSkillCompetence,http://data.europa.eu/esco/skill/6b3afb82-c4ea-4f14-be54-a757fb762663,knowledge,sector-specific,Vagrant,"Vagrant tool
Vagrant software",,released,2025-06-25T08:20:05.218Z,,,"http://data.europa.eu/esco/concept-scheme/skills,
http://data.europa.eu/esco/concept-scheme/member-skills,
http://data.europa.eu/esco/concept-scheme/6c930acd-c104-4ece-acf7-f44fd7333036","The tool Vagrant is a software program to perform configuration identification, control, status accounting and audit."
5907,KnowledgeSkillCompetence,http://data.europa.eu/esco/skill/6b42f6d0-709f-4011-b777-2c8ecc559214,skill/competence,occupation-specific,maintain broadcast equipment,"fix broadcast equipment
conserve broadcast equipment
protect broadcast equipment
safeguard broadcast equipment
maintaining broadcast equipment
maintain broadcasting equipment",,released,2024-02-09T17:29:09.009Z,,,"http://data.europa.eu/esco/concept-scheme/skills,
http://data.europa.eu/esco/concept-scheme/member-skills,
http://data.europa.eu/esco/concept-scheme/6c930acd-c104-4ece-acf7-f44fd7333036","Maintain, check, and repair broadcast equipment to ensure continuity of operations."
5911,KnowledgeSkillCompetence,http://data.europa.eu/esco/skill/6b4f794c-062e-4e05-863a-ae1bad44f395,knowledge,cross-sector,Monte Carlo simulation,"Monte Carlo model
Monte Carlo method",,released,2023-11-29T16:29:01.706Z,,,"http://data.europa.eu/esco/concept-scheme/skills,
http://data.europa.eu/esco/concept-scheme/member-skills,
http://data.europa.eu/esco/concept-scheme/6c930acd-c104-4ece-acf7-f44fd7333036","A mathematical technique used to predict, estimate, and analyse a range of future possible outcomes for an uncertain event. The process is performed through a simulation to estimate a range of values."
5915,KnowledgeSkillCompetence,http://data.europa.eu/esco/skill/6b643893-0a1f-4f6c-83a1-e7eef75849b9,skill/competence,sector-specific,develop with cloud services,"code with cloud services
write code with cloud services
develop cloud applications",,released,2022-07-05T14:33:28.658Z,,,"http://data.europa.eu/esco/concept-scheme/skills,
http://data.europa.eu/esco/concept-scheme/member-skills,
http://data.europa.eu/esco/concept-scheme/6c930acd-c104-4ece-acf7-f44fd7333036","Write code that interacts with cloud services by using APIs, SDKs, and cloud CLI. Write code for serverless applications, translate functional requirements into application design, implement application design into application code."
5917,KnowledgeSkillCompetence,http://data.europa.eu/esco/skill/6b6a9252-2ed7-4862-a02f-1578f4a532ea,knowledge,sector-specific,Eclipse (integrated development environment software),"Eclipse
knowledge of Eclipse
Eclipse IDE",,released,2024-02-29T16:25:37.513Z,,,"http://data.europa.eu/esco/concept-scheme/skills,
http://data.europa.eu/esco/concept-scheme/member-skills,
http://data.europa.eu/esco/concept-scheme/6c930acd-c104-4ece-acf7-f44fd7333036","The computer program Eclipse is a suite of software development tools for writing programs, such as compiler, debugger, code editor, code highlights, packaged in a unified user interface. It is developed by the Eclipse Foundation."
5929,KnowledgeSkillCompetence,http://data.europa.eu/esco/skill/6b9c6280-cd0b-4462-885e-da63fe5918ea,skill/competence,sector-specific,draw up stage layouts digitally,"draw up stage layout digitally
sketch stage layouts digitally
drawing up stage layouts digitally
design stage layouts digitally
draw up digital stage layouts",,released,2024-02-09T17:29:12.215Z,,,"http://data.europa.eu/esco/concept-scheme/skills,
http://data.europa.eu/esco/concept-scheme/member-skills,
http://data.europa.eu/esco/concept-scheme/6c930acd-c104-4ece-acf7-f44fd7333036",Draw and design stage settings and layouts using software like CAD.
5951,KnowledgeSkillCompetence,http://data.europa.eu/esco/skill/6c08403c-a5bb-4868-b8c2-b7d039c0e511,skill/competence,sector-specific,design database scheme,develop database scheme,,released,2025-06-25T12:15:04.406Z,,,"http://data.europa.eu/esco/concept-scheme/skills,
http://data.europa.eu/esco/concept-scheme/member-skills,
http://data.europa.eu/esco/concept-scheme/6c930acd-c104-4ece-acf7-f44fd7333036","Draft a database scheme by following the Relational Database Management System (RDBMS) rules in order to create a logically arranged group of objects such as tables, columns and processes."
5954,KnowledgeSkillCompetence,http://data.europa.eu/esco/skill/6c153605-d62c-4970-81a9-49646ab32032,knowledge,sector-specific,consumer electronics,"electronics for consumers
home electronics
consumer electronics equipment",,released,2025-04-16T11:39:55.796Z,,,"http://data.europa.eu/esco/concept-scheme/skills,
http://data.europa.eu/esco/concept-scheme/member-skills,
http://data.europa.eu/esco/concept-scheme/6c930acd-c104-4ece-acf7-f44fd7333036","The functioning of electronic consumer goods such as TVs, radios, cameras and other audio and video equipment."
5983,KnowledgeSkillCompetence,http://data.europa.eu/esco/skill/6c80d53c-d8c9-41fe-998f-091fca208834,knowledge,cross-sector,learning management systems,"SharePointLMS
TeamWox
ITWorx CLG (Connected Learning Gateway)
SSLearn
aTutor
Totara LMS
Intuo
SuccessFactors
CERTPOINT Systems Inc.
eFront
JoomlaLMS
SumTotal Systems
ILIAS
TOPYX
DoceboLMS
QuestionMark
Spongelab
Informetica
WeBWorK
Meridian Knowledge Solutions
Vitalect
Blackboard Learning System
Ning
Desire2Learn
Latitude Learning LLC
OpenOLAT
Digication
LMS
SWAD
Sclipo
OLAT
EduWave
HotChalk
eCollege
Uzity
TalentLMS
Expertus
Chamilo
GlobalScholar","SharePointLMS
SSLearn
aTutor
Totara LMS
CERTPOINT Systems Inc.
eFront
SuccessFactors
SumTotal Systems
ILIAS
TeamWox
Intuo
Spongelab
Informetica
Vitalect
Meridian Knowledge Solutions
Desire2Learn
JoomlaLMS
OLAT
GlobalScholar
Chamilo
Blackboard Learning System
eCollege
QuestionMark
WeBWorK
SWAD
OpenOLAT
DoceboLMS
ITWorx CLG (Connected Learning Gateway)
TOPYX
EduWave
TalentLMS
Digication
HotChalk
Sclipo
Uzity
Latitude Learning LLC
Expertus
Ning",released,2024-02-09T17:29:12.215Z,,,"http://data.europa.eu/esco/concept-scheme/skills,
http://data.europa.eu/esco/concept-scheme/member-skills,
http://data.europa.eu/esco/concept-scheme/6c930acd-c104-4ece-acf7-f44fd7333036","The e-learning platform for creating, administrating, arranging, reporting and delivering e-learning education courses or training programs."
5998,KnowledgeSkillCompetence,http://data.europa.eu/esco/skill/6cad4013-3055-47ba-8316-0720e1a55256,skill/competence,sector-specific,technically design a sound system,"design a technical sound system
set up a sound system
create an audio system
design a sound system technically",,released,2024-02-09T17:29:13.7Z,,,"http://data.europa.eu/esco/concept-scheme/skills,
http://data.europa.eu/esco/concept-scheme/member-skills,
http://data.europa.eu/esco/concept-scheme/6c930acd-c104-4ece-acf7-f44fd7333036","Set up, test and operate a complex audio system, based on a given sound concept. This could be a permanent as well as a temporary installation."
6025,KnowledgeSkillCompetence,http://data.europa.eu/esco/skill/6d289e8b-2cc1-4eda-ab1f-ad1090ef98f0,knowledge,sector-specific,WordPress,WordPress CMS,,released,2025-06-25T08:20:05.218Z,,,"http://data.europa.eu/esco/concept-scheme/skills,
http://data.europa.eu/esco/concept-scheme/member-skills,
http://data.europa.eu/esco/concept-scheme/6c930acd-c104-4ece-acf7-f44fd7333036","The open-source web-based software systems used for creating, editing, publishing and archiving blogs, articles, web pages or press releases which are mostly managed by users with limited web programming knowledge."
6078,KnowledgeSkillCompetence,http://data.europa.eu/esco/skill/6e34b68e-0d61-49f2-bc4d-571c0326d857,skill/competence,cross-sector,test sensors,"testing sensors
test solar and thermal sensors
sensor testing
check sensors
checking sensors
sensors testing
sensor checking
sensors checking",,released,2025-04-11T14:10:42.898Z,,,"http://data.europa.eu/esco/concept-scheme/skills,
http://data.europa.eu/esco/concept-scheme/member-skills,
http://data.europa.eu/esco/concept-scheme/6c930acd-c104-4ece-acf7-f44fd7333036",Test sensors using appropriate equipment. Gather and analyse data. Monitor and evaluate system performance and take action if needed.
6081,KnowledgeSkillCompetence,http://data.europa.eu/esco/skill/6e3e5c17-0d46-4376-9928-8dbaaea27164,skill/competence,sector-specific,conserve new media,"preserve new media
archive new media
maintain new media storage
conserving new media",,released,2024-02-09T17:29:09.009Z,,,"http://data.europa.eu/esco/concept-scheme/skills,
http://data.europa.eu/esco/concept-scheme/member-skills,
http://data.europa.eu/esco/concept-scheme/6c930acd-c104-4ece-acf7-f44fd7333036",Digitally preserve and archive electronic records using up-to-date technology.
6085,KnowledgeSkillCompetence,http://data.europa.eu/esco/skill/6e4f264a-e2e1-42fb-9866-e64069f8b441,skill/competence,sector-specific,maintain audiovisual equipment,"check audiovisual equipment
maintain audio-video equipment
repair audiovisual equipment
maintain audio and visual equipment",,released,2024-02-09T17:29:13.7Z,,,"http://data.europa.eu/esco/concept-scheme/skills,
http://data.europa.eu/esco/concept-scheme/member-skills,
http://data.europa.eu/esco/concept-scheme/6c930acd-c104-4ece-acf7-f44fd7333036","Perform routine maintenance tasks on audiovisual equipment as well as minor repairs, such as replacing parts and calibrating the instruments, on equipment used in processing sound and images."
6087,KnowledgeSkillCompetence,http://data.europa.eu/esco/skill/6e4f75b4-c60f-4623-a9ba-760c8245753b,knowledge,sector-specific,ICT communications protocols,"ICT communications protocols in automotive
IT communications protocols",,released,2025-04-11T13:21:53.384Z,,,"http://data.europa.eu/esco/concept-scheme/skills,
http://data.europa.eu/esco/concept-scheme/member-skills,
http://data.europa.eu/esco/concept-scheme/6c930acd-c104-4ece-acf7-f44fd7333036",The system of rules which allow the exchange of information between computers or other devices via computer networks.
6089,KnowledgeSkillCompetence,http://data.europa.eu/esco/skill/6e53fd99-b646-4327-9580-ac062ab21188,knowledge,sector-specific,3D lighting,,,released,2024-02-09T17:29:09.009Z,,,"http://data.europa.eu/esco/concept-scheme/skills,
http://data.europa.eu/esco/concept-scheme/member-skills,
http://data.europa.eu/esco/concept-scheme/6c930acd-c104-4ece-acf7-f44fd7333036",The arrangement or digital effect which simulates lighting in a 3D environment.
6101,KnowledgeSkillCompetence,http://data.europa.eu/esco/skill/6e8fe5de-fe6d-482c-92fe-20e56ee57324,knowledge,sector-specific,global navigation satellite system performance parameters,"performance criteria for GNSS
performance parameters for global navigation satellite system
GNSS performance parameters
global navigation satellite system
performance parameters for GNSS
specifications for performance of global navigation satellite system
performance criteria for global navigation satellite system
specifications for performance of GNSS",,released,2025-02-27T12:45:08.961Z,,,"http://data.europa.eu/esco/concept-scheme/skills,
http://data.europa.eu/esco/concept-scheme/member-skills,
http://data.europa.eu/esco/concept-scheme/6c930acd-c104-4ece-acf7-f44fd7333036","The performance parameters for Global Navigation Satellite Systems (GNSS), and the requirements that any GNSS system should possess in specific conditions."
6122,KnowledgeSkillCompetence,http://data.europa.eu/esco/skill/6efef9df-ac86-45ca-8b1b-a8178ef17b5c,skill/competence,sector-specific,solve location and navigation problems by using GPS tools,"find solutions location and navigation problems by using GPS tools
solve location and navigation problem by using GPS tools
solve location and navigation problems by using GPS tool
solve location and navigation problems by using GPS instruments
use Global Positioning System
use GPS tools
resolve location and navigation issues by using GPS tools
solve navigation problems by using GPS tools
solving location and navigation problems by using GPS tools",,released,2024-02-09T17:29:09.009Z,,,"http://data.europa.eu/esco/concept-scheme/skills,
http://data.europa.eu/esco/concept-scheme/member-skills,
http://data.europa.eu/esco/concept-scheme/6c930acd-c104-4ece-acf7-f44fd7333036","Use applications and devices which provide users with accurate assessment of their location using system of satellites, such as navigation systems."
6148,KnowledgeSkillCompetence,http://data.europa.eu/esco/skill/6f728d63-5c45-40b3-8bfd-e17c5dba28ad,skill/competence,cross-sector,tend CNC grinding machine,"watch over CNC grinding machine
guard CNC grinding machine
watch over Computer controlled grinder
oversee CNC grinding machine
guard Computer controlled grinder
tend computer numerical controlled grinding machines
take care of Computer controlled grinder
take care of CNC grinding machine
oversee Computer controlled grinder",,released,2024-02-09T17:29:12.215Z,,,"http://data.europa.eu/esco/concept-scheme/skills,
http://data.europa.eu/esco/concept-scheme/member-skills,
http://data.europa.eu/esco/concept-scheme/6c930acd-c104-4ece-acf7-f44fd7333036","Tend a computer numerical controlled (CNC) grinding machine designed for manufacturing processes on metal, wooden, plastic materials and others, monitor and operate it, according to regulations."
6149,KnowledgeSkillCompetence,http://data.europa.eu/esco/skill/6f7512ab-d46d-402a-8c30-a8878d7c1f88,knowledge,sector-specific,SQL Server Integration Services,"Microsoft SSIS
Microsoft SQL Server Integration Services
SSIS",,released,2024-02-09T17:29:14.494Z,,,"http://data.europa.eu/esco/concept-scheme/skills,
http://data.europa.eu/esco/concept-scheme/member-skills,
http://data.europa.eu/esco/concept-scheme/6c930acd-c104-4ece-acf7-f44fd7333036","The computer program SQL Server Integration Services is a tool for integration of information from multiple applications, created and maintained by organisations, into one consistent and transparent data structure, developed by the software company Microsoft."
6152,KnowledgeSkillCompetence,http://data.europa.eu/esco/skill/6f8a40d6-f9ce-43ec-a72f-d4213a53f3ed,knowledge,sector-specific,Ansible,Ansible automation tool,,released,2025-06-25T08:20:05.218Z,,,"http://data.europa.eu/esco/concept-scheme/skills,
http://data.europa.eu/esco/concept-scheme/member-skills,
http://data.europa.eu/esco/concept-scheme/6c930acd-c104-4ece-acf7-f44fd7333036","The tool Ansible is a software program to perform configuration identification, control, status accounting and audit."
6158,KnowledgeSkillCompetence,http://data.europa.eu/esco/skill/6f993130-082b-4732-b62f-52cdf2096ad9,skill/competence,cross-sector,use methods of logistical data analysis,"interpret data on elements of logistics
interpret logistical data through analytical methods
analyse data on logistical elements
use methods for analysing logistical data
interpret logistical data
utilise methods for analysing logistical data
interpret logistical data through use of analytical methods
utilise logistical data analysis methods
utilise methods of logistical data analysis
analyse logistical data
use logistical data analysis methods",,released,2024-02-09T17:29:14.494Z,,,"http://data.europa.eu/esco/concept-scheme/skills,
http://data.europa.eu/esco/concept-scheme/member-skills,
http://data.europa.eu/esco/concept-scheme/6c930acd-c104-4ece-acf7-f44fd7333036","Read and interpret supply chain and transportation data. Analyse the reliability and availability of findings by using methods such as data mining, data modelling and cost-benefit analysis."
6161,KnowledgeSkillCompetence,http://data.europa.eu/esco/skill/6fa1c2c0-a012-4ca0-9642-e01569ba322c,knowledge,sector-specific,ICT system integration,system integration,,released,2024-02-09T17:29:15.235Z,,,"http://data.europa.eu/esco/concept-scheme/skills,
http://data.europa.eu/esco/concept-scheme/member-skills,
http://data.europa.eu/esco/concept-scheme/6c930acd-c104-4ece-acf7-f44fd7333036","The principles of integrating ICT components and products from a number of sources to create an operational ICT system, techniques which ensure interoperability and interfaces between components and the system."
6170,KnowledgeSkillCompetence,http://data.europa.eu/esco/skill/6fe76a8b-4d5f-4cea-b76b-5908463fb014,skill/competence,cross-sector,study website behaviour patterns,"study website behaviour trends
study website behaviour findings
study website behaviour activity
study a website behaviour pattern
study website behavior patterns
studying website behaviour patterns
the study of website behaviour patterns
study website behaviour results",,released,2022-07-05T14:34:21.232Z,,,"http://data.europa.eu/esco/concept-scheme/skills,
http://data.europa.eu/esco/concept-scheme/member-skills,
http://data.europa.eu/esco/concept-scheme/6c930acd-c104-4ece-acf7-f44fd7333036","Research, analyse and optimise business results and user experience online through the use of tracking website metric tools."
6207,KnowledgeSkillCompetence,http://data.europa.eu/esco/skill/70988d2c-a750-4808-a360-5aaf859cf39a,skill/competence,occupation-specific,broadcast using Internet Protocol,"broadcasting using Internet Protocol
air using Internet Protocol
disseminate using Internet Protocol
broadcast using IP
transmit using Internet Protocol",,released,2024-02-09T17:29:11.47Z,,,"http://data.europa.eu/esco/concept-scheme/skills,
http://data.europa.eu/esco/concept-scheme/member-skills,
http://data.europa.eu/esco/concept-scheme/6c930acd-c104-4ece-acf7-f44fd7333036",Manage broadcasting over the internet by properly using the Internet Protocol in order to ensure the broadcast is accessible to users.
6210,KnowledgeSkillCompetence,http://data.europa.eu/esco/skill/709ef32a-7435-48e2-8fa2-16e389ecab8a,knowledge,sector-specific,Cisco,"Network Magic
Cisco Systems","Cisco 7600
CISCO",released,2023-06-08T15:59:18.902Z,,,"http://data.europa.eu/esco/concept-scheme/skills,
http://data.europa.eu/esco/concept-scheme/member-skills,
http://data.europa.eu/esco/concept-scheme/6c930acd-c104-4ece-acf7-f44fd7333036",The products available from the network equipment provider Cisco and methods for selecting and procuring the equipment.
6213,KnowledgeSkillCompetence,http://data.europa.eu/esco/skill/70a7b3b3-31ef-4b29-a30f-bb7299dff39b,knowledge,cross-sector,sensors,"transducers
sensing device
kinds of sensor
types of sensor
range of sensors
typology of sensors
sensing apparatus",,released,2024-02-09T17:29:15.968Z,,,"http://data.europa.eu/esco/concept-scheme/skills,
http://data.europa.eu/esco/concept-scheme/member-skills,
http://data.europa.eu/esco/concept-scheme/6c930acd-c104-4ece-acf7-f44fd7333036","Sensors are transducers that can detect or sense characteristics in their environment. They detect changes in the apparatus or environment and provide a corresponding optical or electrical signal. Sensors are commonly divided in six classes: mechanical, electronic, thermal, magnetic, electrochemical, and optical sensors."
6216,KnowledgeSkillCompetence,http://data.europa.eu/esco/skill/70b0bc44-6751-4530-ac5c-a893d4241aeb,knowledge,sector-specific,building's electronic access equipment,"buildings' electronic access equipment
building's equipment for electronic access
building's electronic access control system",,released,2024-02-09T17:29:13.7Z,,,"http://data.europa.eu/esco/concept-scheme/skills,
http://data.europa.eu/esco/concept-scheme/member-skills,
http://data.europa.eu/esco/concept-scheme/6c930acd-c104-4ece-acf7-f44fd7333036","The types, characteristics and methods of use of electronic equipment used to access facilities such as card access control panels, card readers or infra-red readers."
6228,KnowledgeSkillCompetence,http://data.europa.eu/esco/skill/70de94f5-9575-4edd-bca7-c797b023b9d6,knowledge,sector-specific,Oracle WebLogic,Oracle WebLogic Server,,released,2025-06-25T08:20:05.218Z,,,"http://data.europa.eu/esco/concept-scheme/skills,
http://data.europa.eu/esco/concept-scheme/member-skills,
http://data.europa.eu/esco/concept-scheme/6c930acd-c104-4ece-acf7-f44fd7333036",The application server Oracle WebLogic is Java EE based application server which serves as a middle tier that links the back-end databases to the related applications.
6238,KnowledgeSkillCompetence,http://data.europa.eu/esco/skill/7106b5df-e017-4c28-8c40-98814db5b775,knowledge,sector-specific,Prince2 project management,"Prince II
PRojects IN Controlled Environments
PRINCE2",,released,2025-04-16T10:01:34.488Z,,,"http://data.europa.eu/esco/concept-scheme/skills,
http://data.europa.eu/esco/concept-scheme/member-skills,
http://data.europa.eu/esco/concept-scheme/6c930acd-c104-4ece-acf7-f44fd7333036","The PRINCE2 management approach is a methodology for planning, managing and overseeing of ICT resources in order to meet specific goals and using project management ICT tools."
6248,KnowledgeSkillCompetence,http://data.europa.eu/esco/skill/713fb616-118e-40bc-9366-4a69879a49d5,skill/competence,cross-sector,implement data quality processes,verify data,,released,2024-02-09T17:29:10.678Z,,,"http://data.europa.eu/esco/concept-scheme/skills,
http://data.europa.eu/esco/concept-scheme/member-skills,
http://data.europa.eu/esco/concept-scheme/6c930acd-c104-4ece-acf7-f44fd7333036","Apply quality analysis, validation and verification techniques on data to check data quality integrity."
6265,KnowledgeSkillCompetence,http://data.europa.eu/esco/skill/7193cb6d-8334-494f-86e5-21e6d03a47c3,knowledge,sector-specific,unified modelling language,"standard modelling language
unified modeling language
uml",,released,2024-02-28T11:23:26.825Z,,,"http://data.europa.eu/esco/concept-scheme/skills,
http://data.europa.eu/esco/concept-scheme/member-skills,
http://data.europa.eu/esco/concept-scheme/6c930acd-c104-4ece-acf7-f44fd7333036",The general-purpose modelling language used in software development to offer a standard visualisation of system designs.
6266,KnowledgeSkillCompetence,http://data.europa.eu/esco/skill/719d8699-a221-4b5a-8fc3-68a8645cbe03,knowledge,sector-specific,adobe creative suite,Adobe Creative Cloud,,released,2023-11-02T14:49:46.107Z,,,"http://data.europa.eu/esco/concept-scheme/skills,
http://data.europa.eu/esco/concept-scheme/member-skills,
http://data.europa.eu/esco/concept-scheme/6c930acd-c104-4ece-acf7-f44fd7333036","The set of software applications that are used to create visual content for personal or business use. Examples of items that can be generated are flyers, brochures, books, websites and videos."
6275,KnowledgeSkillCompetence,http://data.europa.eu/esco/skill/71c2f41e-14de-4b23-82ad-5dbcd54ba5b0,skill/competence,sector-specific,deploy ICT systems,"deploy system
draw up an implementation plan",,released,2024-02-09T17:29:09.851Z,,,"http://data.europa.eu/esco/concept-scheme/skills,
http://data.europa.eu/esco/concept-scheme/member-skills,
http://data.europa.eu/esco/concept-scheme/6c930acd-c104-4ece-acf7-f44fd7333036","Deliver and instalI computers or ICT systems, ensuring testing and preparation for use."
6283,KnowledgeSkillCompetence,http://data.europa.eu/esco/skill/71f81e1a-e2ca-48d6-b7b8-7a34c56c51f8,knowledge,cross-sector,transmission technology,"optical fibers
field of transmission technology
fiber optic
typology of communication technology
VOIP
typology of transmission technology
field of communication technology
analog transmission
types of communication technology
types of transmission technology
digital transmission
Ethernet",,released,2025-04-16T11:44:33.538Z,,,"http://data.europa.eu/esco/concept-scheme/skills,
http://data.europa.eu/esco/concept-scheme/member-skills,
http://data.europa.eu/esco/concept-scheme/6c930acd-c104-4ece-acf7-f44fd7333036","Technologies that allow the transmission of analogue or digital information signals over a point-to-point or a point-to-multipoint through the use of communication channels or transmission media, such as optical fibre, copper wire, or wireless communication channels. The information or data are usually transmitted as an electromagnetic signal, such as radio waves or microwaves."
6290,KnowledgeSkillCompetence,http://data.europa.eu/esco/skill/7229b6dc-e2ef-44fe-b9a1-06b1c1075d8f,knowledge,cross-sector,automatic control system,"self-controlling system
automated control system
autonomous control system
mechanised control system",,released,2025-08-01T12:50:02.244Z,,,"http://data.europa.eu/esco/concept-scheme/skills,
http://data.europa.eu/esco/concept-scheme/member-skills,
http://data.europa.eu/esco/concept-scheme/6c930acd-c104-4ece-acf7-f44fd7333036","Set of interconnected mechanisms and components, such as controllers or sensing elements, that use programming logic to automate the operation and behaviour of a process or system without a continuous human intervention, to achieve a desired performance such as stability."
6293,KnowledgeSkillCompetence,http://data.europa.eu/esco/skill/7234e847-451d-499a-9c7b-0050a4e758d6,skill/competence,cross-sector,utilise content types,"use MIME types and subtypes
utilize multipurpose internet mail extensions types
utilize MIME types and subtypes
use multipurpose internet mail extensions types
use content types",,released,2024-02-28T15:23:28.783Z,,,"http://data.europa.eu/esco/concept-scheme/skills,
http://data.europa.eu/esco/concept-scheme/member-skills,
http://data.europa.eu/esco/concept-scheme/6c930acd-c104-4ece-acf7-f44fd7333036","Use MIME types and subtypes as standard identifier to indicate the type of data that a file contains such as the type of link, object, script and style elements and the media type."
6301,KnowledgeSkillCompetence,http://data.europa.eu/esco/skill/7253d98c-4a6d-4e37-8b6c-accca9f4b639,skill/competence,sector-specific,develop ICT test suite,design software testing,,released,2024-02-09T17:29:12.952Z,,,"http://data.europa.eu/esco/concept-scheme/skills,
http://data.europa.eu/esco/concept-scheme/member-skills,
http://data.europa.eu/esco/concept-scheme/6c930acd-c104-4ece-acf7-f44fd7333036",Create a series of test cases to check software behaviour versus specifications. These test cases are then to be used during subsequent testing.
6314,KnowledgeSkillCompetence,http://data.europa.eu/esco/skill/727eb829-28da-4d6a-8552-ba5b5d280c41,skill/competence,occupation-specific,install image equipment,"install imaging equipment
install equipment for images
set up projection equipment
operate imaging equipment",,released,2024-02-09T17:29:11.47Z,,,"http://data.europa.eu/esco/concept-scheme/skills,
http://data.europa.eu/esco/concept-scheme/member-skills,
http://data.europa.eu/esco/concept-scheme/6c930acd-c104-4ece-acf7-f44fd7333036",Install and connect projection and image equipment.
6315,KnowledgeSkillCompetence,http://data.europa.eu/esco/skill/72812eb6-5a0f-48e8-815d-3d2a16b8e963,skill/competence,sector-specific,operate an audio mixing console,"control a sound mixing system live
control a sound mixing console
control an audio mixing system live
operate an audio mixing system live
control an audio mixing console
operate a sound mixing console
operate a sound mixing system live",,released,2024-02-09T17:29:15.968Z,,,"http://data.europa.eu/esco/concept-scheme/skills,
http://data.europa.eu/esco/concept-scheme/member-skills,
http://data.europa.eu/esco/concept-scheme/6c930acd-c104-4ece-acf7-f44fd7333036",Operate an audio mixing system during rehearsals or during live performances.
6359,KnowledgeSkillCompetence,http://data.europa.eu/esco/skill/7341904f-5913-470c-8c53-bc832df248ec,skill/competence,sector-specific,maintain robotic equipment,"repair robotic equipment
repairing robotic equipment
robotic equipment repairing
maintaining robotic equipment
robotic equipment maintaining",,released,2024-02-09T17:29:11.47Z,,,"http://data.europa.eu/esco/concept-scheme/skills,
http://data.europa.eu/esco/concept-scheme/member-skills,
http://data.europa.eu/esco/concept-scheme/6c930acd-c104-4ece-acf7-f44fd7333036","Diagnose and detect malfunctions in robotic components and systems and remove, replace, or repair these components when necessary. Execute preventative equipment maintenance tasks, such as storing robotic components in clean, dust-free, and non-humid spaces."
6369,KnowledgeSkillCompetence,http://data.europa.eu/esco/skill/7369f779-4b71-4aab-8836-48b69c676eec,skill/competence,sector-specific,operate relational database management system,DBMS,,released,2024-02-09T17:29:09.009Z,"This activity excludes programming activities, changing structure of database or designing databases.",,"http://data.europa.eu/esco/concept-scheme/skills,
http://data.europa.eu/esco/concept-scheme/member-skills,
http://data.europa.eu/esco/concept-scheme/6c930acd-c104-4ece-acf7-f44fd7333036","Extract, store and verify information using database management systems based on the relational database model, which arranges data into tables of rows and columns, such as Oracle Database, Microsoft SQL Server and MySQL."
6370,KnowledgeSkillCompetence,http://data.europa.eu/esco/skill/736ef286-fbd3-4e5c-a4b4-d1e2008c9898,skill/competence,cross-sector,plan digital marketing,"develop digital marketing strategies
plan marketing digitally
manage internet advertising",,released,2024-02-09T17:29:10.678Z,,,"http://data.europa.eu/esco/concept-scheme/skills,
http://data.europa.eu/esco/concept-scheme/member-skills,
http://data.europa.eu/esco/concept-scheme/6c930acd-c104-4ece-acf7-f44fd7333036","Develop digital marketing strategies for both leisure and business purposes, create websites and deal with mobile technology and social networking."
6372,KnowledgeSkillCompetence,http://data.europa.eu/esco/skill/7373abdb-ee5a-4949-b4ae-dee60ab37914,skill/competence,sector-specific,use communication equipment,"operate telecommunications equipment
use equipment for communication
test communication equipment
use equipment to communicate",,released,2024-02-09T17:29:12.952Z,,,"http://data.europa.eu/esco/concept-scheme/skills,
http://data.europa.eu/esco/concept-scheme/member-skills,
http://data.europa.eu/esco/concept-scheme/6c930acd-c104-4ece-acf7-f44fd7333036","Set up, test and operate different types of communication equipment such as transmission equipment, digital network equipment, or telecommunications equipment."
6378,KnowledgeSkillCompetence,http://data.europa.eu/esco/skill/737f8895-46df-4283-8f38-13f3f0fc3b77,knowledge,sector-specific,digital twin technology,"digital modelling technology
virtual twin model
digital replication technology",,released,2023-11-29T16:28:23.563Z,,,"http://data.europa.eu/esco/concept-scheme/skills,
http://data.europa.eu/esco/concept-scheme/member-skills,
http://data.europa.eu/esco/concept-scheme/6c930acd-c104-4ece-acf7-f44fd7333036","Model designed to generate a virtual representation of an object or system updated from real-time data. The virtual representation process is through the combination of data and technology simulation, using sensors to produce data of the physical object, such as temperature or energy to build its digital twin. Machine learning, simulation and reasoning are involved in this process."
6393,KnowledgeSkillCompetence,http://data.europa.eu/esco/skill/73c7d0d9-092f-4f6e-800a-5759f45a6fc6,skill/competence,sector-specific,operate 2D CAD for footwear,"use 2D CAD for footwear engineering
operate 2D computer-aided design for footwear pattern engineering
design footwear in 2D with computer-aided design software
use 2D computer-aided design for footwear pattern engineering
design footwear in 2D with CAD software
operate 2D CAD software for footwear pattern engineering",,released,2024-02-09T17:29:16.725Z,,,"http://data.europa.eu/esco/concept-scheme/skills,
http://data.europa.eu/esco/concept-scheme/member-skills,
http://data.europa.eu/esco/concept-scheme/6c930acd-c104-4ece-acf7-f44fd7333036","Be able to read and interpret design specification to transfer 3D virtual models, computer made drawings and handmade sketches into the 2D environment of the CAD software. Flatten and work with digitised shells. Use scanners and tablets. Produce, adjust and modify 2D designs of all patterns, including technical specifications, for various footwear construction types with 2D CAD systems. Grade and make the nesting. Produce technical sheets."
6412,KnowledgeSkillCompetence,http://data.europa.eu/esco/skill/744442ac-c157-4350-8be0-ce454df4f5c5,skill/competence,cross-sector,perform ICT troubleshooting,"undertake ICT troubleshooting
implement ICT troubleshooting
performing ICT troubleshooting
complete ICT troubleshooting
ICT troubleshooting performance",,released,2024-02-09T17:29:15.968Z,,,"http://data.europa.eu/esco/concept-scheme/skills,
http://data.europa.eu/esco/concept-scheme/member-skills,
http://data.europa.eu/esco/concept-scheme/6c930acd-c104-4ece-acf7-f44fd7333036","Identify problems with servers, desktops, printers, networks, and remote access, and perform actions which solve the problems."
6421,KnowledgeSkillCompetence,http://data.europa.eu/esco/skill/7482a123-e801-48de-9733-262125671410,knowledge,cross-sector,task algorithmisation,task algorithm development,,released,2025-06-25T08:20:05.218Z,,,"http://data.europa.eu/esco/concept-scheme/skills,
http://data.europa.eu/esco/concept-scheme/member-skills,
http://data.europa.eu/esco/concept-scheme/6c930acd-c104-4ece-acf7-f44fd7333036",The techniques to convert unstructured descriptions of a process into step-by-step sequence of actions of a finite number of steps.
6429,KnowledgeSkillCompetence,http://data.europa.eu/esco/skill/749ae61c-fe7b-461b-8bc3-349f46617ee7,skill/competence,occupation-specific,locate microchip in animals,"scan an animal to locate a micro-chip
scan an animal to locate a microchip
scan an animal for locating a microchip
scan animals to locate micro-chips
apply correct scanning procedure to locate microchips in animals
use scanner to locate microchips in animals
scan animals to locate microchips",,released,2022-07-05T14:38:06.701Z,,,"http://data.europa.eu/esco/concept-scheme/skills,
http://data.europa.eu/esco/concept-scheme/member-skills,
http://data.europa.eu/esco/concept-scheme/6c930acd-c104-4ece-acf7-f44fd7333036","Scan the animal carefully, using the correct procedure for the type of scanner, to locate the possible presence of a microchip. Check the data on the relevant database or other documentation where a microchip is detected. Use the back track system to identify who implanted the chip, where a chip is not listed in a database."
6443,KnowledgeSkillCompetence,http://data.europa.eu/esco/skill/74cb80c4-df6b-4d79-a153-cb7b3b3b6eb0,skill/competence,sector-specific,plan social media marketing campaigns,"organise digital campaigns
organise social media marketing campaigns",,released,2022-07-05T14:38:14.9Z,,,"http://data.europa.eu/esco/concept-scheme/skills,
http://data.europa.eu/esco/concept-scheme/member-skills,
http://data.europa.eu/esco/concept-scheme/6c930acd-c104-4ece-acf7-f44fd7333036",Plan and implement a marketing campaign on social media.
6457,KnowledgeSkillCompetence,http://data.europa.eu/esco/skill/750f86d2-18be-4015-84b1-d4a26d9b2d88,knowledge,cross-sector,online ads campaign techniques,"online advertisement
online ads
web campaign techniques",,released,2022-07-05T14:37:59.932Z,,,"http://data.europa.eu/esco/concept-scheme/skills,
http://data.europa.eu/esco/concept-scheme/member-skills,
http://data.europa.eu/esco/concept-scheme/6c930acd-c104-4ece-acf7-f44fd7333036",Techniques to plan and implement a marketing campaign on online ads platforms.
6461,KnowledgeSkillCompetence,http://data.europa.eu/esco/skill/751941a0-5645-4f8b-b97e-b252909d5edb,skill/competence,sector-specific,develop ICT workflow,design ICT workflows,,released,2025-06-25T12:15:04.406Z,,,"http://data.europa.eu/esco/concept-scheme/skills,
http://data.europa.eu/esco/concept-scheme/member-skills,
http://data.europa.eu/esco/concept-scheme/6c930acd-c104-4ece-acf7-f44fd7333036","Create repeatable patterns of ICT activity within an organisation which enhances the systematic transformations of products, informational processes and services through their production."
6474,KnowledgeSkillCompetence,http://data.europa.eu/esco/skill/7557f0f4-b8bc-4ac0-b91e-222ab1ba744f,knowledge,sector-specific,tools for ICT test automation,"test automation tools
Selenium
tools for test automation",,released,2024-02-09T17:29:11.47Z,,,"http://data.europa.eu/esco/concept-scheme/skills,
http://data.europa.eu/esco/concept-scheme/member-skills,
http://data.europa.eu/esco/concept-scheme/6c930acd-c104-4ece-acf7-f44fd7333036","The specialised software to execute or control tests and compare predicted testing outputs with actual testing results such as Selenium, QTP and LoadRunner."
6476,KnowledgeSkillCompetence,http://data.europa.eu/esco/skill/755a5df2-863e-44c1-b4a2-83eb33bac492,skill/competence,occupation-specific,design brand's online communication plan,"design a brand's online communication plan
produce brand's online communication plan
develop brand's online communication plan
model brand's online communication plan
designing a brand's online communication plan
arrange brand's online communication plan
design brand's online communication plans",,released,2024-02-09T17:29:13.7Z,,,"http://data.europa.eu/esco/concept-scheme/skills,
http://data.europa.eu/esco/concept-scheme/member-skills,
http://data.europa.eu/esco/concept-scheme/6c930acd-c104-4ece-acf7-f44fd7333036",Design of content and presentation of the brand in an online interactive platform.
6501,KnowledgeSkillCompetence,http://data.europa.eu/esco/skill/75d2ac62-700a-41d1-b920-5cd7aaa78553,skill/competence,sector-specific,operate control systems,"configuring control systems
control system configuring
configure control systems
control systems configuring
control system operating
operating control systems
control systems operating",,released,2024-02-09T17:29:15.968Z,,,"http://data.europa.eu/esco/concept-scheme/skills,
http://data.europa.eu/esco/concept-scheme/member-skills,
http://data.europa.eu/esco/concept-scheme/6c930acd-c104-4ece-acf7-f44fd7333036","Configure and operate electrical, electronic and control equipment. Maintain, monitor and control operations on a control system to ensure major risks are controlled and prevented."
6512,KnowledgeSkillCompetence,http://data.europa.eu/esco/skill/75f839c2-fd9a-4ad3-8921-6e734608568d,skill/competence,sector-specific,use query languages,"using structured query language
use database query language
query language using
using query language
retrieve data using a query language
using database query language
retrieve data using a structured query language
retrieving data using a query language
use information retrieval query language
using information retrieval query language
data retrieving using a query language
use structured query language
data retrieving using a structured query language
retrieving data using a structured query language",,released,2024-02-09T17:29:15.968Z,,,"http://data.europa.eu/esco/concept-scheme/skills,
http://data.europa.eu/esco/concept-scheme/member-skills,
http://data.europa.eu/esco/concept-scheme/6c930acd-c104-4ece-acf7-f44fd7333036",Retrieve information from a database or information system using computer languages designed for the retrieval of data.
6524,KnowledgeSkillCompetence,http://data.europa.eu/esco/skill/76415d7f-0fde-4364-b45f-5c044580d2aa,skill/competence,cross-sector,create CAD drawings,"making CAD drawings
make CAD drawings
CAD drawing creation
drawing with CAD","AutoCAD drawing creation
make AutoCAD drawings
drawing with AutoCAD
AutoCAD drawing
use AutoCAD
making AutoCAD drawings
create AutoCAD drawings",released,2023-07-06T14:38:18.933Z,,,"http://data.europa.eu/esco/concept-scheme/skills,
http://data.europa.eu/esco/concept-scheme/member-skills,
http://data.europa.eu/esco/concept-scheme/6c930acd-c104-4ece-acf7-f44fd7333036",Create As-Built drawings using CAD.
6541,KnowledgeSkillCompetence,http://data.europa.eu/esco/skill/76842746-cacb-4e6d-adc6-0656d75c9c51,skill/competence,sector-specific,use CAD for heels,"employ computer-aided design for heels
heel CAD designing
utilise computer-aided design for heels
use computer-aided design for heels
utilize computer-aided design for heels
use 2D and 3d CAD for heels
utilise CAD for heels
utilize CAD for heels
employ CAD for heels",,released,2024-02-09T17:29:12.952Z,,,"http://data.europa.eu/esco/concept-scheme/skills,
http://data.europa.eu/esco/concept-scheme/member-skills,
http://data.europa.eu/esco/concept-scheme/6c930acd-c104-4ece-acf7-f44fd7333036","Digitise and scan the lasts. Work with files in various CAD systems. Produce 3D models of heels and create 2D computer aided designs. Grade and obtain the size series. Prepare technical specifications for manufacturing. Produce 2D and 3D computer aided engineering designs and technical drawings of moulds for vulcanised and injected heels. Export the files of the virtual models to 3D printers, CAM or CNC systems."
6543,KnowledgeSkillCompetence,http://data.europa.eu/esco/skill/768fe91b-ccde-4649-94f3-07be5d8b6be1,skill/competence,cross-sector,read 3D displays,"comprehend 3D display images
understand information presented by 3D displays
interpret information provided by 3D displays
read 3D display images
understand information provided by 3D displays
comprehend 3D displays
interpret 3D displays
interpret information presented by 3D displays
comprehend information presented by 3D displays
comprehend information provided by 3D displays
interpret 3D display images",,released,2024-02-09T17:29:15.235Z,,,"http://data.europa.eu/esco/concept-scheme/skills,
http://data.europa.eu/esco/concept-scheme/member-skills,
http://data.europa.eu/esco/concept-scheme/6c930acd-c104-4ece-acf7-f44fd7333036","Read 3D-displays and understand the information they provide on positions, distances, and other parameters."
6562,KnowledgeSkillCompetence,http://data.europa.eu/esco/skill/76ef6ed3-1658-4a1a-9593-204d799c6d0c,knowledge,sector-specific,NoSQL,"Not Only SQL non-relational database
NoSQL database management system
NoSQL non-relational database
Not Only SQL database management system",,released,2025-06-25T08:20:05.218Z,,,"http://data.europa.eu/esco/concept-scheme/skills,
http://data.europa.eu/esco/concept-scheme/member-skills,
http://data.europa.eu/esco/concept-scheme/6c930acd-c104-4ece-acf7-f44fd7333036","The Not Only SQL non-relational database used for creating, updating and managing large amounts of unstructured data stored in the cloud."
6567,KnowledgeSkillCompetence,http://data.europa.eu/esco/skill/770d4956-b5e0-4d44-bf42-3a766b232c5d,skill/competence,cross-sector,maintain a central project repository,"maintain a central project database
preserve a central project repository
preserve a central project database",,released,2024-02-26T14:10:26.757Z,,,"http://data.europa.eu/esco/concept-scheme/skills,
http://data.europa.eu/esco/concept-scheme/member-skills,
http://data.europa.eu/esco/concept-scheme/6c930acd-c104-4ece-acf7-f44fd7333036",Store project files and documents in a central repository accessible to the project manager and to all the project teams. Use available online tools and dedicated software.
6577,KnowledgeSkillCompetence,http://data.europa.eu/esco/skill/772a9c72-abef-4333-9788-f4cb48ad8e08,skill/competence,cross-sector,identify software for warehouse management,"determine software for warehouse management
identify applications for warehouse management
identify software applications for warehouse management
discover warehouse management software
recognize software for warehouse management",,released,2025-07-25T08:55:01.796Z,,,"http://data.europa.eu/esco/concept-scheme/skills,
http://data.europa.eu/esco/concept-scheme/green,
http://data.europa.eu/esco/concept-scheme/member-skills,
http://data.europa.eu/esco/concept-scheme/6c930acd-c104-4ece-acf7-f44fd7333036","Identify relevant software and applications used for warehouse management systems, their characteristics and value added to warehouse management operations."
6588,KnowledgeSkillCompetence,http://data.europa.eu/esco/skill/77592603-505b-4096-97dd-d0def6bd7601,knowledge,cross-sector,computational fluid dynamics,"CFD
airflow analysis
cfd
behaviour of fluids in motion
analysis of airflow
behaviour of fluids",,released,2024-02-09T17:29:13.7Z,,,"http://data.europa.eu/esco/concept-scheme/skills,
http://data.europa.eu/esco/concept-scheme/member-skills,
http://data.europa.eu/esco/concept-scheme/6c930acd-c104-4ece-acf7-f44fd7333036","The principles of computer-manipulated fluid mechanics, which determines the behaviour of fluids in motion."
6595,KnowledgeSkillCompetence,http://data.europa.eu/esco/skill/778ca7ad-6c5d-4868-9b96-a7777dca799c,knowledge,sector-specific,ICT help platforms,"ICT help desks
ICT help desk platforms",,released,2025-06-25T08:20:05.218Z,,,"http://data.europa.eu/esco/concept-scheme/skills,
http://data.europa.eu/esco/concept-scheme/member-skills,
http://data.europa.eu/esco/concept-scheme/6c930acd-c104-4ece-acf7-f44fd7333036",The platforms for delivering help systems for operating systems.
6607,KnowledgeSkillCompetence,http://data.europa.eu/esco/skill/77bf865e-6360-424f-9d77-ce03918c7dcf,skill/competence,cross-sector,design circuit boards,"prepare circuit boards
develop circuit boards
plan circuit boards
circuit board design
create circuit boards
draft circuit boards",,released,2024-02-09T17:29:14.494Z,,,"http://data.europa.eu/esco/concept-scheme/skills,
http://data.europa.eu/esco/concept-scheme/member-skills,
http://data.europa.eu/esco/concept-scheme/6c930acd-c104-4ece-acf7-f44fd7333036","Draught circuit boards used in electronic product such as cell phones and computers, make sure to include integrated circuits and microchips in the design."
6628,KnowledgeSkillCompetence,http://data.europa.eu/esco/skill/7814e88f-c133-4c3b-b27f-857afa145d42,knowledge,sector-specific,ICT security legislation,"cyber-security regulation
network and information security legislation
ICT law
legal aspects of computing",,released,2023-04-06T15:01:39.429Z,,,"http://data.europa.eu/esco/concept-scheme/skills,
http://data.europa.eu/esco/concept-scheme/member-skills,
http://data.europa.eu/esco/concept-scheme/6c930acd-c104-4ece-acf7-f44fd7333036","The set of legislative rules that safeguards information technology, ICT networks and computer systems and legal consequences which result from their misuse. Regulated measures include firewalls, intrusion detection, anti-virus software and encryption."
6653,KnowledgeSkillCompetence,http://data.europa.eu/esco/skill/78845d0c-e56f-4318-a9c6-bf75931dd520,skill/competence,sector-specific,conduct threat intelligence,"undertake cyber threat intelligence
plan threat intelligence
organise cyber threat intelligence
conduct cyber threat intelligence
undertake threat intelligence
organise CTI
conduct CTI
plan CTI
undertake CTI
organise threat intelligence
plan cyber threat intelligence",,released,2023-11-29T16:22:21.207Z,,,"http://data.europa.eu/esco/concept-scheme/skills,
http://data.europa.eu/esco/concept-scheme/member-skills,
http://data.europa.eu/esco/concept-scheme/6c930acd-c104-4ece-acf7-f44fd7333036","Conduct cyber threats intelligence by collecting, analysing, and interpreting data about potential cyber threats. Leverage various sources of information such as open-source intelligence (OSINT), social media, or dark web services."
6658,KnowledgeSkillCompetence,http://data.europa.eu/esco/skill/78a74fd1-efc6-49dc-adb1-1b0fbe35c22c,skill/competence,sector-specific,provide software testing documentation,"provide software testing procedures
provide software test procedures documentation",,released,2025-06-25T08:45:06.159Z,,,"http://data.europa.eu/esco/concept-scheme/skills,
http://data.europa.eu/esco/concept-scheme/member-skills,
http://data.europa.eu/esco/concept-scheme/6c930acd-c104-4ece-acf7-f44fd7333036",Describe software testing procedures to technical team and analysis of test outcomes to users and clients in order to inform them about state and efficiency of software.
6662,KnowledgeSkillCompetence,http://data.europa.eu/esco/skill/78b26c92-da70-4c72-9f10-7a8c8b9db02e,skill/competence,sector-specific,use internet to increase sales,"using the internet to increase sales
operate internet to increase sales
apply internet to increase sales
use of the internet to increase sales
handle internet to increase sales
adopt internet to increase sales
use the internet to increase sales",,released,2024-02-09T17:29:09.851Z,,,"http://data.europa.eu/esco/concept-scheme/skills,
http://data.europa.eu/esco/concept-scheme/member-skills,
http://data.europa.eu/esco/concept-scheme/6c930acd-c104-4ece-acf7-f44fd7333036","Promote goods and services through the use of internet systems such as e-commerce, m-commerce and social media in order to increase sales."
6668,KnowledgeSkillCompetence,http://data.europa.eu/esco/skill/78d90f00-5226-44fc-95c2-0d8dac6b081b,knowledge,sector-specific,technology education,technology education methods,,released,2023-10-30T10:22:03.573Z,,,"http://data.europa.eu/esco/concept-scheme/skills,
http://data.europa.eu/esco/concept-scheme/member-skills,
http://data.europa.eu/esco/concept-scheme/6c930acd-c104-4ece-acf7-f44fd7333036",The educational branch that aims at providing students with the relevant knowledge skills about technology and its uses and applications.
6693,KnowledgeSkillCompetence,http://data.europa.eu/esco/skill/7957b5f9-1f33-4ff8-84e9-e258b17882c2,skill/competence,sector-specific,test microelectronics,"micro-electronics analysing
test micro-electronics
analysing microelectronics
microelectronics analysing
testing microelectronics
analysing micro-electronics
analyse microelectronics
microelectronics testing
micro-electronics testing
analyse micro-electronics
testing micro-electronics",,released,2024-02-09T17:29:09.009Z,,,"http://data.europa.eu/esco/concept-scheme/skills,
http://data.europa.eu/esco/concept-scheme/member-skills,
http://data.europa.eu/esco/concept-scheme/6c930acd-c104-4ece-acf7-f44fd7333036",Test microelectronics using appropriate equipment. Gather and analyse data. Monitor and evaluate system performance and take action if needed.
6696,KnowledgeSkillCompetence,http://data.europa.eu/esco/skill/7961413f-61d0-4722-9cd9-20a050a29899,skill/competence,sector-specific,perform software unit testing,perform unit testing,,released,2025-06-25T08:45:06.159Z,,,"http://data.europa.eu/esco/concept-scheme/skills,
http://data.europa.eu/esco/concept-scheme/member-skills,
http://data.europa.eu/esco/concept-scheme/6c930acd-c104-4ece-acf7-f44fd7333036",Test single units of source code to determine whether or not they are suitable for use by creating short code fragments.
6699,KnowledgeSkillCompetence,http://data.europa.eu/esco/skill/797a4416-0b8d-44f3-8fcd-eb10bd0be6b4,skill/competence,sector-specific,develop software prototype,"develop software throw-away simulation
develop software mockup",,released,2024-02-09T17:29:13.7Z,,,"http://data.europa.eu/esco/concept-scheme/skills,
http://data.europa.eu/esco/concept-scheme/member-skills,
http://data.europa.eu/esco/concept-scheme/6c930acd-c104-4ece-acf7-f44fd7333036",Create a first incomplete or preliminary version of a piece of software application to simulate some specific aspects of the final product.
6706,KnowledgeSkillCompetence,http://data.europa.eu/esco/skill/79a5bc25-5b59-47bc-a4c2-fb8e8cb1ddf6,knowledge,sector-specific,smart grids systems,smart grids,,released,2022-07-05T14:38:06.701Z,,,"http://data.europa.eu/esco/concept-scheme/skills,
http://data.europa.eu/esco/concept-scheme/green,
http://data.europa.eu/esco/concept-scheme/member-skills,
http://data.europa.eu/esco/concept-scheme/6c930acd-c104-4ece-acf7-f44fd7333036","Smart grids are a digital electricity network. The system involves the electronic digital control of production, distribution and use of electricity, information management of the components and energy saving."
6713,KnowledgeSkillCompetence,http://data.europa.eu/esco/skill/79c366d4-0316-4838-b72e-c3be4f90fbd3,skill/competence,cross-sector,use communication devices,"use communication equipment
operate communication equipment
conduct communications operations using communication devices
utilise communication devices
communicate using communication equipment
operate communication devices
communicate using communication devices
utilise communication equipment
perform communication activities using communication devices
carry out activities using communication equipment",,released,2024-02-09T17:29:14.494Z,,,"http://data.europa.eu/esco/concept-scheme/skills,
http://data.europa.eu/esco/concept-scheme/member-skills,
http://data.europa.eu/esco/concept-scheme/6c930acd-c104-4ece-acf7-f44fd7333036","Operate communication devices in order to interact with customers, colleagues, and others."
6720,KnowledgeSkillCompetence,http://data.europa.eu/esco/skill/79e29b8b-47d1-470d-b7b1-32506bfe7d9a,skill/competence,cross-sector,collect ICT data,"obtain digital data
gather digital data; obtain digital data
gather digital data
collect digital data",,released,2025-11-26T10:19:14.155Z,,,"http://data.europa.eu/esco/concept-scheme/skills,
http://data.europa.eu/esco/concept-scheme/member-skills,
http://data.europa.eu/esco/concept-scheme/6c930acd-c104-4ece-acf7-f44fd7333036",Gather data by designing and applying search and sampling methods.
6741,KnowledgeSkillCompetence,http://data.europa.eu/esco/skill/7a6b4549-cd3e-46c7-8a40-9096520dff84,skill/competence,sector-specific,modify textile designs,"edit textile illustrations
change textile sketches
modify the textile design
modify designs of textile",,released,2024-02-09T17:29:12.952Z,,,"http://data.europa.eu/esco/concept-scheme/skills,
http://data.europa.eu/esco/concept-scheme/member-skills,
http://data.europa.eu/esco/concept-scheme/6c930acd-c104-4ece-acf7-f44fd7333036",Edit sketches and digital textile designs until they meet up with customers' requirements.
6743,KnowledgeSkillCompetence,http://data.europa.eu/esco/skill/7a757fa5-9a6f-43ab-9e66-f8f4dba1ffcb,skill/competence,cross-sector,use CAM software,"apply machinery control programmes
adopt machinery control programmes
handle CAM software
adopt CAM software
utilise machinery control programmes
utilise CAM software
handle machinery control programmes
apply CAM software",,released,2024-02-09T17:29:13.7Z,,,"http://data.europa.eu/esco/concept-scheme/skills,
http://data.europa.eu/esco/concept-scheme/member-skills,
http://data.europa.eu/esco/concept-scheme/6c930acd-c104-4ece-acf7-f44fd7333036","Use computer-aided manufacturing (CAM) programmes to control machinery and machine tools in the creation, modification, analysis, or optimisation as part of the manufacturing processes of workpieces."
6748,KnowledgeSkillCompetence,http://data.europa.eu/esco/skill/7a950986-27fe-4b6c-adf3-88f211e77019,knowledge,cross-sector,robotic components,"microprocessors
servomotors
encoders
range of robotic components
kinds of robotic components
circuit boards
types of robotic components
typology of robotic components",,released,2025-04-16T11:45:47.215Z,,,"http://data.europa.eu/esco/concept-scheme/skills,
http://data.europa.eu/esco/concept-scheme/member-skills,
http://data.europa.eu/esco/concept-scheme/6c930acd-c104-4ece-acf7-f44fd7333036","The components that can be found in robotic systems, such as microprocessors, electronics, sensors, circuit boards, encoders, servomotors, controllers, pneumatics or hydraulics."
6753,KnowledgeSkillCompetence,http://data.europa.eu/esco/skill/7aa52bdc-9c56-4341-be65-e8e30f64403f,skill/competence,cross-sector,monitor automated machines,"oversee automated machines
oversee automatic machinery
supervise automated machines
watch over automatic machinery
supervise automatic machinery
watch over automated machines
audit automatic machinery
audit automated machines",,released,2024-02-09T17:29:09.009Z,,,"http://data.europa.eu/esco/concept-scheme/skills,
http://data.europa.eu/esco/concept-scheme/member-skills,
http://data.europa.eu/esco/concept-scheme/6c930acd-c104-4ece-acf7-f44fd7333036","Continuously check up on the automated machine's set-up and execution or make regular control rounds. If necessary, record and interpret data on the operating conditions of installations and equipment in order to identify abnormalities."
6759,KnowledgeSkillCompetence,http://data.europa.eu/esco/skill/7abf5b24-8f18-49c5-a64b-5a5870a03a56,skill/competence,occupation-specific,convert scribbles into virtual sketches,"transform scribbles into virtual sketches
transfer scribbles into virtual sketches
converting of scribbles into virtual sketches
adap scribbles into virtual sketches t
translate scribbles into virtual sketches
scribble converting into virtual sketches",,released,2024-02-09T17:29:12.215Z,,,"http://data.europa.eu/esco/concept-scheme/skills,
http://data.europa.eu/esco/concept-scheme/member-skills,
http://data.europa.eu/esco/concept-scheme/6c930acd-c104-4ece-acf7-f44fd7333036",Use software to convert the roughly drawn representation of a design into a two-dimensional geometrical sketch that they can further develop to obtain the final concept.
6763,KnowledgeSkillCompetence,http://data.europa.eu/esco/skill/7adb8473-bcc6-4ff8-9850-76d945d40092,skill/competence,sector-specific,analyse ICT system,"assess ICT system
analyse information and communications technology system
analyze information and communications technology system
assess information and communications technology system
analyze ICT system",,released,2024-02-28T15:39:50.76Z,,,"http://data.europa.eu/esco/concept-scheme/skills,
http://data.europa.eu/esco/concept-scheme/member-skills,
http://data.europa.eu/esco/concept-scheme/6c930acd-c104-4ece-acf7-f44fd7333036","Analyse the functioning and performance of information systems in order to define their goals, architecture and services and set procedures and operations to meet end users requirements."
6779,KnowledgeSkillCompetence,http://data.europa.eu/esco/skill/7b0d5000-00da-4864-b776-6de49a87a669,knowledge,cross-sector,computer vision,"OCR
cuda
matlab
tensorflow
simpleCV
openCV
keras",,released,2022-07-05T14:34:46.63Z,,,"http://data.europa.eu/esco/concept-scheme/skills,
http://data.europa.eu/esco/concept-scheme/member-skills,
http://data.europa.eu/esco/concept-scheme/6c930acd-c104-4ece-acf7-f44fd7333036","The definition and functioning of computer vision. Computer vision tools to allow computers to extract information from digital images such as photographs or video. Areas of application to solve real-world problems like security, autonomous driving, robotic manufacturing and inspection, digital image classification, medical image processing and diagnosis, and others."
6794,KnowledgeSkillCompetence,http://data.europa.eu/esco/skill/7b5cb897-2ee8-450c-85a6-d73925cbd1dc,knowledge,sector-specific,GameSalad,"GameSalad interface
GameSalad platform",,released,2025-06-25T08:20:05.218Z,,,"http://data.europa.eu/esco/concept-scheme/skills,
http://data.europa.eu/esco/concept-scheme/member-skills,
http://data.europa.eu/esco/concept-scheme/6c930acd-c104-4ece-acf7-f44fd7333036",The drag-and-drop software interface that consists of specialised design tools used for the rapid iteration of user-derived computer games by users with limited programming knowledge.
6795,KnowledgeSkillCompetence,http://data.europa.eu/esco/skill/7b5cce4d-c7fe-4119-b48f-70aa05391787,knowledge,cross-sector,computer science,"informatics
informatics studies",,released,2024-02-09T17:29:16.725Z,,,"http://data.europa.eu/esco/concept-scheme/skills,
http://data.europa.eu/esco/concept-scheme/member-skills,
http://data.europa.eu/esco/concept-scheme/6c930acd-c104-4ece-acf7-f44fd7333036","The scientific and practical study that deals with the foundations of information and computation, namely algorithms, data structures, programming, and data architecture. It deals with the practicability, structure and mechanisation of the methodical procedures that manage the acquisition, processing, and access to information."
6819,KnowledgeSkillCompetence,http://data.europa.eu/esco/skill/7bf4539a-3f2e-4485-876b-1c9306b181af,knowledge,sector-specific,John The Ripper (penetration testing tool),John The Ripper,,released,2022-07-05T14:37:18.921Z,,,"http://data.europa.eu/esco/concept-scheme/skills,
http://data.europa.eu/esco/concept-scheme/member-skills,
http://data.europa.eu/esco/concept-scheme/6c930acd-c104-4ece-acf7-f44fd7333036",The tool John the Ripper is a password recovery tool which tests security weaknesses of the systems for potentially unauthorised access to system information. The key features of this tool are the strength-checking code and password hash code.
6849,KnowledgeSkillCompetence,http://data.europa.eu/esco/skill/7c5b66c6-36a1-4e03-bb57-64e8688b8f58,skill/competence,sector-specific,operate private branch exchange,PBX,,released,2024-02-09T17:29:09.009Z,,,"http://data.europa.eu/esco/concept-scheme/skills,
http://data.europa.eu/esco/concept-scheme/member-skills,
http://data.europa.eu/esco/concept-scheme/6c930acd-c104-4ece-acf7-f44fd7333036","Handle Private Branch Exchange (PBX), a telecommunication system within an organisation that switches calls between users on local lines. At the same time the system allows all users to share external phone lines."
6858,KnowledgeSkillCompetence,http://data.europa.eu/esco/skill/7c821387-b428-4f75-b5a7-7b038aa81cfd,skill/competence,cross-sector,use a warehouse management system,"oversee a warehouse management system
supervise a warehouse management system
managing a warehouse management system
manage warehouse management systems
maintain a warehouse management system",,released,2024-02-09T17:29:14.494Z,,,"http://data.europa.eu/esco/concept-scheme/skills,
http://data.europa.eu/esco/concept-scheme/member-skills,
http://data.europa.eu/esco/concept-scheme/6c930acd-c104-4ece-acf7-f44fd7333036","Use software in order to store materials within a warehouse and perform operations such as shipping, receiving and picking."
6864,KnowledgeSkillCompetence,http://data.europa.eu/esco/skill/7c939ef4-adb2-4c0c-aa27-9cc1aefd7c81,knowledge,cross-sector,blockchain-based services regulation,"regulatory framework for blockchain
legal guidance for blockchain
legal regulations for blockchain",,released,2023-10-30T08:55:14.955Z,,,"http://data.europa.eu/esco/concept-scheme/skills,
http://data.europa.eu/esco/concept-scheme/member-skills,
http://data.europa.eu/esco/concept-scheme/6c930acd-c104-4ece-acf7-f44fd7333036","Key legal regulations around the blockchain, both existing and emerging ones. In Europe, regulations around the Digital Euro and Crypt-Assets, as well as the Pan-European blockchain regulatory sandbox are considered most essential."
6866,KnowledgeSkillCompetence,http://data.europa.eu/esco/skill/7c9cb75d-ca4a-47c0-a989-ec0ba65a4bf0,skill/competence,sector-specific,use typesetting software,"make use of typesetting software
utilise typesetting software
using typesetting software
employ typesetting software",,released,2024-02-09T17:29:13.7Z,,,"http://data.europa.eu/esco/concept-scheme/skills,
http://data.europa.eu/esco/concept-scheme/member-skills,
http://data.europa.eu/esco/concept-scheme/6c930acd-c104-4ece-acf7-f44fd7333036",Use specialised computer programs to arrange the type of texts and images to be printed.
6867,KnowledgeSkillCompetence,http://data.europa.eu/esco/skill/7ca5d3c2-2cea-4fac-88e4-f2955c5b705c,skill/competence,sector-specific,use IT systems for commercial purposes,"use IT systems for a commercial purpose
handle IT systems for commercial purposes
adopt IT systems for commercial purposes
use an IT system for commercial purposes
operate IT systems for commercial purposes
apply IT systems for commercial purposes
using IT systems for commercial purposes",,released,2024-02-09T17:29:13.7Z,,,"http://data.europa.eu/esco/concept-scheme/skills,
http://data.europa.eu/esco/concept-scheme/member-skills,
http://data.europa.eu/esco/concept-scheme/6c930acd-c104-4ece-acf7-f44fd7333036",Convey and communicate data and make commercial decisions by using internal and external IT-systems where appropriate.
6883,KnowledgeSkillCompetence,http://data.europa.eu/esco/skill/7d02180a-87d1-4e25-92e1-653309c173c4,skill/competence,sector-specific,operate automated optical inspection machine,"automated optical inspection machine operating
operating automated optical inspection machine
automated optical inspection machine tending
tend automated optical inspection machine
tending automated optical inspection machine",,released,2024-02-09T17:29:14.494Z,,,"http://data.europa.eu/esco/concept-scheme/skills,
http://data.europa.eu/esco/concept-scheme/member-skills,
http://data.europa.eu/esco/concept-scheme/6c930acd-c104-4ece-acf7-f44fd7333036","Inspect the quality of assembled printed circuit boards (PCB) or surface-mount devices (SMD) through operating the automated optical inspection machine. During each test, dozens of images are captured with a special camera and compared to previous assembled boards."
6889,KnowledgeSkillCompetence,http://data.europa.eu/esco/skill/7d10fcb2-b368-48ab-996b-7c9fafcf68ed,skill/competence,sector-specific,use automatic programming,use visual programming,,released,2024-02-09T17:29:15.235Z,Includes visual programming.,,"http://data.europa.eu/esco/concept-scheme/skills,
http://data.europa.eu/esco/concept-scheme/member-skills,
http://data.europa.eu/esco/concept-scheme/6c930acd-c104-4ece-acf7-f44fd7333036","Utilise specialised software tools to generate computer code from specifications, such as diagrams, structured informations or other means of describing functionality."
6890,KnowledgeSkillCompetence,http://data.europa.eu/esco/skill/7d11f682-644f-44fa-ad08-d6b0d97d2f28,skill/competence,occupation-specific,develop shipping itineraries,"develop voyage scenario
plot shipping voyage
utilise specialised software to develop a shipping itinerary
develop travel plans
develop journey plans
create itineraries
use specialised equipment and software to develop a shipping itinerary
plot shipping journey
plot shipping journey through use of specialist equipment and software",,released,2024-02-09T17:29:16.725Z,,,"http://data.europa.eu/esco/concept-scheme/skills,
http://data.europa.eu/esco/concept-scheme/member-skills,
http://data.europa.eu/esco/concept-scheme/6c930acd-c104-4ece-acf7-f44fd7333036",Develop a total journey scenario using equipment and specialised software. Plot multiple port voyages while optimising utilisation of cargo space and ship capacity throughout the entire voyage.
6906,KnowledgeSkillCompetence,http://data.europa.eu/esco/skill/7d5ff73e-7bea-436d-974f-3a51ce24a138,skill/competence,sector-specific,develop virtual game engine,create game development framework,,released,2025-06-25T12:15:04.406Z,,,"http://data.europa.eu/esco/concept-scheme/skills,
http://data.europa.eu/esco/concept-scheme/member-skills,
http://data.europa.eu/esco/concept-scheme/6c930acd-c104-4ece-acf7-f44fd7333036",Create a virtual software framework that abstracts the details of doing common game-related tasks.
6917,KnowledgeSkillCompetence,http://data.europa.eu/esco/skill/7d913551-e17a-40ba-baf7-48d0c3b12e50,knowledge,occupation-specific,predictive maintenance,"total predictive maintenance
predictive and preventative maintenance
predictive models for maintenance
predictive maintenance techniques
PdM",,released,2025-04-11T14:11:11.61Z,,,"http://data.europa.eu/esco/concept-scheme/skills,
http://data.europa.eu/esco/concept-scheme/member-skills,
http://data.europa.eu/esco/concept-scheme/6c930acd-c104-4ece-acf7-f44fd7333036",The use of data analytics and mathematical calculation to manage and monitor the conditions of machines and production processes.
6935,KnowledgeSkillCompetence,http://data.europa.eu/esco/skill/7dde2d1d-48fa-43c9-8b48-1372b6e7cb4c,skill/competence,sector-specific,operate on-board computer systems,"use on-board vehicle computer systems
utilise on-board computer systems
carry out on-board vehicle computer operations
perform on-board vehicle computer operations
execute on-board vehicle computer operations
perform operations using on-board computer systems
conduct operations using on-board computer systems
use on-board computer systems
utilise on-board vehicle computer systems
operate on-board vehicle computer systems",,released,2024-02-09T17:29:09.851Z,,,"http://data.europa.eu/esco/concept-scheme/skills,
http://data.europa.eu/esco/concept-scheme/member-skills,
http://data.europa.eu/esco/concept-scheme/6c930acd-c104-4ece-acf7-f44fd7333036",Operate on-board computer systems in heavy trucks and vehicles; communicate with yard management computer system.
6938,KnowledgeSkillCompetence,http://data.europa.eu/esco/skill/7deca286-1bd6-490e-851f-82d9d410d584,skill/competence,occupation-specific,"design the digital interface of gambling, betting and lottery games","design the digital interface of gambling games
design the interface of lottery games digitally
design gambling games' digital interface
design the digital outlook of games
create the digital interface of betting games",,released,2024-02-09T17:29:12.952Z,,,"http://data.europa.eu/esco/concept-scheme/skills,
http://data.europa.eu/esco/concept-scheme/member-skills,
http://data.europa.eu/esco/concept-scheme/6c930acd-c104-4ece-acf7-f44fd7333036","Create the digital outlook of gambling, betting and lottery games to make them appealing to the audience."
6941,KnowledgeSkillCompetence,http://data.europa.eu/esco/skill/7dfbe0f3-076f-4a19-9eaa-db4d6db704b6,skill/competence,sector-specific,keep up-to-date to computer trends,"keep an up-to-date to computer trend
save up-to-date to computer trends
keeping up-to-date to computer trends
retain up-to-date to computer trends
store up-to-date to computer trends
hold up-to-date to computer trends",,released,2024-02-09T17:29:13.7Z,,,"http://data.europa.eu/esco/concept-scheme/skills,
http://data.europa.eu/esco/concept-scheme/member-skills,
http://data.europa.eu/esco/concept-scheme/6c930acd-c104-4ece-acf7-f44fd7333036","Stay aware of the current developments and trends in computer hardware, software and peripherals."
6950,KnowledgeSkillCompetence,http://data.europa.eu/esco/skill/7e1f9657-ab4e-407c-842f-b846197060e3,skill/competence,sector-specific,execute ICT audits,"execute information security audits
execute IT security audits
execute cyber security audits
execute ICT security audits",,released,2023-03-10T17:45:05.216Z,,,"http://data.europa.eu/esco/concept-scheme/skills,
http://data.europa.eu/esco/concept-scheme/member-skills,
http://data.europa.eu/esco/concept-scheme/6c930acd-c104-4ece-acf7-f44fd7333036","Organise and execute audits in order to evaluate ICT systems, compliance of components of systems, information processing systems and information security. Identify and collect potential critical issues and recommend solutions based on required standards and solutions."
6973,KnowledgeSkillCompetence,http://data.europa.eu/esco/skill/7e796b51-49d7-4e73-95af-2e7323763f15,skill/competence,sector-specific,design database in the cloud,"apply design principles for cloud data architecture
develop cloud database design
apply design principles for cloud database design
design automated cloud databases
design cloud data architecture",,released,2024-02-26T09:55:44.119Z,,,"http://data.europa.eu/esco/concept-scheme/skills,
http://data.europa.eu/esco/concept-scheme/member-skills,
http://data.europa.eu/esco/concept-scheme/6c930acd-c104-4ece-acf7-f44fd7333036","Apply design principles for an adaptive, elastic, automated, loosely coupled databases making use of cloud infrastructure. Aim to remove any single point of failure through distributed database design."
6992,KnowledgeSkillCompetence,http://data.europa.eu/esco/skill/7edd11f2-6b4a-4a76-8b82-b5c57f3d8f07,skill/competence,sector-specific,animate 3D organic forms,"create facial animation for 3D character
Animate 3D characters",,released,2024-02-09T17:29:14.494Z,It includes real-time 3D animations.,,"http://data.europa.eu/esco/concept-scheme/skills,
http://data.europa.eu/esco/concept-scheme/member-skills,
http://data.europa.eu/esco/concept-scheme/6c930acd-c104-4ece-acf7-f44fd7333036","Vitalise digital 3D models of organic items, such as emotions or face movements of characters and place them in a digital 3D environment."
7003,KnowledgeSkillCompetence,http://data.europa.eu/esco/skill/7f0b1a66-ebaf-4c8a-b606-4c1844eb692e,skill/competence,sector-specific,attend to ICT systems quality,"ensure ICT systems meet required standards
ensure ICT system quality",,released,2025-06-25T12:15:04.406Z,,,"http://data.europa.eu/esco/concept-scheme/skills,
http://data.europa.eu/esco/concept-scheme/member-skills,
http://data.europa.eu/esco/concept-scheme/6c930acd-c104-4ece-acf7-f44fd7333036","Ensure correct operations which comply fully with specific needs and outcomes in terms of the development, integration, security and overall management of ICT systems."
7011,KnowledgeSkillCompetence,http://data.europa.eu/esco/skill/7f27f1ff-2e17-4b69-990e-c23334478313,knowledge,cross-sector,assessment of risks and threats,"principles of assessment of risks and threats
methods for handling security-related information
methods for assessment of risks and threats
principles for handling security-related information
techniques for handling security-related information
techniques for assessment of risks and threats",,released,2024-02-09T17:29:15.235Z,,,"http://data.europa.eu/esco/concept-scheme/skills,
http://data.europa.eu/esco/concept-scheme/member-skills,
http://data.europa.eu/esco/concept-scheme/6c930acd-c104-4ece-acf7-f44fd7333036",The security documentation and any security-related communications and information.
7012,KnowledgeSkillCompetence,http://data.europa.eu/esco/skill/7f2afce6-e98b-4bbe-8441-d52b45e28ab8,knowledge,sector-specific,telecom regulations,Electronic Communications Code,,released,2023-11-29T16:29:57.116Z,,,"http://data.europa.eu/esco/concept-scheme/skills,
http://data.europa.eu/esco/concept-scheme/member-skills,
http://data.europa.eu/esco/concept-scheme/6c930acd-c104-4ece-acf7-f44fd7333036","Code of rules to protect telecommunication consumers, ensuring high standards of communication services such as equivalent and affordable access, connectivity, transparency of contracts or security against malware. The regulation covers web-based and traditional services."
7039,KnowledgeSkillCompetence,http://data.europa.eu/esco/skill/7fb699d9-182a-430e-b7a0-6d8ed05c284b,knowledge,cross-sector,graphic design,"graphic designs
graphic designing
visual design",,released,2024-02-09T17:29:11.47Z,,,"http://data.europa.eu/esco/concept-scheme/skills,
http://data.europa.eu/esco/concept-scheme/member-skills,
http://data.europa.eu/esco/concept-scheme/6c930acd-c104-4ece-acf7-f44fd7333036",The techniques to create a visual representation of ideas and messages.
7042,KnowledgeSkillCompetence,http://data.europa.eu/esco/skill/7fc4c18a-68f3-425a-aadf-f83633be47a1,knowledge,sector-specific,learning technologies,learning channels,,released,2025-06-25T08:20:05.218Z,,,"http://data.europa.eu/esco/concept-scheme/skills,
http://data.europa.eu/esco/concept-scheme/member-skills,
http://data.europa.eu/esco/concept-scheme/6c930acd-c104-4ece-acf7-f44fd7333036","The technologies and channels, including digital, to enhance learning."
7053,KnowledgeSkillCompetence,http://data.europa.eu/esco/skill/7ffae77a-93ce-40a3-af99-fae5729e8b15,skill/competence,sector-specific,assemble robots,"robots assembling
assembling robots
robotic machines assembling
assembling robotic machines
robot assembling
robotic machine assembling
assemble robotic machines",,released,2024-02-09T17:29:09.851Z,,,"http://data.europa.eu/esco/concept-scheme/skills,
http://data.europa.eu/esco/concept-scheme/member-skills,
http://data.europa.eu/esco/concept-scheme/6c930acd-c104-4ece-acf7-f44fd7333036","Assemble robotic machines, devices, and components according to engineering drawings. Program and install the necessary components of robotic systems, such as robot controllers, conveyors, and end-of-arm tools."
7075,KnowledgeSkillCompetence,http://data.europa.eu/esco/skill/805e4fac-5325-42a2-a9e7-c6c777185a05,skill/competence,occupation-specific,manage online gambling,"monitor gambling website
manage online gambles
manage gambling online
coordinate gambling activities",,released,2024-02-09T17:29:09.851Z,,,"http://data.europa.eu/esco/concept-scheme/skills,
http://data.europa.eu/esco/concept-scheme/member-skills,
http://data.europa.eu/esco/concept-scheme/6c930acd-c104-4ece-acf7-f44fd7333036","Set up, coordinate and manage online gambling activities. Monitor the action on the online gambling website and ensure customer service procedures run as planned. Coordinate the technical staff to maintain the gambling software and plan operations to secure profits."
7082,KnowledgeSkillCompetence,http://data.europa.eu/esco/skill/8088750d-8388-4170-a76f-48354c469c44,knowledge,sector-specific,cyber security,"ICT security
cybersecurity
digital security
information and communications technology security
IT security
information security",,released,2023-03-10T16:28:05.23Z,,,"http://data.europa.eu/esco/concept-scheme/skills,
http://data.europa.eu/esco/concept-scheme/member-skills,
http://data.europa.eu/esco/concept-scheme/6c930acd-c104-4ece-acf7-f44fd7333036","The methods and best practices that protect ICT systems, networks, computers, devices, services, processes and people against unauthorised access, modification and/or denial of service of assets."
7108,KnowledgeSkillCompetence,http://data.europa.eu/esco/skill/81086bb0-a110-470d-ba5a-2c68fc535407,skill/competence,sector-specific,manage flight data communications programme,"oversee flight data communication programme
supervise data communication programme
supervise flight data communication programme
manage data communication programme
manage exchange of flight data in aviation operations
oversee data communication programme
manage exchange of digital flight data between pilots and air traffic control
facilitate transmission of flight data through management of digital communication programmes
ensure effective exchange of digital flight data between pilots and air traffic control
manage transmission of flight data in aviation operations
manage flight data communications program",,released,2022-07-05T14:37:59.932Z,,,"http://data.europa.eu/esco/concept-scheme/skills,
http://data.europa.eu/esco/concept-scheme/member-skills,
http://data.europa.eu/esco/concept-scheme/6c930acd-c104-4ece-acf7-f44fd7333036","Manage the exchanges of digital data between air traffic controllers and pilots to enable efficient aviation operations, such as trajectory-based routing and optimised profile descents. Support the safety-of-flight command, control, and information services by providing data connectivity. Provide ground automated message generation, transmission, and routing."
7121,KnowledgeSkillCompetence,http://data.europa.eu/esco/skill/812b8819-9b7a-4df9-9c9f-1b60888d0861,knowledge,sector-specific,e-tailoring,"online tailoring
remote tailoring
online tailor services",,released,2024-02-09T17:29:15.968Z,,,"http://data.europa.eu/esco/concept-scheme/skills,
http://data.europa.eu/esco/concept-scheme/member-skills,
http://data.europa.eu/esco/concept-scheme/6c930acd-c104-4ece-acf7-f44fd7333036",The business model using softwares and technical applications in order to gather the information of clients for the manufacturing of bespoke products.
7130,KnowledgeSkillCompetence,http://data.europa.eu/esco/skill/81633a44-f1db-4a01-a940-804c6905e330,skill/competence,cross-sector,use word processing software,"Google Docs
GNU TeXmacs
IBM Lotus Word Pro
AbiWord
TextEdit
LaTeX
WordGraph
QuickOffice
Calligra Words
Kingsoft Office Writer
LibreOffice Writer
use document processing program
Atlantis Word Processor
Polaris Office
produce text files
type text
make use of word processing software
apply word processing software
use word processor
using word processor
Microsoft Office Word
Apple Pages
Zoho Writer
use word processing
WordPad
able to use using word processing software
Textilus
utilise word processing software
ThinkFree Office
IntelliTalk
use text processing program","GNU TeXmacs
Kingsoft Office Writer
LibreOffice Writer
WordPad
LaTeX
ThinkFree Office
QuickOffice
Calligra Words
Atlantis Word Processor
Textilus
WordGraph
IntelliTalk
Polaris Office
TextEdit
Google Docs
Zoho Writer
AbiWord
IBM Lotus Word Pro
Apple Pages
Microsoft Office Word",released,2024-02-09T17:29:16.725Z,,,"http://data.europa.eu/esco/concept-scheme/skills,
http://data.europa.eu/esco/concept-scheme/member-skills,
http://data.europa.eu/esco/concept-scheme/6c930acd-c104-4ece-acf7-f44fd7333036","Use computer software applications for composition, editing, formatting, and printing of any sort of written material."
7137,KnowledgeSkillCompetence,http://data.europa.eu/esco/skill/8181aa4c-42bc-4036-a3d2-5cb6bbb34239,skill/competence,sector-specific,handle cybersecurity incidents,"analyse cybersecurity incidents
handle cybersecurity incidents in production facilities
monitor security logs
respond to cyber incidents
monitor the security of digital systems",,released,2025-04-11T13:15:41.317Z,,,"http://data.europa.eu/esco/concept-scheme/skills,
http://data.europa.eu/esco/concept-scheme/member-skills,
http://data.europa.eu/esco/concept-scheme/6c930acd-c104-4ece-acf7-f44fd7333036","Detect, identify, analyze, and respond, to cybersecurity incidents in an organization's systems or network. It involves incident response plans such as intrusion detection systems, log analysis, and documenting detailed information about potential incidents."
7140,KnowledgeSkillCompetence,http://data.europa.eu/esco/skill/818c2b89-1335-4443-ada7-e1046862e273,skill/competence,sector-specific,install automation components,"fit automation components
automation component installing
fitting automation components
automation components fitting
automation components installing
automation component fitting
installing automation components",,released,2024-02-09T17:29:15.968Z,,,"http://data.europa.eu/esco/concept-scheme/skills,
http://data.europa.eu/esco/concept-scheme/member-skills,
http://data.europa.eu/esco/concept-scheme/6c930acd-c104-4ece-acf7-f44fd7333036",Install the automation components according to the specifications of the circuit diagram.
7150,KnowledgeSkillCompetence,http://data.europa.eu/esco/skill/81b082fb-9a00-4660-976a-10c985979100,knowledge,sector-specific,IBM InfoSphere Information Server,IBM InfoSphere Information Server platform,,released,2025-06-25T08:20:05.218Z,,,"http://data.europa.eu/esco/concept-scheme/skills,
http://data.europa.eu/esco/concept-scheme/member-skills,
http://data.europa.eu/esco/concept-scheme/6c930acd-c104-4ece-acf7-f44fd7333036","The software program IBM InfoSphere Information Server is a platform for integration of information from multiple applications, created and maintained by organisations, into one consistent and transparent data structure, developed by the software company IBM."
7170,KnowledgeSkillCompetence,http://data.europa.eu/esco/skill/8203b07a-8097-4383-aff6-603b7df7f0f4,knowledge,occupation-specific,ATM systems,"cash points
automatic teller machine systems
ATM system
holes in the wall
automated banking machines
automated teller machines
minibanks
automated teller machine systems
ABMs
cash machines",,released,2024-02-09T17:29:11.47Z,,,"http://data.europa.eu/esco/concept-scheme/skills,
http://data.europa.eu/esco/concept-scheme/member-skills,
http://data.europa.eu/esco/concept-scheme/6c930acd-c104-4ece-acf7-f44fd7333036","The different technologies, software, hardware and operations that are used or can be found in automated teller machines."
7179,KnowledgeSkillCompetence,http://data.europa.eu/esco/skill/82312096-4df8-49ce-9cdd-a6e08af56b45,skill/competence,occupation-specific,evaluate information services using metrics,"using metrics to evaluate information services
evaluating information services using metrics
rate information services using metrics
gauge information services using metrics
assess information services using metrics
evaluate information service using metrics",,released,2024-02-09T17:29:15.235Z,,,"http://data.europa.eu/esco/concept-scheme/skills,
http://data.europa.eu/esco/concept-scheme/member-skills,
http://data.europa.eu/esco/concept-scheme/6c930acd-c104-4ece-acf7-f44fd7333036","Use bibliometrics, webometrics and web metrics to evaluate information services."
7180,KnowledgeSkillCompetence,http://data.europa.eu/esco/skill/82313e12-9d39-47d1-b7c9-78bbd6bb50e2,knowledge,cross-sector,CAE software,"computer-aided engineering software
computer-aided engineering softwares
CAE software tools",,released,2024-02-09T17:29:09.009Z,,,"http://data.europa.eu/esco/concept-scheme/skills,
http://data.europa.eu/esco/concept-scheme/member-skills,
http://data.europa.eu/esco/concept-scheme/6c930acd-c104-4ece-acf7-f44fd7333036",The software to perform computer-aided engineering (CAE) analysis tasks such as Finite Element Analysis and Computional Fluid Dynamics.
7183,KnowledgeSkillCompetence,http://data.europa.eu/esco/skill/82394321-7f35-4a29-b2fa-4a58f66258f5,skill/competence,cross-sector,simulate transport problems,"simulate transports problems
simulate problems for transports",,released,2024-02-09T17:29:12.215Z,,,"http://data.europa.eu/esco/concept-scheme/skills,
http://data.europa.eu/esco/concept-scheme/member-skills,
http://data.europa.eu/esco/concept-scheme/6c930acd-c104-4ece-acf7-f44fd7333036",Implement transport-related data in software and computer models to simulate transport issues such as traffic jams in order to find innovative solutions.
7223,KnowledgeSkillCompetence,http://data.europa.eu/esco/skill/82de2df7-0d6c-42b1-94ac-b3e9a029e917,skill/competence,cross-sector,use back-up and recovery tools,"use recovery software
use back-up and recovery software
use back-up software
use recovery tools
back-up and recovery tools using
using back-up and recovery tools
using back-up and recovery software
use back-up tools",,released,2024-02-09T17:29:14.494Z,,,"http://data.europa.eu/esco/concept-scheme/skills,
http://data.europa.eu/esco/concept-scheme/member-skills,
http://data.europa.eu/esco/concept-scheme/6c930acd-c104-4ece-acf7-f44fd7333036","Use tools which allow users to copy and archive computer software, configurations and data and recover them in case of loss."
7231,KnowledgeSkillCompetence,http://data.europa.eu/esco/skill/8300443c-c793-4102-bff5-aa917a0cb39f,skill/competence,cross-sector,define roadmap for blockchain in applications,create a blockchain roadmap in applications,,released,2023-11-29T16:36:04.907Z,,,"http://data.europa.eu/esco/concept-scheme/skills,
http://data.europa.eu/esco/concept-scheme/member-skills,
http://data.europa.eu/esco/concept-scheme/6c930acd-c104-4ece-acf7-f44fd7333036","Define and follow a roadmap for the introduction of blockchain in a particular application. Identify the key actions and roles required, as well as the essential milestones and deliverables to achieve."
7236,KnowledgeSkillCompetence,http://data.europa.eu/esco/skill/83218cac-3599-417e-93d2-26013cdccd98,knowledge,sector-specific,service-oriented modelling,"ICT service models
service oriented models
SaaS model
Software as a service
SaaS
service-oriented modeling",,released,2025-08-01T12:46:31.249Z,,,"http://data.europa.eu/esco/concept-scheme/skills,
http://data.europa.eu/esco/concept-scheme/member-skills,
http://data.europa.eu/esco/concept-scheme/6c930acd-c104-4ece-acf7-f44fd7333036","The principles and fundamentals of service-oriented modelling for business and software systems that allow the design and specification of service-oriented business systems within a variety of architectural styles, such as enterprise architecture and application architecture."
7238,KnowledgeSkillCompetence,http://data.europa.eu/esco/skill/8327754d-3990-4056-b07e-4faa49cfcd26,skill/competence,sector-specific,innovate in ICT,conduct research in ICT,,released,2025-06-25T12:15:04.406Z,,,"http://data.europa.eu/esco/concept-scheme/skills,
http://data.europa.eu/esco/concept-scheme/member-skills,
http://data.europa.eu/esco/concept-scheme/6c930acd-c104-4ece-acf7-f44fd7333036","Create and describe new original research and innovation ideas within the field of information and communication technologies, compare to the emerging technologies and trends and plan the development of new ideas."
7247,KnowledgeSkillCompetence,http://data.europa.eu/esco/skill/8359bd04-d2cb-4757-af1f-39a921df9efe,skill/competence,cross-sector,remove computer virus or malware from a computer,"removing virus from a computer
removing malware from a computer
cleaning malware-infected computer
removing computer virus or malware from a computer
remove virus from a computer
clean malware-infected computer
clean virus-infected computer
cleaning virus-infected computer
computer virus or malware removing from a computer
remove malware from a computer",,released,2024-02-09T17:29:09.851Z,,,"http://data.europa.eu/esco/concept-scheme/skills,
http://data.europa.eu/esco/concept-scheme/member-skills,
http://data.europa.eu/esco/concept-scheme/6c930acd-c104-4ece-acf7-f44fd7333036",Carry out actions to remove computer viruses or other types of malware from a computer.
7251,KnowledgeSkillCompetence,http://data.europa.eu/esco/skill/8369c2d6-c100-4cf6-bd83-9668d8678433,skill/competence,sector-specific,utilise machine learning,"carry out machine learning
use machine learning
utilize machine learning
perform machine learning",,released,2024-02-28T10:50:04.633Z,,,"http://data.europa.eu/esco/concept-scheme/skills,
http://data.europa.eu/esco/concept-scheme/member-skills,
http://data.europa.eu/esco/concept-scheme/6c930acd-c104-4ece-acf7-f44fd7333036","Use techniques and algorithms that are able to extract mastery out of data, learn from it and make predictions, to be used for program optimisation, application adaptation, pattern recognition, filtering, search engines and computer vision."
7252,KnowledgeSkillCompetence,http://data.europa.eu/esco/skill/8369ede5-4200-4a44-be2e-bc60ef959259,knowledge,sector-specific,Microsoft Visual C++,"MS Visual C++
Visual C++
VC++
MSVC",,released,2024-02-09T17:29:14.494Z,,,"http://data.europa.eu/esco/concept-scheme/skills,
http://data.europa.eu/esco/concept-scheme/member-skills,
http://data.europa.eu/esco/concept-scheme/6c930acd-c104-4ece-acf7-f44fd7333036","The computer program Visual C++ is a suite of software development tools for writing programs, such as compiler, debugger, code editor, code highlights, packaged in a unified user interface. It is developed by the software company Microsoft."
7256,KnowledgeSkillCompetence,http://data.europa.eu/esco/skill/83934f53-5ffa-478f-9f8f-b779e9b4fc7a,knowledge,sector-specific,self-service technologies in tourism,"automated tourism services
self-service technologies in the tourism industry
autonomous tourism experiences",,released,2024-03-01T11:30:29.385Z,,,"http://data.europa.eu/esco/concept-scheme/skills,
http://data.europa.eu/esco/concept-scheme/member-skills,
http://data.europa.eu/esco/concept-scheme/6c930acd-c104-4ece-acf7-f44fd7333036","The application of self-service technologies in the tourism industry: performing online bookings, self-check-ins for hotels and airlines, allowing clients to perform and complete reservations by themselves using digital tools."
7264,KnowledgeSkillCompetence,http://data.europa.eu/esco/skill/83b33952-3872-46ec-9a2e-b28f91303a7e,skill/competence,sector-specific,oversee development of software,"oversee development of applications
coordinate development of applications
monitor development of software
manage the development of a software
coordinate development of software",,released,2025-06-25T12:15:04.406Z,,,"http://data.europa.eu/esco/concept-scheme/skills,
http://data.europa.eu/esco/concept-scheme/member-skills,
http://data.europa.eu/esco/concept-scheme/6c930acd-c104-4ece-acf7-f44fd7333036","Organise, plan and supervise the development of the applications and frameworks in order to create a software product, from the earliest planning stages to the final product test."
7265,KnowledgeSkillCompetence,http://data.europa.eu/esco/skill/83b493c8-4837-41e3-9800-cff1df06cf38,skill/competence,occupation-specific,configure media integration systems,set up multimedia integration platforms,,released,2024-02-15T17:12:39.935Z,,,"http://data.europa.eu/esco/concept-scheme/skills,
http://data.europa.eu/esco/concept-scheme/member-skills,
http://data.europa.eu/esco/concept-scheme/6c930acd-c104-4ece-acf7-f44fd7333036","Define and configure the relation between incoming and outgoing signals for performing art and event applications. Using visual programming software, translating the used signal protocols, patching, merging or splitting data streams."
7285,KnowledgeSkillCompetence,http://data.europa.eu/esco/skill/84251cb1-babf-4d17-a3cd-baa642c24c8d,knowledge,sector-specific,IBM Informix,"Informix Extended Parallel Server
Informix Advanced Workgroup Edition
Informix Workgroup Edition
Informix Enterprise Edition
Informix Dynamic Server
Informix Advanced Enterprise Edition
Informix Express Edition",,released,2024-02-09T17:29:12.215Z,,,"http://data.europa.eu/esco/concept-scheme/skills,
http://data.europa.eu/esco/concept-scheme/member-skills,
http://data.europa.eu/esco/concept-scheme/6c930acd-c104-4ece-acf7-f44fd7333036","The computer program IBM Informix is a tool for creating, updating and managing databases, developed by the software company IBM."
7322,KnowledgeSkillCompetence,http://data.europa.eu/esco/skill/84f583f4-f32a-4202-9b92-e25f0c978410,knowledge,sector-specific,core banking software,core banking application,"Avaloq
Globus
Olympic
Midas
Ibsy",released,2023-11-29T16:27:45.815Z,,,"http://data.europa.eu/esco/concept-scheme/skills,
http://data.europa.eu/esco/concept-scheme/member-skills,
http://data.europa.eu/esco/concept-scheme/6c930acd-c104-4ece-acf7-f44fd7333036","The selection of software for core banking activities management (e.g. deposits, payments, loans, bank transactions, customer data) and other functions related to banking."
7323,KnowledgeSkillCompetence,http://data.europa.eu/esco/skill/84f58e3d-8669-4d83-8c1d-5dd1e73a654f,skill/competence,sector-specific,create database diagrams,"create database blueprint
create database models",,released,2024-02-09T17:29:11.47Z,,,"http://data.europa.eu/esco/concept-scheme/skills,
http://data.europa.eu/esco/concept-scheme/member-skills,
http://data.europa.eu/esco/concept-scheme/6c930acd-c104-4ece-acf7-f44fd7333036",Develop the database design models and diagrams which establish the structure of a database by using modelling software tools to be implemented in further processes.
7324,KnowledgeSkillCompetence,http://data.europa.eu/esco/skill/84f73180-4a45-49f4-9140-cb49bbc29531,skill/competence,sector-specific,set scanner controls,"program scanner controls
determine scanner controls
set scanner control
plan scanner controls
setting scanner controls",,released,2024-02-09T17:29:16.725Z,,,"http://data.europa.eu/esco/concept-scheme/skills,
http://data.europa.eu/esco/concept-scheme/member-skills,
http://data.europa.eu/esco/concept-scheme/6c930acd-c104-4ece-acf7-f44fd7333036","Use a mouse, keyboard or other controls to set up the scanner precisely."
7326,KnowledgeSkillCompetence,http://data.europa.eu/esco/skill/85038d57-1fdd-40de-b908-2c005545a8c3,knowledge,sector-specific,SketchBook Pro,"Autodesk SketchBook Pro
SketchBook",,released,2024-02-09T17:29:12.952Z,,,"http://data.europa.eu/esco/concept-scheme/skills,
http://data.europa.eu/esco/concept-scheme/member-skills,
http://data.europa.eu/esco/concept-scheme/6c930acd-c104-4ece-acf7-f44fd7333036",The computer program SketchBook Pro is a graphical ICT tool which enables digital editing and composition of graphics to generate both 2D raster or 2D vector graphics. It is developed by the software company Autodesk.
7336,KnowledgeSkillCompetence,http://data.europa.eu/esco/skill/8542b62b-18b1-4c7f-9d4e-e717c10fbd72,skill/competence,sector-specific,produce textile designs,"produce designs for textiles
draw sketches for textile designs
produce a textile design
create textile designs",,released,2024-02-09T17:29:12.952Z,,,"http://data.europa.eu/esco/concept-scheme/skills,
http://data.europa.eu/esco/concept-scheme/member-skills,
http://data.europa.eu/esco/concept-scheme/6c930acd-c104-4ece-acf7-f44fd7333036","Draw sketches for textile design, by hand or on computer, using specialist Computer Aided Design (CAD) software."
7343,KnowledgeSkillCompetence,http://data.europa.eu/esco/skill/85616cc4-98bf-4355-9cf1-72ff11752848,skill/competence,occupation-specific,develop ICT device driver,"design ICT device driver
build ICT device driver",,released,2025-06-25T12:15:04.406Z,,,"http://data.europa.eu/esco/concept-scheme/skills,
http://data.europa.eu/esco/concept-scheme/member-skills,
http://data.europa.eu/esco/concept-scheme/6c930acd-c104-4ece-acf7-f44fd7333036",Create a software program that controls the working of an ICT device and its interaction with other applications.
7353,KnowledgeSkillCompetence,http://data.europa.eu/esco/skill/85a67bc3-708c-4eab-86f6-4529d01d12a6,skill/competence,occupation-specific,contribute to development of biometric systems,"facilitate development of biometric systems
assist development of biometric systems
participate in development of biometric systems
develop biometric system
developing biometric system
work on development of biometric systems
develop biometric systems",,released,2024-02-09T17:29:16.725Z,,,"http://data.europa.eu/esco/concept-scheme/skills,
http://data.europa.eu/esco/concept-scheme/member-skills,
http://data.europa.eu/esco/concept-scheme/6c930acd-c104-4ece-acf7-f44fd7333036",Contribute to the development or optimisation of technological systems that rely on specific biological data run through algorithms in order to identify people.
7366,KnowledgeSkillCompetence,http://data.europa.eu/esco/skill/85f46538-ae70-498a-bfbc-b8ddafe96c7d,knowledge,sector-specific,levels of software testing,software integration testing,,released,2025-06-25T08:20:05.218Z,,,"http://data.europa.eu/esco/concept-scheme/skills,
http://data.europa.eu/esco/concept-scheme/member-skills,
http://data.europa.eu/esco/concept-scheme/6c930acd-c104-4ece-acf7-f44fd7333036","The levels of testing in the software development process, such as unit testing, integration testing, system testing and acceptance testing."
7376,KnowledgeSkillCompetence,http://data.europa.eu/esco/skill/861313ba-3a1a-4d33-842a-1b8e45e2415b,skill/competence,sector-specific,manage ICT legacy implication,analyse legacy implication,,released,2024-02-09T17:29:13.7Z,,,"http://data.europa.eu/esco/concept-scheme/skills,
http://data.europa.eu/esco/concept-scheme/member-skills,
http://data.europa.eu/esco/concept-scheme/6c930acd-c104-4ece-acf7-f44fd7333036","Oversee the transfer process from a legacy (an outdated system) to a current system by mapping, interfacing, migrating, documenting and transforming data."
7379,KnowledgeSkillCompetence,http://data.europa.eu/esco/skill/861cc783-6d4c-442e-9081-3a6e389be454,skill/competence,sector-specific,install electronic communication equipment,set up electronic communication equipment,,released,2025-06-25T12:15:04.406Z,,,"http://data.europa.eu/esco/concept-scheme/skills,
http://data.europa.eu/esco/concept-scheme/member-skills,
http://data.europa.eu/esco/concept-scheme/6c930acd-c104-4ece-acf7-f44fd7333036",Set up and deploy digital and analogue electronic communications. Understand electronic diagrams and equipment specifications.
7385,KnowledgeSkillCompetence,http://data.europa.eu/esco/skill/8645704c-a896-4ac1-8189-9ac5586d5c3a,skill/competence,sector-specific,prepare detailed working drawings for interior design,"prepare detailed working drawing for interior design
prepare detailed drawings for interior design
preparing detailed working drawings for interior design
create detailed working drawings for interior design
generate detailed working drawings for interior design
draw up detailed working drawings for interior design",,released,2024-02-09T17:29:12.215Z,,,"http://data.europa.eu/esco/concept-scheme/skills,
http://data.europa.eu/esco/concept-scheme/member-skills,
http://data.europa.eu/esco/concept-scheme/6c930acd-c104-4ece-acf7-f44fd7333036",Prepare sufficiently detailed working drawings or digital images using software to convey a realistic preview of the interior design project.
7393,KnowledgeSkillCompetence,http://data.europa.eu/esco/skill/867137fb-ff1b-4ca3-99f3-cb6969aa2c68,knowledge,sector-specific,TypeScript,TypeScript programming language,,released,2025-06-25T08:20:05.218Z,,,"http://data.europa.eu/esco/concept-scheme/skills,
http://data.europa.eu/esco/concept-scheme/member-skills,
http://data.europa.eu/esco/concept-scheme/6c930acd-c104-4ece-acf7-f44fd7333036","The techniques and principles of software development, such as analysis, algorithms, coding, testing and compiling of programming paradigms in TypeScript."
7395,KnowledgeSkillCompetence,http://data.europa.eu/esco/skill/8682024b-2c8b-4de4-8cd7-23ea6169da57,skill/competence,cross-sector,operate signal generator,"microwave signal generator operating
arbitrary waveform generator operating
RF signal generator operating
tone generator operating
digital pattern generator operating
function generator operating
frequency generator operating
pitch generator operating",,released,2024-02-09T17:29:12.215Z,,,"http://data.europa.eu/esco/concept-scheme/skills,
http://data.europa.eu/esco/concept-scheme/member-skills,
http://data.europa.eu/esco/concept-scheme/6c930acd-c104-4ece-acf7-f44fd7333036","Use electronic devices or software tone generators that produce digital or analog repeating or non-repeating electronic signals in order to design, test and repair electronic and acoustic equipment."
7402,KnowledgeSkillCompetence,http://data.europa.eu/esco/skill/8696aff0-18c0-4ba6-a4d0-9a21861b3e5e,knowledge,cross-sector,World Wide Web Consortium standards,W3C standards,,released,2024-02-09T17:29:14.494Z,,,"http://data.europa.eu/esco/concept-scheme/skills,
http://data.europa.eu/esco/concept-scheme/member-skills,
http://data.europa.eu/esco/concept-scheme/6c930acd-c104-4ece-acf7-f44fd7333036","The standards, technical specifications and guidelines developed by the international organisation World Wide Web Consortium (W3C) which allow the design and development of web applications."
7417,KnowledgeSkillCompetence,http://data.europa.eu/esco/skill/86f7126d-97fd-4da5-be96-d1cf6ecd54e6,knowledge,sector-specific,Microsoft Visio,"Visio 2013
MS Visio
Visio 2016
Microsoft Office Visio
Office Visio 2007
Office Visio 2003
Visio 2010
Visio 2000
Visio 2002",,released,2024-02-09T17:29:14.494Z,,,"http://data.europa.eu/esco/concept-scheme/skills,
http://data.europa.eu/esco/concept-scheme/member-skills,
http://data.europa.eu/esco/concept-scheme/6c930acd-c104-4ece-acf7-f44fd7333036",The computer program Microsoft Visio is a graphical ICT tool which enables digital editing and composition of graphics to generate both 2D raster or 2D vector graphics. It is developed by the software company Microsoft.
7442,KnowledgeSkillCompetence,http://data.europa.eu/esco/skill/8759c352-8b00-498f-985a-935f13e1b043,knowledge,cross-sector,assistive instruments,"instrument of assistance
assistive technology
assistive instrument
assistive devices",,released,2025-02-27T12:45:08.961Z,,,"http://data.europa.eu/esco/concept-scheme/skills,
http://data.europa.eu/esco/concept-scheme/member-skills,
http://data.europa.eu/esco/concept-scheme/6c930acd-c104-4ece-acf7-f44fd7333036",The field of dealing with people in need of service animals and the working of assistive devices and technologies.
7448,KnowledgeSkillCompetence,http://data.europa.eu/esco/skill/8764d4b1-e069-44f2-8baa-fb1eee1850ec,knowledge,sector-specific,Oracle Application Development Framework,Oracle ADF,,released,2025-06-25T08:20:05.218Z,,,"http://data.europa.eu/esco/concept-scheme/skills,
http://data.europa.eu/esco/concept-scheme/member-skills,
http://data.europa.eu/esco/concept-scheme/6c930acd-c104-4ece-acf7-f44fd7333036","The Java framework software development environment which provide specific features and components (such as enhanced reusability features, visual and declarative programming) that support and guide enterprise applications development."
7456,KnowledgeSkillCompetence,http://data.europa.eu/esco/skill/8785ccda-6f9f-4cf3-9033-fda10653d0be,knowledge,sector-specific,JSSS,JavaScript Style Sheets,,released,2024-02-09T17:29:11.47Z,,,"http://data.europa.eu/esco/concept-scheme/skills,
http://data.europa.eu/esco/concept-scheme/member-skills,
http://data.europa.eu/esco/concept-scheme/6c930acd-c104-4ece-acf7-f44fd7333036","The computer language JSSS is a style sheet language that conveys the presentation of structured documents. These documents have to adhere to style sheets, a set of stylistic rules such as font, color and layout."
7485,KnowledgeSkillCompetence,http://data.europa.eu/esco/skill/87f31087-4c7c-4a71-b7b8-4039d94b4c12,skill/competence,occupation-specific,analyse clothing 3d prototypes,"study 3D clothing prototypes
adjust the 3d prototype
evaluate clothing 3D models
examine 3D garment prototypes
screen the 3d prototype",,released,2024-02-28T14:13:05.106Z,,,"http://data.europa.eu/esco/concept-scheme/skills,
http://data.europa.eu/esco/concept-scheme/member-skills,
http://data.europa.eu/esco/concept-scheme/6c930acd-c104-4ece-acf7-f44fd7333036",Analyse the prototype in order to adjust the pattern of clothing elements on the 3D avatar.
7509,KnowledgeSkillCompetence,http://data.europa.eu/esco/skill/88564d2d-2dc9-4789-864a-f9cb73f389ec,skill/competence,sector-specific,maintain data entry requirements,uphold data entry requirements,,released,2025-06-25T08:45:06.159Z,,,"http://data.europa.eu/esco/concept-scheme/skills,
http://data.europa.eu/esco/concept-scheme/member-skills,
http://data.europa.eu/esco/concept-scheme/6c930acd-c104-4ece-acf7-f44fd7333036",Uphold conditions for data entry. Follow procedures and apply data program techniques.
7533,KnowledgeSkillCompetence,http://data.europa.eu/esco/skill/88b9ac3d-1c1d-44d1-9584-c4f5dd2503b3,skill/competence,occupation-specific,improve user-friendliness,"revise user-friendliness
modify user-friendliness
ameliorate user-friendliness
improving user-friendliness
update user-friendliness",,released,2024-02-09T17:29:12.952Z,,,"http://data.europa.eu/esco/concept-scheme/skills,
http://data.europa.eu/esco/concept-scheme/member-skills,
http://data.europa.eu/esco/concept-scheme/6c930acd-c104-4ece-acf7-f44fd7333036",Research and test new methods to make a product such as a website or map easier to use and understand.
7554,KnowledgeSkillCompetence,http://data.europa.eu/esco/skill/89227433-950f-4d9d-b0b0-abc33356ab42,skill/competence,occupation-specific,manage computer-based transport operation control systems,"ensure transfer of digital information between control centres and transport units
oversee computer-based transportation operation control systems
oversee computer transport operation control systems
manage transfer of digital information between control centres and transport unit
manage computer transport operation control systems
manage computer-based transport operation control systems;
manage performance of computer-based transport control systems
monitor performance of computer-based transport control systems
manage computer transportation operation control systems
oversee computer-based transport operation control systems
oversee performance of computer transport control system
manage computer-based transportation operation control systems",,released,2022-07-05T14:34:33.959Z,,,"http://data.europa.eu/esco/concept-scheme/skills,
http://data.europa.eu/esco/concept-scheme/member-skills,
http://data.europa.eu/esco/concept-scheme/6c930acd-c104-4ece-acf7-f44fd7333036","Manage digital operation control systems to ensure data transfer between buses. Monitor real-time information about infrastructure, traffic conditions, traffic lights; control voice announcements in buses and provide passengers with real-time information."
7570,KnowledgeSkillCompetence,http://data.europa.eu/esco/skill/8975edb1-d2cb-4c49-a3c0-3b21a9ab8797,skill/competence,cross-sector,tend CNC drilling machine,"guard Computer controlled boring machinery
take care of Computer controlled boring machinery
guard CNC drilling machine
take care of CNC drilling machine
oversee CNC drilling machine
oversee Computer controlled boring machinery
watch over CNC drilling machine
watch over Computer controlled boring machinery",,released,2024-02-09T17:29:16.725Z,,,"http://data.europa.eu/esco/concept-scheme/skills,
http://data.europa.eu/esco/concept-scheme/member-skills,
http://data.europa.eu/esco/concept-scheme/6c930acd-c104-4ece-acf7-f44fd7333036","Tend a computer numerical controlled (CNC) drilling machine designed for cutting manufacturing processes on metal, wooden, plastic materials and others, monitor and operate it, according to regulations."
7571,KnowledgeSkillCompetence,http://data.europa.eu/esco/skill/897b393f-e7e0-4248-a40d-d77119694e83,knowledge,sector-specific,distributed computing,"parallel computing
grid computing
cluster computing",,released,2025-06-25T08:20:05.218Z,,,"http://data.europa.eu/esco/concept-scheme/skills,
http://data.europa.eu/esco/concept-scheme/member-skills,
http://data.europa.eu/esco/concept-scheme/6c930acd-c104-4ece-acf7-f44fd7333036",The software process in which computer components interact over a network and send messages to communicate on their actions.
7575,KnowledgeSkillCompetence,http://data.europa.eu/esco/skill/89839842-a111-411f-b64a-94354d6118e0,knowledge,sector-specific,quantum technology,principles of quantum technology,,released,2023-11-03T09:55:00.739Z,,,"http://data.europa.eu/esco/concept-scheme/skills,
http://data.europa.eu/esco/concept-scheme/member-skills,
http://data.europa.eu/esco/concept-scheme/6c930acd-c104-4ece-acf7-f44fd7333036",The technology that works through principles of quantum mechanics such as quantum entanglement and quantum superposition.
7595,KnowledgeSkillCompetence,http://data.europa.eu/esco/skill/89d574b8-f0ea-4ae8-9008-f575e37e9f11,skill/competence,cross-sector,implement smart contracts,apply smart contracts,,released,2023-11-29T16:35:54.467Z,,,"http://data.europa.eu/esco/concept-scheme/skills,
http://data.europa.eu/esco/concept-scheme/member-skills,
http://data.europa.eu/esco/concept-scheme/6c930acd-c104-4ece-acf7-f44fd7333036","Implement smart contracts for various applications, and in the most important smart contract frameworks such as Bitcoin and Ethereum, and in the most suitable programming languages such as Solidity, Rust, JavaScript, Vyper and Yul."
7601,KnowledgeSkillCompetence,http://data.europa.eu/esco/skill/89f6560b-2194-45c9-9ece-d33049a73eef,knowledge,cross-sector,computer engineering,"science of computer engineering
computer software development
integration of hardware and software
software design
discipline of computer engineering
computer hardware development
engineering of computers
field of computer engineering",,released,2024-02-09T17:29:13.7Z,,,"http://data.europa.eu/esco/concept-scheme/skills,
http://data.europa.eu/esco/concept-scheme/member-skills,
http://data.europa.eu/esco/concept-scheme/6c930acd-c104-4ece-acf7-f44fd7333036","Engineering discipline that combines computer science with electrical engineering to develop computer hardware and software. Computer engineering occupies itself with electronics, software design, and the integration of hardware and software."
7612,KnowledgeSkillCompetence,http://data.europa.eu/esco/skill/8a16ada9-2794-4c81-bb48-5ec1cfbcf1db,skill/competence,sector-specific,use a telecine,"use telecines
employ a telecine
utilise a telecine
operate a telecine
using a telecine",,released,2025-02-27T12:45:08.961Z,,,"http://data.europa.eu/esco/concept-scheme/skills,
http://data.europa.eu/esco/concept-scheme/member-skills,
http://data.europa.eu/esco/concept-scheme/6c930acd-c104-4ece-acf7-f44fd7333036","Operate a Cathode-ray tube (CRT) system or a charge-coupled device telecine (CCD), which produce white light to colour grade images on film by exposing them to this light."
7617,KnowledgeSkillCompetence,http://data.europa.eu/esco/skill/8a211052-4bec-49c2-9b4e-7914c37d21b4,knowledge,cross-sector,microprocessors,"microchips
computer microprocessors
micro-processors
computer micro-processors
micro-chips
chips",,released,2024-02-09T17:29:12.215Z,,,"http://data.europa.eu/esco/concept-scheme/skills,
http://data.europa.eu/esco/concept-scheme/member-skills,
http://data.europa.eu/esco/concept-scheme/6c930acd-c104-4ece-acf7-f44fd7333036",Computer processors on a microscale that integrate the computer central processing unit (CPU) on a single chip.
7620,KnowledgeSkillCompetence,http://data.europa.eu/esco/skill/8a30eb28-eca0-4ab6-8c05-32c47d3e0dd6,knowledge,sector-specific,BlackArch,BlackArch testing tool,,released,2025-06-25T08:20:05.218Z,,,"http://data.europa.eu/esco/concept-scheme/skills,
http://data.europa.eu/esco/concept-scheme/member-skills,
http://data.europa.eu/esco/concept-scheme/6c930acd-c104-4ece-acf7-f44fd7333036",The BlackArch Linux distribution is a penetration testing tool which tests security weaknesses of the system for potentially unauthorised access to system information.
7631,KnowledgeSkillCompetence,http://data.europa.eu/esco/skill/8a6394d1-f44f-4b0d-81d5-7201fc025ba8,skill/competence,cross-sector,develop e-learning plan,develop e-learning strategy,,released,2024-02-09T17:29:10.678Z,,,"http://data.europa.eu/esco/concept-scheme/skills,
http://data.europa.eu/esco/concept-scheme/member-skills,
http://data.europa.eu/esco/concept-scheme/6c930acd-c104-4ece-acf7-f44fd7333036",Create a strategic plan to maximise the outputs of educational technology both within the organisation and externally.
7635,KnowledgeSkillCompetence,http://data.europa.eu/esco/skill/8a7a0d46-d88a-4ab0-bfa4-d861a82bab3c,skill/competence,sector-specific,operate remote broadcast equipment,"operate live shot equipment
operate live remote equipment",,released,2024-02-09T17:29:09.009Z,,,"http://data.europa.eu/esco/concept-scheme/skills,
http://data.europa.eu/esco/concept-scheme/member-skills,
http://data.europa.eu/esco/concept-scheme/6c930acd-c104-4ece-acf7-f44fd7333036",Handle equipment that is used for broadcasting from locations which are far from central station. The pickup unit (RPU) is the most common tool for this communication.
7663,KnowledgeSkillCompetence,http://data.europa.eu/esco/skill/8afe68ff-b261-4fa8-ab25-bb30b0e5c292,knowledge,cross-sector,motion graphics,motion graphic,Adobe After Effects,released,2025-02-27T12:45:08.961Z,,,"http://data.europa.eu/esco/concept-scheme/skills,
http://data.europa.eu/esco/concept-scheme/member-skills,
http://data.europa.eu/esco/concept-scheme/6c930acd-c104-4ece-acf7-f44fd7333036","The techniques and software for creating the illusion of motion such as keyframing, Adobe After Effects, and Nuke."
7690,KnowledgeSkillCompetence,http://data.europa.eu/esco/skill/8b94aa1e-89c9-459d-b3b4-1dfab8dec2df,skill/competence,sector-specific,use software libraries,utilise software libraries,,released,2024-02-09T17:29:15.968Z,,,"http://data.europa.eu/esco/concept-scheme/skills,
http://data.europa.eu/esco/concept-scheme/member-skills,
http://data.europa.eu/esco/concept-scheme/6c930acd-c104-4ece-acf7-f44fd7333036",Utilise collections of codes and software packages which capture frequently used routines to help programmers simplify their work.
7708,KnowledgeSkillCompetence,http://data.europa.eu/esco/skill/8bbdb795-0deb-478f-91e4-5238867ed8ba,knowledge,sector-specific,blockchain terminology,"blockchain terms
terminology of blockchain",,released,2023-11-29T16:33:19.524Z,,,"http://data.europa.eu/esco/concept-scheme/skills,
http://data.europa.eu/esco/concept-scheme/member-skills,
http://data.europa.eu/esco/concept-scheme/6c930acd-c104-4ece-acf7-f44fd7333036","The terms used in blockchain sector which include account, attestation, block, Byzantine fault, coin, consensus, crypto-, decentralized application (DApp), DeFi, digital identity, distributed ledger, encryption, ether, fork, hyperledger, Merkle tree, mining, node, NFT, Proof of Authority, Proof of Stake, Proof of Work, public/private blockchain, trustless, validity proof, 51% attack, etc."
7712,KnowledgeSkillCompetence,http://data.europa.eu/esco/skill/8bc3c77c-30c3-45e6-bd61-069ba433ecfe,knowledge,sector-specific,e-learning software infrastructure,e-learning software infrastracture and applications,Google Classroom,released,2025-02-27T12:45:08.961Z,"E-learning environments include software, web platforms and social media.",,"http://data.europa.eu/esco/concept-scheme/skills,
http://data.europa.eu/esco/concept-scheme/member-skills,
http://data.europa.eu/esco/concept-scheme/6c930acd-c104-4ece-acf7-f44fd7333036",The infrastructure properties and specifications required to set up the e-learning environment which provides learning experiences to the audience.
7748,KnowledgeSkillCompetence,http://data.europa.eu/esco/skill/8c88d336-c249-4537-b26e-d679a85c4b9b,knowledge,sector-specific,Ajax Framework,"Ajax Framework features
Ajax Framework features for web applications development
Ajax framework for web applications development
Ajax Framework components
AJAX Development Environments
AJAX Framework for Web Application Development
Ajax framework features for web applications development
Ajax software development environments
Ajax framework components
Ajax framework features
AJAX Framework Features for Web Development
Ajax Framework for web applications development",,released,2025-06-25T08:20:05.218Z,,,"http://data.europa.eu/esco/concept-scheme/skills,
http://data.europa.eu/esco/concept-scheme/member-skills,
http://data.europa.eu/esco/concept-scheme/6c930acd-c104-4ece-acf7-f44fd7333036",The Ajax software development environments which provide specific features and components that support and guide web applications development.
7752,KnowledgeSkillCompetence,http://data.europa.eu/esco/skill/8ca08a35-2d2e-46f5-b440-8fc8ce736287,skill/competence,sector-specific,apply precision farming,"using precision farming methods
applying precision farming
precision farming methods using
use precision farming methods
precision farming applying",,released,2024-02-09T17:29:14.494Z,,,"http://data.europa.eu/esco/concept-scheme/skills,
http://data.europa.eu/esco/concept-scheme/green,
http://data.europa.eu/esco/concept-scheme/member-skills,
http://data.europa.eu/esco/concept-scheme/6c930acd-c104-4ece-acf7-f44fd7333036","Using modern technologies and equipment with high precision positioning systems, geo-mapping and/or automated steering systems for agricultural activities."
7769,KnowledgeSkillCompetence,http://data.europa.eu/esco/skill/8d17898e-cd9c-444d-b084-8708a5447747,skill/competence,sector-specific,operate medical imaging equipment,"create X-ray images
create MRI images
operate equipment for medical imaging
utilise medical imaging equipment
apply medical imaging techniques using the respective equipment
create SPECT images
operate medical-imaging equipment
create CT images
utilize medical imaging equipment
handle medical imaging equipment",,released,2024-02-09T17:29:15.968Z,,,"http://data.europa.eu/esco/concept-scheme/skills,
http://data.europa.eu/esco/concept-scheme/member-skills,
http://data.europa.eu/esco/concept-scheme/6c930acd-c104-4ece-acf7-f44fd7333036","Produce high quality medical images using technologically advanced medical imaging equipment such as CT (computed tomography), MRI (magnetic resonance imaging), mobile X-ray machines, ultrasound (US), nuclear medicine with Positron Emission Tomography (PET) and Single Photon Emission Computed Tomography (SPECT)."
7796,KnowledgeSkillCompetence,http://data.europa.eu/esco/skill/8dcc1c68-1ebe-412b-b437-cab3c26da509,skill/competence,cross-sector,record data from biomedical tests,"use IT to record and analyse data from biomedical tests
record data from biomedical test
analyze data from biomedical test
analyse data from biomedical tests
record data from a biomedical test",,released,2024-02-09T17:29:09.851Z,,,"http://data.europa.eu/esco/concept-scheme/skills,
http://data.europa.eu/esco/concept-scheme/member-skills,
http://data.europa.eu/esco/concept-scheme/6c930acd-c104-4ece-acf7-f44fd7333036","Use information technology to accurately record and analyse data from biomedical tests, writing reports on the data and sharing results with the appropriate persons."
7805,KnowledgeSkillCompetence,http://data.europa.eu/esco/skill/8deb6cb7-15e3-4fd7-a9eb-644c23de95fa,skill/competence,cross-sector,use shorthand computer program,"utilize shorthand computer programs
use shorthand program
use computer program for shorthand
use shorthand computer programs
using shorthand computer program
work with shorthand computer programs",,released,2024-02-09T17:29:14.494Z,,,"http://data.europa.eu/esco/concept-scheme/skills,
http://data.europa.eu/esco/concept-scheme/member-skills,
http://data.europa.eu/esco/concept-scheme/6c930acd-c104-4ece-acf7-f44fd7333036",Employ shorthand computer softwares in order to write and translate shorthands and put them into traditional legible transcripts.
7830,KnowledgeSkillCompetence,http://data.europa.eu/esco/skill/8e46491b-7ae4-4add-bb6f-b8854e73c914,skill/competence,sector-specific,maintain automated lighting equipment,"keep automated lighting equipment in working order
maintain automated lighting equipment and accessories
keep automated lighting equipment and accessories in working order
look after automated lighting equipment",,released,2024-02-09T17:29:10.678Z,,,"http://data.europa.eu/esco/concept-scheme/skills,
http://data.europa.eu/esco/concept-scheme/member-skills,
http://data.europa.eu/esco/concept-scheme/6c930acd-c104-4ece-acf7-f44fd7333036","Set up, check and repair automated lighting equipment and maintain its software."
7844,KnowledgeSkillCompetence,http://data.europa.eu/esco/skill/8e91c9b3-45de-4db2-91df-138d10031cf0,skill/competence,sector-specific,log transmitter readings,"compile transmitter readings
log transmitter reading
record transmitter readings
logging transmitter readings
note transmitter readings",,released,2023-08-11T09:01:43.785Z,,,"http://data.europa.eu/esco/concept-scheme/skills,
http://data.europa.eu/esco/concept-scheme/member-skills,
http://data.europa.eu/esco/concept-scheme/6c930acd-c104-4ece-acf7-f44fd7333036","Log transmitter observations such as calibrations of remote control equipment, equipment performance measurements, antenna field strength measurements, and other readings."
7863,KnowledgeSkillCompetence,http://data.europa.eu/esco/skill/8ee39fb7-8b46-490e-ae21-6e8b32854dd6,skill/competence,sector-specific,manage dispatch software systems,"manage dispatch software systems;
manage software systems used in dispatching
administer dispatch software systems
conduct dispatch software management activities
oversee dispatch software
oversee computer programmes used in dispatching operations
oversee software systems used in dispatching
administer systems of dispatch software
perform dispatch software management activities
manage computer programmes used in dispatching operations
manage systems of dispatch software
oversee dispatch software systems
manage dispatch software",,released,2022-07-05T14:34:09.904Z,,,"http://data.europa.eu/esco/concept-scheme/skills,
http://data.europa.eu/esco/concept-scheme/member-skills,
http://data.europa.eu/esco/concept-scheme/6c930acd-c104-4ece-acf7-f44fd7333036","Manage dispatch software systems to execute tasks such as work order generation, route planning, and other activities."
7869,KnowledgeSkillCompetence,http://data.europa.eu/esco/skill/8efa6a7a-6556-4cb8-908d-59d3b5c58d2f,knowledge,sector-specific,cloud monitoring and reporting,"cloud monitoring
cloud computing monitoring and reporting
cloud reporting",,released,2022-07-05T14:37:59.932Z,,,"http://data.europa.eu/esco/concept-scheme/skills,
http://data.europa.eu/esco/concept-scheme/member-skills,
http://data.europa.eu/esco/concept-scheme/6c930acd-c104-4ece-acf7-f44fd7333036","The metrics and alarms utilizing cloud monitoring services, in particular performance and availability metrics."
7872,KnowledgeSkillCompetence,http://data.europa.eu/esco/skill/8f113113-aa20-48f7-8da1-ac0051505d03,skill/competence,occupation-specific,analyse milk control test results,"interpreting milk control test results
interpret milk control test results
interpret results of milk control tests
milk control test results interpreting
analysing milk control test results
milk control test results analysing
analyze milk control test results
analysing results of milk control tests
analyse results of milk control tests
interpreting results of milk control tests",,released,2022-07-05T14:34:33.959Z,,,"http://data.europa.eu/esco/concept-scheme/skills,
http://data.europa.eu/esco/concept-scheme/member-skills,
http://data.europa.eu/esco/concept-scheme/6c930acd-c104-4ece-acf7-f44fd7333036",Analyse and document milk control test results in relation to professional standards and business requirements. Efficiently use milk testing software and interpret the results.
7879,KnowledgeSkillCompetence,http://data.europa.eu/esco/skill/8f32e02a-9290-47ab-ad28-6567bfc2f17a,skill/competence,sector-specific,design process for blockchain-based systems,"design of a blockchain-based system
design process for blockchain technology
design process for blockchain application architecture",,released,2023-11-29T16:31:44.896Z,,,"http://data.europa.eu/esco/concept-scheme/skills,
http://data.europa.eu/esco/concept-scheme/member-skills,
http://data.europa.eu/esco/concept-scheme/6c930acd-c104-4ece-acf7-f44fd7333036","Design processes for blockchain-based systems which involves the clear identification of problems to be solved through blockchain, specifying the business requirements, identifying a consensus mechanism, choosing the most suitable blockchain platform, designing the blockchain nodes, planning the blockchain configuration, building blockchain APIs, designing user interfaces, and integrating accelerators for optimization."
7892,KnowledgeSkillCompetence,http://data.europa.eu/esco/skill/8f6ed69b-29d0-4c01-81ba-f05920a185f3,knowledge,occupation-specific,digital curation,digital research curation,,released,2023-11-29T16:25:12.512Z,,,"http://data.europa.eu/esco/concept-scheme/skills,
http://data.europa.eu/esco/concept-scheme/member-skills,
http://data.europa.eu/esco/concept-scheme/6c930acd-c104-4ece-acf7-f44fd7333036","The field that deals with maintaining, preserving and adding value to digital research."
7895,KnowledgeSkillCompetence,http://data.europa.eu/esco/skill/8f849584-2326-4e7b-9a3e-d40d7cdb729f,skill/competence,occupation-specific,operate train integrated electronic control centre,"operate railway integrated electronic control centre
conduct integrated electronic control centre activities
execute integrated electronic control centre operations
operate rail integrated electronic control centre
undertake integrated electronic control centre operations
perform integrated electronic control centre operations
operate train electronic integrated control centre
operate integrated electronic centres for railways
operate train integrated electronic control center
operate integrated electronic control centres for trains
carry out integrated electronic control centre operations",,released,2022-07-05T14:38:14.433Z,,,"http://data.europa.eu/esco/concept-scheme/skills,
http://data.europa.eu/esco/concept-scheme/member-skills,
http://data.europa.eu/esco/concept-scheme/6c930acd-c104-4ece-acf7-f44fd7333036",Operate integrated electronic control centres where signallers apply modern-day technological operating systems and equipment to control train progression over long stretches of railway track.
7905,KnowledgeSkillCompetence,http://data.europa.eu/esco/skill/8fa510d0-a8a6-4932-a361-00f8442cfe23,knowledge,sector-specific,Wireshark,Wireshark tool,,released,2025-06-25T08:20:05.218Z,,,"http://data.europa.eu/esco/concept-scheme/skills,
http://data.europa.eu/esco/concept-scheme/member-skills,
http://data.europa.eu/esco/concept-scheme/6c930acd-c104-4ece-acf7-f44fd7333036","The Wireshark tool is a penetration testing tool which evaluates security weaknesses, analysing network protocols through deep protocol inspection, live capture, display filters, offline analysis, VoIP analysis, protocol decryption."
7908,KnowledgeSkillCompetence,http://data.europa.eu/esco/skill/8fa840f7-e66a-4370-8e6d-7d554260c31c,skill/competence,sector-specific,forecast future ICT network needs,"foresee future ICT network demands
estimate future ICT network needs",,released,2025-06-25T12:15:04.406Z,,,"http://data.europa.eu/esco/concept-scheme/skills,
http://data.europa.eu/esco/concept-scheme/member-skills,
http://data.europa.eu/esco/concept-scheme/6c930acd-c104-4ece-acf7-f44fd7333036",Identify current data traffic and estimate how growth will affect the ICT network.
7911,KnowledgeSkillCompetence,http://data.europa.eu/esco/skill/8fb72af6-c2a9-4b12-aaf0-f5dbd4a9db9e,skill/competence,occupation-specific,interpret graphical recordings of rail-flaw-detection machine,"interpret rail-flaw-detection machine interface
detect faults in rails through interpretation of graphical recordings of rail-flaw-detection machines
analyse graphical presentations produced by rail-flaw-detection machine
interpret graphical interface of rail-flaw-detection machine
use graphical recordings produced by rail-flaw-detection machines to identify faults
interpret rail-flaw-detection machine recordings
interpret rail-flaw-detection machine graphical interface
interpret rail-flaw-detection machine graphical recordings
comprehend and analyse rail-flaw-detection machine graphical recordings
detect faults through analysis of rail-flaw-detection machine recordings",,released,2024-02-09T17:29:10.678Z,,,"http://data.europa.eu/esco/concept-scheme/skills,
http://data.europa.eu/esco/concept-scheme/member-skills,
http://data.europa.eu/esco/concept-scheme/6c930acd-c104-4ece-acf7-f44fd7333036","Read, analyse and interpret the graphical recordings issued by the rail-flaw-detection machine in order to detect errors or flaws in rails."
7922,KnowledgeSkillCompetence,http://data.europa.eu/esco/skill/8ff015a0-98ea-4d80-a23e-1f68110a919e,knowledge,sector-specific,software design methodologies,"software design approaches
software design techniques",,released,2025-06-25T08:20:05.218Z,,,"http://data.europa.eu/esco/concept-scheme/skills,
http://data.europa.eu/esco/concept-scheme/member-skills,
http://data.europa.eu/esco/concept-scheme/6c930acd-c104-4ece-acf7-f44fd7333036","The methodologies such as Scrum, V-model and Waterfall to design software systems and applications."
7923,KnowledgeSkillCompetence,http://data.europa.eu/esco/skill/8ff314a8-57d7-4b8c-bf41-79f9572fedd0,skill/competence,sector-specific,use digital illustration techniques,"use techniques for digital illustration
use digital illustration programmes
illustrate drawings digitally
use digital technique illustrations",,released,2024-02-09T17:29:13.7Z,,,"http://data.europa.eu/esco/concept-scheme/skills,
http://data.europa.eu/esco/concept-scheme/member-skills,
http://data.europa.eu/esco/concept-scheme/6c930acd-c104-4ece-acf7-f44fd7333036",Create drawings using digital illustration programmes and techniques.
7930,KnowledgeSkillCompetence,http://data.europa.eu/esco/skill/90227e81-a1f1-47ae-8e8a-453fb5661f08,skill/competence,sector-specific,use 3D scanners for clothing,"utilise 3D body scanners for clothing
operate 3D body scanners for clothing
use 3D body scanners for garments
use 3D body scanners for wearing apparel
employ body scanners for clothing
use 3D body scanners applied to clothing",,released,2024-02-09T17:29:14.494Z,"It can be used for e-commerce purpose, e-tailoring and bespoke tailoriing.",,"http://data.europa.eu/esco/concept-scheme/skills,
http://data.europa.eu/esco/concept-scheme/member-skills,
http://data.europa.eu/esco/concept-scheme/6c930acd-c104-4ece-acf7-f44fd7333036",Use different 3D body scanners and softwares to capture the shape and size of the human body in order to produce 3D body model for the creation of avatars and mannequins.
7933,KnowledgeSkillCompetence,http://data.europa.eu/esco/skill/902fb91c-3113-4004-9b4f-79aa86b638b7,knowledge,sector-specific,web application security threats,"open web application security project
OWASP",,released,2024-02-09T17:29:14.494Z,,,"http://data.europa.eu/esco/concept-scheme/skills,
http://data.europa.eu/esco/concept-scheme/member-skills,
http://data.europa.eu/esco/concept-scheme/6c930acd-c104-4ece-acf7-f44fd7333036","The attacks, vectors, emergent threats on websites, web applications and web services, the rankings of their severity identified by dedicated communities such as OWASP."
7935,KnowledgeSkillCompetence,http://data.europa.eu/esco/skill/9035afc4-5317-455d-ab60-f32e2ecc6bfc,knowledge,sector-specific,blockchain platforms,"blockchain ecosystems
blockchain infrastructures","Corda
Hyperledger
Ripple
Ethereum
openLedger
openChain",released,2024-03-01T09:51:41.817Z,,,"http://data.europa.eu/esco/concept-scheme/skills,
http://data.europa.eu/esco/concept-scheme/member-skills,
http://data.europa.eu/esco/concept-scheme/6c930acd-c104-4ece-acf7-f44fd7333036","The different integrated infrastructures, each with their own characteristics, that allow the development of blockchain applications. Examples are multichain, ehtereum, hyperledger, corda, ripple, openchain, etc."
7944,KnowledgeSkillCompetence,http://data.europa.eu/esco/skill/906323f4-00c4-4c3b-ab5a-8af77be3456e,skill/competence,cross-sector,create data sets,"data set creation
establish data sets
create a data set
produce data sets
design data sets
develop data sets
creating data sets",,released,2024-02-09T17:29:16.725Z,,,"http://data.europa.eu/esco/concept-scheme/skills,
http://data.europa.eu/esco/concept-scheme/member-skills,
http://data.europa.eu/esco/concept-scheme/6c930acd-c104-4ece-acf7-f44fd7333036",Generate a collection of new or existing related data sets that are made up out of separate elements but can be manipulated as one unit.
7948,KnowledgeSkillCompetence,http://data.europa.eu/esco/skill/906ef09c-959c-42de-8c65-6e11c73c3570,skill/competence,sector-specific,perform computer analyses of geotechnical structures,"utilise a computer to analyse geotechnical structures
assess geotechnical structures through use of a computer
conduct computer-aided evaluations of geotechnical structures
carry out computer analyses of geotechnical structures
undertake computer-aided evaluations of geotechnical structures
assess geotechnical structures with a computer
undertake computer analysis of geotechnical structures
conduct computer analysis of geotechnical structures
conduct computer analyses of geotechnical structures
perform computer analyzes of geotechnical structures
carry out computer analysis of geotechnical structures
perform computer analysis of geotechnical structures",,released,2022-07-05T14:34:33.959Z,,,"http://data.europa.eu/esco/concept-scheme/skills,
http://data.europa.eu/esco/concept-scheme/member-skills,
http://data.europa.eu/esco/concept-scheme/6c930acd-c104-4ece-acf7-f44fd7333036",Use specialised digital databases and perform computer-aided analyses of geotechnical structures.
7968,KnowledgeSkillCompetence,http://data.europa.eu/esco/skill/90be83d9-56f1-46a4-a6bc-96c51f6c9025,skill/competence,sector-specific,acquire system component,"procure system component
obtain system component",,released,2025-06-25T12:15:04.406Z,,,"http://data.europa.eu/esco/concept-scheme/skills,
http://data.europa.eu/esco/concept-scheme/member-skills,
http://data.europa.eu/esco/concept-scheme/6c930acd-c104-4ece-acf7-f44fd7333036","Obtain hardware, software or network components which match other system components in order to expand it and perform necessary tasks."
7984,KnowledgeSkillCompetence,http://data.europa.eu/esco/skill/90f9dc0c-f9c0-45a7-9fb4-20a7e4ca4632,knowledge,occupation-specific,airspace system block upgrades,"ASBU
improvements to ATM system functionality
Airspace System Block Upgrades",,released,2024-02-09T17:29:15.968Z,,,"http://data.europa.eu/esco/concept-scheme/skills,
http://data.europa.eu/esco/concept-scheme/member-skills,
http://data.europa.eu/esco/concept-scheme/6c930acd-c104-4ece-acf7-f44fd7333036",An Airspace System Block Upgrade (ASBU) designates a set of measures that can be implemented to improve the functionality of the ATM system.
7999,KnowledgeSkillCompetence,http://data.europa.eu/esco/skill/9136cbf1-7916-4f1c-bc9a-0318ee1d6016,knowledge,sector-specific,human-computer interaction,HCI,,released,2024-02-09T17:29:09.009Z,,,"http://data.europa.eu/esco/concept-scheme/skills,
http://data.europa.eu/esco/concept-scheme/member-skills,
http://data.europa.eu/esco/concept-scheme/6c930acd-c104-4ece-acf7-f44fd7333036",The study of the behaviour and interaction between digital devices and human beings.
8001,KnowledgeSkillCompetence,http://data.europa.eu/esco/skill/913e4f09-6b22-4f36-9a32-b4508ec824fe,skill/competence,occupation-specific,maintain projection equipment,"maintaining projection equipment
fix projection equipment
conserve projection equipment
safeguard projection equipment
maintain projecting equipment
protect projection equipment",,released,2024-02-09T17:29:14.494Z,,,"http://data.europa.eu/esco/concept-scheme/skills,
http://data.europa.eu/esco/concept-scheme/member-skills,
http://data.europa.eu/esco/concept-scheme/6c930acd-c104-4ece-acf7-f44fd7333036","Maintain, test and repair the projection equipment to safeguard the quality of the images and sound."
8002,KnowledgeSkillCompetence,http://data.europa.eu/esco/skill/913e7e83-b8f8-4574-b1ca-1b38f3fd974a,skill/competence,sector-specific,execute software tests,"test application
test programs",,released,2024-02-09T17:29:12.215Z,,,"http://data.europa.eu/esco/concept-scheme/skills,
http://data.europa.eu/esco/concept-scheme/member-skills,
http://data.europa.eu/esco/concept-scheme/6c930acd-c104-4ece-acf7-f44fd7333036","Perform tests to ensure that a software product will perform flawlessly under the specified customer requirements and identify software defects (bugs) and malfunctions, using specialised software tools and testing techniques."
8008,KnowledgeSkillCompetence,http://data.europa.eu/esco/skill/9156104b-9bcb-4c22-aaa8-02e3e990ebc7,knowledge,sector-specific,maritime telecommunications,"naval telecommunications
operation of maritime telecommunications systems
equipment and systems used in maritime telecommunications
systems of maritime telecommunications
marine telecommunications
systems and equipment used in maritime telecommunications
operation of marine telecommunications systems
maritime telecommunications operations
operations in maritime telecommunications
principles of maritime telecommunications
maritime telecommunications principles
systems of marine telecommunications",,released,2024-02-09T17:29:09.851Z,,,"http://data.europa.eu/esco/concept-scheme/skills,
http://data.europa.eu/esco/concept-scheme/member-skills,
http://data.europa.eu/esco/concept-scheme/6c930acd-c104-4ece-acf7-f44fd7333036","Knowledge of transmission, broadcasting equipment and overall operation of telecommunications systems."
8024,KnowledgeSkillCompetence,http://data.europa.eu/esco/skill/9190d87f-9792-42e0-bb7f-64294a656bcd,skill/competence,sector-specific,monitor system performance,system logging,,released,2024-02-09T17:29:09.009Z,,,"http://data.europa.eu/esco/concept-scheme/skills,
http://data.europa.eu/esco/concept-scheme/member-skills,
http://data.europa.eu/esco/concept-scheme/6c930acd-c104-4ece-acf7-f44fd7333036","Measure system reliability and performance before, during and after component integration and during system operation and maintenance. Select and use performance monitoring tools and techniques, such as special software."
8030,KnowledgeSkillCompetence,http://data.europa.eu/esco/skill/91aade3a-9427-4e80-998b-29492dcb9ffd,skill/competence,sector-specific,use reservoir surveillance,"using reservoir surveillance
use of reservoir surveillance
monitor well and reservoir
reservoir surveillance use
well and reservoir monitoring
using of reservoir surveillance
monitoring of well and reservoir
monitoring well and reservoir",,released,2024-02-09T17:29:14.494Z,,,"http://data.europa.eu/esco/concept-scheme/skills,
http://data.europa.eu/esco/concept-scheme/member-skills,
http://data.europa.eu/esco/concept-scheme/6c930acd-c104-4ece-acf7-f44fd7333036",Understand and operate well and reservoir surveillance system and remote sensing technology; monitor the reservoir level and decide on engineering interventions if necessary.
8032,KnowledgeSkillCompetence,http://data.europa.eu/esco/skill/91ba97f5-7518-4638-b2d2-308996db3cf8,skill/competence,cross-sector,perform image editing,"implement image editing
image editing performance
complete image editing
undertake image editing
performing image editing",,released,2024-02-09T17:29:15.968Z,,,"http://data.europa.eu/esco/concept-scheme/skills,
http://data.europa.eu/esco/concept-scheme/member-skills,
http://data.europa.eu/esco/concept-scheme/6c930acd-c104-4ece-acf7-f44fd7333036",Edit various types of images such as analogue and digital photographs or illustrations.
8057,KnowledgeSkillCompetence,http://data.europa.eu/esco/skill/925463a7-d51f-4d5b-9f79-4d28cf30acde,knowledge,sector-specific,integrated development environment software,"Zeus IDE
Borland C++ Builder
CodeForge
Dev-C++
DialogBlocks
CodeLite
Anjuta
Philasmicos Entwickler Studio
SPE
NetBeans
MinGW Developer Studio
wxHatch
IDE
Code::Blocks","Zeus IDE
Dev-C++
NetBeans
Android Studio
CodeLite
RStudio
Visual Studio Code
IntelliJ IDEA
Anjuta
wxHatch
LabVIEW
Code::Blocks
Borland C++ Builder
SPE
CodeForge
Philasmicos Entwickler Studio
VisualWX
DialogBlocks
MinGW Developer Studio",released,2025-02-27T12:45:08.961Z,,,"http://data.europa.eu/esco/concept-scheme/skills,
http://data.europa.eu/esco/concept-scheme/member-skills,
http://data.europa.eu/esco/concept-scheme/6c930acd-c104-4ece-acf7-f44fd7333036","The suite of software development tools for writing programs, such as compiler, debugger, code editor, code highlights, packaged in a unified user interface, such as Visual Studio or Eclipse."
8069,KnowledgeSkillCompetence,http://data.europa.eu/esco/skill/9295d1c5-8d7d-423e-a6ce-dfbc1d991f88,skill/competence,cross-sector,apply digital mapping,"engage in digital mapping
employ digital mapping
use digital mapping
applying digital mapping",,released,2024-02-09T17:29:12.952Z,,,"http://data.europa.eu/esco/concept-scheme/skills,
http://data.europa.eu/esco/concept-scheme/member-skills,
http://data.europa.eu/esco/concept-scheme/6c930acd-c104-4ece-acf7-f44fd7333036",Make maps by formatting compiled data into a virtual image that gives a precise representation of a specific area.
8091,KnowledgeSkillCompetence,http://data.europa.eu/esco/skill/930c5458-9b5d-4438-bef6-fc69c2c08548,skill/competence,sector-specific,oversee aircraft sensor and recording systems,"supervise flight systems installation
ensure the quality of flight systems installation
ensure the quality of installation of flight systems
monitor installation of aircraft systems
monitor installation of flight systems
ensure the quality of aircraft systems installation",,released,2024-02-09T17:29:14.494Z,,,"http://data.europa.eu/esco/concept-scheme/skills,
http://data.europa.eu/esco/concept-scheme/member-skills,
http://data.europa.eu/esco/concept-scheme/6c930acd-c104-4ece-acf7-f44fd7333036",Supervise the installation of the aircraft sensors and recording systems during the flight tests to ensure that they meet required data paramaters.
8108,KnowledgeSkillCompetence,http://data.europa.eu/esco/skill/933efc5f-a797-4581-8a8b-c08956ff7d58,knowledge,sector-specific,Grovo,Grovo e-learning platform,,released,2025-06-25T08:20:05.218Z,,,"http://data.europa.eu/esco/concept-scheme/skills,
http://data.europa.eu/esco/concept-scheme/member-skills,
http://data.europa.eu/esco/concept-scheme/6c930acd-c104-4ece-acf7-f44fd7333036","The learning management system Grovo is an e-learning platform for creating, administrating, arranging, reporting and delivering e-learning education courses or training programs."
8131,KnowledgeSkillCompetence,http://data.europa.eu/esco/skill/93a2f730-d5f6-4604-a25e-a2ee206ea468,skill/competence,occupation-specific,provide training on e-learning,train the e-trainer,,released,2024-02-09T17:29:15.235Z,,,"http://data.europa.eu/esco/concept-scheme/skills,
http://data.europa.eu/esco/concept-scheme/member-skills,
http://data.europa.eu/esco/concept-scheme/6c930acd-c104-4ece-acf7-f44fd7333036","Give technical training including how to use an e-learning platform, training applications and standards such as SCORM, as well as e-teaching methods to the teacher or trainer."
8134,KnowledgeSkillCompetence,http://data.europa.eu/esco/skill/93aaf65c-5aad-4e6f-a7ba-ce9bf7c0e6e6,knowledge,sector-specific,information categorisation,"design of information structures
information classification",,released,2025-06-25T08:20:05.218Z,,,"http://data.europa.eu/esco/concept-scheme/skills,
http://data.europa.eu/esco/concept-scheme/member-skills,
http://data.europa.eu/esco/concept-scheme/6c930acd-c104-4ece-acf7-f44fd7333036",The process of classifying the information into categories and showing relationships between the data for some clearly defined purposes.
8135,KnowledgeSkillCompetence,http://data.europa.eu/esco/skill/93b22bbf-ece1-4e2d-8d47-0c9392c5a4fd,skill/competence,cross-sector,develop blockchain technology,"incorporate blockchain technology
integrate blockchain technology",,released,2023-11-29T16:35:35.896Z,,,"http://data.europa.eu/esco/concept-scheme/skills,
http://data.europa.eu/esco/concept-scheme/member-skills,
http://data.europa.eu/esco/concept-scheme/6c930acd-c104-4ece-acf7-f44fd7333036","Develop and integrate blockchain technology in new or existing ICT infrastructures, and understand the key challenges and solution approaches to this integration."
8143,KnowledgeSkillCompetence,http://data.europa.eu/esco/skill/93e65de1-923c-437e-aa5b-e6002967ce71,knowledge,sector-specific,web based collaborative platforms,"digital collaboration tools
online collaborative tools",Microsoft SharePoint Server,released,2023-11-29T16:30:21.845Z,,,"http://data.europa.eu/esco/concept-scheme/skills,
http://data.europa.eu/esco/concept-scheme/member-skills,
http://data.europa.eu/esco/concept-scheme/6c930acd-c104-4ece-acf7-f44fd7333036",Online tools which facilitate communication and collaboration among Internet users in real time. Platforms with a range of functionalities created to facilitate organisational team work or promote productive workflow among other features.
8167,KnowledgeSkillCompetence,http://data.europa.eu/esco/skill/945b8655-5577-4c3a-946a-842d4527afa8,knowledge,cross-sector,digital image processing,"digital image processing practices
digital image manipulation
aliasing for digital image processing
image interpolation for digital image processing
digital image manipulation aspects",,released,2024-02-26T08:04:34.026Z,,,"http://data.europa.eu/esco/concept-scheme/skills,
http://data.europa.eu/esco/concept-scheme/member-skills,
http://data.europa.eu/esco/concept-scheme/6c930acd-c104-4ece-acf7-f44fd7333036","The different aspects and practices of image processing and manipulation like image interpolation, aliasing, image enhancement, contrast stretching, histogram processing and equalization, singular value decomposition, singular value equalization, wavelets filtering and many others."
8173,KnowledgeSkillCompetence,http://data.europa.eu/esco/skill/94758266-bb0f-4e41-bedb-349ecacfaf5c,skill/competence,occupation-specific,create freight rate databases,"develop and maintain databases of freight rates
keep and update databases of freight rates
maintain databases of cargo rates
keep and update freight rate databases
develop and maintain freight rate databases
maintain databases of freight rates
maintain cargo rate databases
keep databases of cargo rates
keep databases of freight rates
keep freight rate databases
update databases of freight rates",,released,2024-02-09T17:29:10.678Z,,,"http://data.europa.eu/esco/concept-scheme/skills,
http://data.europa.eu/esco/concept-scheme/member-skills,
http://data.europa.eu/esco/concept-scheme/6c930acd-c104-4ece-acf7-f44fd7333036",Develop and maintain freight rate databases for use by supply chain departments in order to determine and adopt the most cost-efficient modes of transportation.
8207,KnowledgeSkillCompetence,http://data.europa.eu/esco/skill/94dd823c-148e-4614-a6e8-99249b16357d,knowledge,sector-specific,ICT project management,management of IT related projects,,released,2025-06-25T08:20:05.218Z,,,"http://data.europa.eu/esco/concept-scheme/skills,
http://data.europa.eu/esco/concept-scheme/member-skills,
http://data.europa.eu/esco/concept-scheme/6c930acd-c104-4ece-acf7-f44fd7333036","The methodologies for the planning, implementation, review and follow-up of ICT projects, such as the development, integration, modification and sales of ICT products and services, as well as projects relating technological innovation in the field of ICT."
8223,KnowledgeSkillCompetence,http://data.europa.eu/esco/skill/95324ac5-69a5-419b-a877-720b1ee44236,skill/competence,occupation-specific,research remote sensing technologies,"researching remote sensing technologies
study remote sensing technologies
remote sensing technology research
analyse remote sensing technologies
examine remote sensing technologies
evaluate remote sensing technologies",,released,2024-02-09T17:29:15.968Z,,,"http://data.europa.eu/esco/concept-scheme/skills,
http://data.europa.eu/esco/concept-scheme/member-skills,
http://data.europa.eu/esco/concept-scheme/6c930acd-c104-4ece-acf7-f44fd7333036",Perform research in order to develop new remote sensing techniques and equipment.
8256,KnowledgeSkillCompetence,http://data.europa.eu/esco/skill/95c35c3a-035f-47c2-90cf-7e934d20fc08,knowledge,cross-sector,electronics,"electronic devices
electronic components
functioning of electronics
functions of electronic systems
electronic equipment
principles of electronic systems
electronic systems
aspects of electronics
characteristics of electronic systems
features of electronics
electronic apparatus
characteristics of electronic equipment",,released,2023-03-28T14:38:05.583Z,,,"http://data.europa.eu/esco/concept-scheme/skills,
http://data.europa.eu/esco/concept-scheme/member-skills,
http://data.europa.eu/esco/concept-scheme/6c930acd-c104-4ece-acf7-f44fd7333036","The functioning of electronic circuit boards, processors, chips, and computer hardware and software, including programming and applications."
8260,KnowledgeSkillCompetence,http://data.europa.eu/esco/skill/95d84b77-ba94-492f-a1e6-18be13f16cf0,skill/competence,cross-sector,use computer-aided translation,"computer-aided translation use
employ computer-aided translation
using computer-aided translation
apply computer-aided translation
operate computer-aided translation",,released,2024-02-09T17:29:15.235Z,,,"http://data.europa.eu/esco/concept-scheme/skills,
http://data.europa.eu/esco/concept-scheme/member-skills,
http://data.europa.eu/esco/concept-scheme/6c930acd-c104-4ece-acf7-f44fd7333036",Operate computer-aided translation (CAT) software to facilitate the language translation processes.
8285,KnowledgeSkillCompetence,http://data.europa.eu/esco/skill/966f2fd3-3de6-42da-b87c-da924c6d7960,knowledge,sector-specific,digital game creation systems,"3D engine
Nebula Device
Onyx Engine
M.U.G.E.N
PhyreEngine
Flixel
K2 Engine
Dagor Engine
CPAL3D
3D MMORPG Game Engine
Flare3D
Unigine
TGEA
Infinity Engine
Antiryad Gx
GoldSrc
NeoAxis Engine
Gamebryo
UbiArt Framework
BigWorld
Arsys Engine
flanging
MT Framework
RPG Maker
ShiVa3D
4A Engine
HPL Engine
RuneTek
Dunia Engine
S2Engine HD
video game engine
videogame engine
Panta Rhei
Scimitar
game middleware
Panda3D
Clausewitz Engine
game engine","Nebula Device
Onyx Engine
M.U.G.E.N
PhyreEngine
Flixel
Dagor Engine
3D MMORPG Game Engine
Flare3D
Unigine
Infinity Engine
Antiryad Gx
GoldSrc
NeoAxis Engine
Arsys Engine
TGEA
CPAL3D
BigWorld
MT Framework
HPL Engine
Gamebryo
4A Engine
UbiArt Framework
Panda3D
ShiVa3D
RPG Maker
Clausewitz Engine
K2 Engine
S2Engine HD
Panta Rhei
Dunia Engine
RuneTek
Scimitar",released,2025-02-27T12:45:08.961Z,,,"http://data.europa.eu/esco/concept-scheme/skills,
http://data.europa.eu/esco/concept-scheme/member-skills,
http://data.europa.eu/esco/concept-scheme/6c930acd-c104-4ece-acf7-f44fd7333036","The integrated development environments and specialised design tools, designed for the rapid iteration of user-derived computer games."
8315,KnowledgeSkillCompetence,http://data.europa.eu/esco/skill/96eb286a-58b7-45ff-a916-5578d0b79b8c,knowledge,sector-specific,Rapid application development,"Rapid application development model
Rapid application development methodology",,released,2025-06-25T08:20:05.218Z,,,"http://data.europa.eu/esco/concept-scheme/skills,
http://data.europa.eu/esco/concept-scheme/member-skills,
http://data.europa.eu/esco/concept-scheme/6c930acd-c104-4ece-acf7-f44fd7333036",The rapid application development model is a methodology to design software systems and applications.
8318,KnowledgeSkillCompetence,http://data.europa.eu/esco/skill/9707091a-323b-4240-877a-5999a19286f0,skill/competence,sector-specific,apply ICT system usage policies,"administer ICT system usage policies
implement ICT system usage policies
handle ICT system usage policies
follow written laws for ICT system usage
follow ethical standards for ICT system usage",,released,2025-06-25T12:15:04.406Z,,,"http://data.europa.eu/esco/concept-scheme/skills,
http://data.europa.eu/esco/concept-scheme/member-skills,
http://data.europa.eu/esco/concept-scheme/6c930acd-c104-4ece-acf7-f44fd7333036",Follow written and ethical laws and policies regarding proper ICT system usage and administration.
8320,KnowledgeSkillCompetence,http://data.europa.eu/esco/skill/9710092c-f174-4e84-95bf-2064d39ad7a0,skill/competence,cross-sector,manage content metadata,"manage content
manage metadata",,released,2024-02-09T17:29:14.494Z,,,"http://data.europa.eu/esco/concept-scheme/skills,
http://data.europa.eu/esco/concept-scheme/member-skills,
http://data.europa.eu/esco/concept-scheme/6c930acd-c104-4ece-acf7-f44fd7333036","Apply content management methods and procedures to define and use metadata concepts, such as the data of creation, in order to describe, organise and archive content such as documents, video and audio files, applications and images."
8326,KnowledgeSkillCompetence,http://data.europa.eu/esco/skill/97272b3e-d497-4420-893d-612b15d377d9,knowledge,sector-specific,e-agriculture,"smart agriculture
smart farming
agriculture 4.0
information and communication technology in agriculture
digital agriculture",,released,2024-02-28T11:16:02.638Z,,,"http://data.europa.eu/esco/concept-scheme/skills,
http://data.europa.eu/esco/concept-scheme/member-skills,
http://data.europa.eu/esco/concept-scheme/6c930acd-c104-4ece-acf7-f44fd7333036","The design and application of innovative ICT solutions in agriculture, horticulture, viniculture, fishery, forestry and livestock management."
8337,KnowledgeSkillCompetence,http://data.europa.eu/esco/skill/976455eb-5bbe-4493-ae64-ed16c3b009ea,knowledge,sector-specific,mobile operating systems,"Firefox OS
Sailfish OS
Ubuntu Touch OS
Tizen
cell phone operating systems","Firefox OS
Sailfish OS
Tizen
Ubuntu Touch OS",released,2022-07-05T14:34:33.959Z,,,"http://data.europa.eu/esco/concept-scheme/skills,
http://data.europa.eu/esco/concept-scheme/member-skills,
http://data.europa.eu/esco/concept-scheme/6c930acd-c104-4ece-acf7-f44fd7333036","The features, restrictions, architectures and other characteristics of operating systems designed to run on mobile devices, such as Android or iOS."
8349,KnowledgeSkillCompetence,http://data.europa.eu/esco/skill/978db6a1-7297-4c89-819a-47605f2c3ba8,skill/competence,occupation-specific,manage software releases,"approve software release process
analyse and approve software development releases",,released,2025-06-25T08:45:06.159Z,,,"http://data.europa.eu/esco/concept-scheme/skills,
http://data.europa.eu/esco/concept-scheme/member-skills,
http://data.europa.eu/esco/concept-scheme/6c930acd-c104-4ece-acf7-f44fd7333036",Examine and approve suggested software development releases. Manage further release process.
8351,KnowledgeSkillCompetence,http://data.europa.eu/esco/skill/97965983-0da4-4902-9daf-d5cd2693ef73,knowledge,cross-sector,3D modelling,"three-dimensional modelling
3D representation
3D designing
3D graphics
3D modeling
3D rendering",SketchUp,released,2023-07-11T15:24:28.916Z,,,"http://data.europa.eu/esco/concept-scheme/skills,
http://data.europa.eu/esco/concept-scheme/member-skills,
http://data.europa.eu/esco/concept-scheme/6c930acd-c104-4ece-acf7-f44fd7333036",The process of developing a mathematical representation of any three-dimensional surface of an object via specialised software. The product is called a 3D model. It can be displayed as a two-dimensional image through a process called 3D rendering or used in a computer simulation of physical phenomena. The model can also be physically created using 3D printing devices.
8362,KnowledgeSkillCompetence,http://data.europa.eu/esco/skill/97bd1c21-66b2-4b7e-ad0f-e3cda590e378,knowledge,cross-sector,data analytics,data anlysis,,released,2024-02-15T17:28:13.792Z,,,"http://data.europa.eu/esco/concept-scheme/skills,
http://data.europa.eu/esco/concept-scheme/member-skills,
http://data.europa.eu/esco/concept-scheme/6c930acd-c104-4ece-acf7-f44fd7333036",The science of analysing and making decisions based on raw data collected from various sources. Includes knowledge of techniques using algorithms that derive insights or trends from that data to support decision-making processes.
8363,KnowledgeSkillCompetence,http://data.europa.eu/esco/skill/97bdd757-29d4-4126-92a6-07608825aa3b,knowledge,sector-specific,QlikView Expressor,"QV Expressor
QVE",,released,2024-02-09T17:29:09.851Z,,,"http://data.europa.eu/esco/concept-scheme/skills,
http://data.europa.eu/esco/concept-scheme/member-skills,
http://data.europa.eu/esco/concept-scheme/6c930acd-c104-4ece-acf7-f44fd7333036","The computer program QlikView Expressor is a tool for integration of information from multiple applications, created and maintained by organisations, into one consistent and transparent data structure, developed by the software company Qlik."
8377,KnowledgeSkillCompetence,http://data.europa.eu/esco/skill/97fb21db-a4e5-4b03-af21-03b9d510d872,skill/competence,cross-sector,operate GPS systems,"GPS systems using
operate global positioning systems
operating GPS systems
global positioning systems using
operating global positioning systems
GPS systems operating
use GPS systems
use global positioning systems
using global positioning systems
using GPS systems
global positioning systems operating",,released,2024-02-09T17:29:15.235Z,,,"http://data.europa.eu/esco/concept-scheme/skills,
http://data.europa.eu/esco/concept-scheme/member-skills,
http://data.europa.eu/esco/concept-scheme/6c930acd-c104-4ece-acf7-f44fd7333036",Use GPS Systems.
8397,KnowledgeSkillCompetence,http://data.europa.eu/esco/skill/9889b795-d755-41b2-8afd-2e3c87a65a38,skill/competence,cross-sector,use customer relationship management software,"use a customer relationship management software programme
apply customer relationship management software
adopt customer relationship management software
use of customer relationship management software
using customer relationship management software
handle customer relationship management software
operate customer relationship management software",,released,2024-02-09T17:29:10.678Z,,,"http://data.europa.eu/esco/concept-scheme/skills,
http://data.europa.eu/esco/concept-scheme/member-skills,
http://data.europa.eu/esco/concept-scheme/6c930acd-c104-4ece-acf7-f44fd7333036","Use specialised software to manage company’s interactions with current and future customers. Organise, automate and synchronise sales, marketing, customer service, and technical support, to increase targeted sales."
8406,KnowledgeSkillCompetence,http://data.europa.eu/esco/skill/98a1dec3-8138-4f46-a596-5e2a83b884b9,knowledge,sector-specific,business analytics,business data analytics,,released,2023-10-30T09:05:55.056Z,,,"http://data.europa.eu/esco/concept-scheme/skills,
http://data.europa.eu/esco/concept-scheme/member-skills,
http://data.europa.eu/esco/concept-scheme/6c930acd-c104-4ece-acf7-f44fd7333036",The disciplines and technologies for solving business problems through employing quantitative methods such as data analysis and statistical models.
8407,KnowledgeSkillCompetence,http://data.europa.eu/esco/skill/98a57799-0146-4849-a1d2-41021c4b7b8f,knowledge,sector-specific,blockchain applications security principles,"security controls for blockchain applications
blockchain security",,released,2023-11-29T16:33:07.625Z,,,"http://data.europa.eu/esco/concept-scheme/skills,
http://data.europa.eu/esco/concept-scheme/member-skills,
http://data.europa.eu/esco/concept-scheme/6c930acd-c104-4ece-acf7-f44fd7333036","The essential security principles, methods and controls for blockchain applications. Identity and access management, key management, data privacy, secure communication, smart contract security, and transaction endorsement are included as part of these principles."
8434,KnowledgeSkillCompetence,http://data.europa.eu/esco/skill/99207709-d076-4cce-ba38-e90d3bb28806,knowledge,sector-specific,resource description framework query language,"RDF query language
SPARQL",,released,2024-02-09T17:29:15.235Z,,,"http://data.europa.eu/esco/concept-scheme/skills,
http://data.europa.eu/esco/concept-scheme/member-skills,
http://data.europa.eu/esco/concept-scheme/6c930acd-c104-4ece-acf7-f44fd7333036",The query languages such as SPARQL which are used to retrieve and manipulate data stored in Resource Description Framework format (RDF).
8441,KnowledgeSkillCompetence,http://data.europa.eu/esco/skill/993b1e23-f2de-4bd8-b33f-f86dde1c8e9d,knowledge,sector-specific,CoffeeScript,"CoffeeScript coding techniques
CoffeeScript software development techniques
CoffeeScript programming paradigms
CoffeeScript software development principles
CoffeeScript algorithms",,released,2025-06-25T08:20:05.218Z,,,"http://data.europa.eu/esco/concept-scheme/skills,
http://data.europa.eu/esco/concept-scheme/member-skills,
http://data.europa.eu/esco/concept-scheme/6c930acd-c104-4ece-acf7-f44fd7333036","The techniques and principles of software development, such as analysis, algorithms, coding, testing and compiling of programming paradigms in CoffeeScript."
8452,KnowledgeSkillCompetence,http://data.europa.eu/esco/skill/9973a5a2-7822-4161-99e9-95c781eb63f8,knowledge,sector-specific,Objective-C,Objective C,"ObjC
Objective C
Objective-C 2.0
ObjectiveC
Obj-c
Smalltalk and C
Objective C plus plus
Objc
Objective c
Objective-c
C and Smalltalk
Obj C
Object C
Objective-C++",released,2023-06-09T15:53:11.999Z,,,"http://data.europa.eu/esco/concept-scheme/skills,
http://data.europa.eu/esco/concept-scheme/member-skills,
http://data.europa.eu/esco/concept-scheme/6c930acd-c104-4ece-acf7-f44fd7333036","The techniques and principles of software development, such as analysis, algorithms, coding, testing and compiling of programming paradigms in Objective-C."
8455,KnowledgeSkillCompetence,http://data.europa.eu/esco/skill/99814cb0-5f6c-4663-99a4-af28b11d5d2f,knowledge,occupation-specific,healthcare data systems,"healthcare data system
healthcare data system types
types of healthcare data systems
health care data systems
healthcare user data management",,released,2024-02-09T17:29:16.725Z,,,"http://data.europa.eu/esco/concept-scheme/skills,
http://data.europa.eu/esco/concept-scheme/member-skills,
http://data.europa.eu/esco/concept-scheme/6c930acd-c104-4ece-acf7-f44fd7333036",The types of systems that manage and maintain healthcare user data.
8456,KnowledgeSkillCompetence,http://data.europa.eu/esco/skill/9983816d-cc78-4d3f-9e3c-c7baa9ebc77a,knowledge,sector-specific,computer equipment,"computer apparatus
computer machinery
computer machines
computing equipment
computer devices",,released,2025-04-16T11:51:20.077Z,,,"http://data.europa.eu/esco/concept-scheme/skills,
http://data.europa.eu/esco/concept-scheme/member-skills,
http://data.europa.eu/esco/concept-scheme/6c930acd-c104-4ece-acf7-f44fd7333036","The offered computers, computer peripheral equipment and software products, their functionalities, properties and legal and regulatory requirements."
8492,KnowledgeSkillCompetence,http://data.europa.eu/esco/skill/9a35cb50-8106-45f9-8aba-2df99dd6f913,knowledge,sector-specific,ABBYY FineReader,"ABBYY FineReader PDF software
OCR software",,released,2025-06-25T08:20:05.218Z,,,"http://data.europa.eu/esco/concept-scheme/skills,
http://data.europa.eu/esco/concept-scheme/member-skills,
http://data.europa.eu/esco/concept-scheme/6c930acd-c104-4ece-acf7-f44fd7333036","The computer program ABBYY FineReader is software that electronically converts printed and typed images into machine-encoded text so that documents can be electronically stored, edited and digitally displayed."
8510,KnowledgeSkillCompetence,http://data.europa.eu/esco/skill/9a8f5432-fb04-498d-9ba4-a4e1444ff056,skill/competence,sector-specific,record multi-track sound,"record sounds on multi-track
record audio on a multi-track
record multi-track audio
record a multi-track sound",,released,2024-02-09T17:29:11.47Z,,,"http://data.europa.eu/esco/concept-scheme/skills,
http://data.europa.eu/esco/concept-scheme/member-skills,
http://data.europa.eu/esco/concept-scheme/6c930acd-c104-4ece-acf7-f44fd7333036",Recording and mixing audio signals from different sound sources on a multi-track recorder.
8519,KnowledgeSkillCompetence,http://data.europa.eu/esco/skill/9ab0a456-e4f6-4070-a360-46e1009b6c0d,skill/competence,sector-specific,use CAE software,"utilise CAE software
make use of CAE software
use computer-aided engineering software
manage CAE software
work with CAE software
use CAE softwares
apply computer-aided engineering software
be familiar with CAE software
employ CAE software",,released,2024-02-09T17:29:12.215Z,,,"http://data.europa.eu/esco/concept-scheme/skills,
http://data.europa.eu/esco/concept-scheme/member-skills,
http://data.europa.eu/esco/concept-scheme/6c930acd-c104-4ece-acf7-f44fd7333036",Work with computer-aided engineering (CAE) tools to perform analysis tasks such as Finite Element Analysis and Computational Fluid Dynamics.
8541,KnowledgeSkillCompetence,http://data.europa.eu/esco/skill/9b30c8fd-6467-4d16-99e0-32899a9ceec0,skill/competence,cross-sector,lay out digital written content,"paginate digital written content
format digital written content
laying out digital written content
lay out digital written contents",,released,2024-02-09T17:29:16.725Z,,,"http://data.europa.eu/esco/concept-scheme/skills,
http://data.europa.eu/esco/concept-scheme/member-skills,
http://data.europa.eu/esco/concept-scheme/6c930acd-c104-4ece-acf7-f44fd7333036","Lay out pages by selecting sizes, styles and entering text and graphics into computer systems."
8570,KnowledgeSkillCompetence,http://data.europa.eu/esco/skill/9b9de2a4-d8af-4a7b-933a-a8334ae60067,knowledge,sector-specific,JavaScript Framework,,"JQuery
React
Vue.js
Angular",released,2025-02-27T12:45:08.961Z,,,"http://data.europa.eu/esco/concept-scheme/skills,
http://data.europa.eu/esco/concept-scheme/member-skills,
http://data.europa.eu/esco/concept-scheme/6c930acd-c104-4ece-acf7-f44fd7333036","The JavaScript software development environments which provide specific features and components ( such as HTML generation tools, Canvas support or Visual design) that support and guide JavaScript web applications development."
8573,KnowledgeSkillCompetence,http://data.europa.eu/esco/skill/9ba355be-f119-42b6-a7d6-52f6ce2e4a3f,skill/competence,cross-sector,design circuits using CAD,"using CAD to design circuits
use CAD to design circuits
CAD circuit design
designing of circuits using CAD
design basic circuits using CAD
design circuits using computer assisted design software
designing circuits using CAD
circuit design using CAD
use CAD software for circuit design",,released,2024-02-09T17:29:12.215Z,,,"http://data.europa.eu/esco/concept-scheme/skills,
http://data.europa.eu/esco/concept-scheme/member-skills,
http://data.europa.eu/esco/concept-scheme/6c930acd-c104-4ece-acf7-f44fd7333036",Draught sketches and design electronic circuitry; utilise Computer Aided Design (CAD) software and equipment.
8574,KnowledgeSkillCompetence,http://data.europa.eu/esco/skill/9ba8fd27-275d-4bad-8c48-f668aa99a578,skill/competence,sector-specific,balance database resources,stabilise database resources,,released,2025-06-25T12:15:04.406Z,,,"http://data.europa.eu/esco/concept-scheme/skills,
http://data.europa.eu/esco/concept-scheme/member-skills,
http://data.europa.eu/esco/concept-scheme/6c930acd-c104-4ece-acf7-f44fd7333036","Stabilise the workload and resources of a database, by controlling the demand of transactions, allocating disk spaces and ensuring reliability of the servers in order to optimise cost and risk ratio."
8580,KnowledgeSkillCompetence,http://data.europa.eu/esco/skill/9bb7a97a-1a16-431e-8ea6-ad0f9f59aa0a,knowledge,occupation-specific,control objectives for information and related technology,COBIT,,released,2024-02-09T17:29:09.851Z,,,"http://data.europa.eu/esco/concept-scheme/skills,
http://data.europa.eu/esco/concept-scheme/member-skills,
http://data.europa.eu/esco/concept-scheme/6c930acd-c104-4ece-acf7-f44fd7333036","The risk and controls framework such as Control Objectives for Information and Related Technology (COBIT), which supports decision makers to resolve the gap between business risks, requirements and technical issues."
8585,KnowledgeSkillCompetence,http://data.europa.eu/esco/skill/9bc3b9ae-50d8-4a32-857e-8cf8d9b4ba8e,knowledge,sector-specific,3D body scanning technologies,"technologies for 3D body scanning
technologies for body scanning
3D body scan technologies
3D body scan",,released,2024-02-09T17:29:12.952Z,,,"http://data.europa.eu/esco/concept-scheme/skills,
http://data.europa.eu/esco/concept-scheme/member-skills,
http://data.europa.eu/esco/concept-scheme/6c930acd-c104-4ece-acf7-f44fd7333036",The principles and usage of technologies for 3D body scanning used to capture the size and shape of the human body.
8599,KnowledgeSkillCompetence,http://data.europa.eu/esco/skill/9bfae677-2b7f-49bf-b7eb-2ade795df734,skill/competence,sector-specific,prepare digital art for master photograph,"digital art preparation for master copy
produce photograph master of digital art
produce digital art for master copy
produce digital art for master photograph
prepare and photograph digital art
prepare digital art for master copy
digital art preparation for master photograph",,released,2024-02-09T17:29:11.47Z,,,"http://data.europa.eu/esco/concept-scheme/skills,
http://data.europa.eu/esco/concept-scheme/member-skills,
http://data.europa.eu/esco/concept-scheme/6c930acd-c104-4ece-acf7-f44fd7333036","Assemble, typeset, scan and produce digital art ready to be photographed as a master copy."
8615,KnowledgeSkillCompetence,http://data.europa.eu/esco/skill/9c48a5cc-d4a5-4cef-93f7-504902f35319,knowledge,sector-specific,id Tech,id Tech software,"id Tech 4
id Tech 6
id Tech 3
id Tech 5
id Tech 1
id Tech 2",released,2023-06-08T15:17:08.16Z,,,"http://data.europa.eu/esco/concept-scheme/skills,
http://data.europa.eu/esco/concept-scheme/member-skills,
http://data.europa.eu/esco/concept-scheme/6c930acd-c104-4ece-acf7-f44fd7333036","The game engine id Tech which is a software framework that consists of integrated development environments and specialised design tools, designed for the rapid iteration of user-derived computer games."
8624,KnowledgeSkillCompetence,http://data.europa.eu/esco/skill/9c6e951f-aa88-4890-983d-e7a6ee49f5bb,skill/competence,cross-sector,plan marketing campaigns,"planning marketing campaigns
planning a marketing campaign
implement marketing campaign
set up marketing campaign
timetable marketing campaign
arrange marketing campaign
plan marketing campaign
plan a marketing campaign",,released,2022-07-05T14:38:14.433Z,,,"http://data.europa.eu/esco/concept-scheme/skills,
http://data.europa.eu/esco/concept-scheme/member-skills,
http://data.europa.eu/esco/concept-scheme/6c930acd-c104-4ece-acf7-f44fd7333036","Develop a method to promote a product through different channels, such as television, radio, print and online platforms, social media with the aim to communicate and deliver value to customers."
8643,KnowledgeSkillCompetence,http://data.europa.eu/esco/skill/9ce52938-fe28-4548-b38d-0c783933e19a,skill/competence,sector-specific,edit digital moving images,"edit digital footage
edit digital images of animation
edit moving digital images
edit digital images of movement",,released,2024-02-09T17:29:15.235Z,,,"http://data.europa.eu/esco/concept-scheme/skills,
http://data.europa.eu/esco/concept-scheme/member-skills,
http://data.europa.eu/esco/concept-scheme/6c930acd-c104-4ece-acf7-f44fd7333036",Use specialised software to edit video images for use in an artistic production.
8644,KnowledgeSkillCompetence,http://data.europa.eu/esco/skill/9ce670ec-318c-4a91-9179-03437db728dc,knowledge,sector-specific,ICT software specifications,"ICT system specifications
specify use of ICT software
ICT software specification
ICT programme specifications
ICT application specifications
ICT software specifying",,released,2024-02-09T17:29:09.851Z,,,"http://data.europa.eu/esco/concept-scheme/skills,
http://data.europa.eu/esco/concept-scheme/member-skills,
http://data.europa.eu/esco/concept-scheme/6c930acd-c104-4ece-acf7-f44fd7333036","The characteristics, use and operations of various software products such as computer programmes and application software."
8645,KnowledgeSkillCompetence,http://data.europa.eu/esco/skill/9ce7c497-a019-435b-90ca-27b6889c2cb9,skill/competence,sector-specific,estimate costs of installing telecommunication devices,"evaluate costs of installing telecommunication devices
value costs of installing telecommunication devices
estimate the costs of installing telecommunication devices
estimating the costs of installing telecommunication devices
estimate the cost of installing a telecommunication device
assess costs of installing telecommunication devices
measure costs of installing telecommunication devices",,released,2024-02-09T17:29:15.235Z,,,"http://data.europa.eu/esco/concept-scheme/skills,
http://data.europa.eu/esco/concept-scheme/member-skills,
http://data.europa.eu/esco/concept-scheme/6c930acd-c104-4ece-acf7-f44fd7333036","Estimate the total installation costs of telecommunication devices such as modems, routers, analogue switches, optical fibre, and landline phones."
8650,KnowledgeSkillCompetence,http://data.europa.eu/esco/skill/9cf681c7-89ec-470c-b651-7fe03786f586,knowledge,sector-specific,query languages,"DMX
SuprTool
OttoQL
XPath
QUEL
ISBL
.QL
F-logic
SPL
FQL
OPath
MQL
Poliqarp
HTSQL
YQL
Gellish
XSPARQL
Concept-Oriented
TMQL
RDQL
OCL
OQL
CQLF
ReQL
Datalog","DMX
RDQL
XPath
OttoQL
ISBL
Gellish
OQL
MQL
YQL
Poliqarp
.QL
Datalog
F-logic
XSPARQL
CQLF
OCL
ReQL
SPL
QUEL
OPath
TMQL
SuprTool
HTSQL
Concept-Oriented
FQL",released,2025-02-27T12:45:08.961Z,,,"http://data.europa.eu/esco/concept-scheme/skills,
http://data.europa.eu/esco/concept-scheme/member-skills,
http://data.europa.eu/esco/concept-scheme/6c930acd-c104-4ece-acf7-f44fd7333036",The field of standardised computer languages for retrieval of information from a database and of documents containing the needed information.
8657,KnowledgeSkillCompetence,http://data.europa.eu/esco/skill/9d0d89be-bffa-4393-b6f6-8d05bea49051,knowledge,cross-sector,"data extraction, transformation and loading tools","Talend Studio for Data Integration
ETL
Sagent Data Flow
Open Text Integration Center
CloverETL
Pervasive Data Integrator
Data Migrator
Cognos Data Manager
Centerprise Data Integrator
IBM Infosphere WarehoEdition
Elixir Repertoire for Data ETL
Relational Junction ETL Manager
PowerCenter Informatica
Syncsort DMX
Adeptia Integration Server","Sagent Data Flow
Open Text Integration Center
CloverETL
Pervasive Data Integrator
Data Migrator
IBM Infosphere WarehoEdition
Elixir Repertoire for Data ETL
Relational Junction ETL Manager
Cognos Data Manager
Talend Studio for Data Integration
Syncsort DMX
Centerprise Data Integrator
PowerCenter Informatica
Adeptia Integration Server",released,2024-02-09T17:29:09.009Z,,,"http://data.europa.eu/esco/concept-scheme/skills,
http://data.europa.eu/esco/concept-scheme/member-skills,
http://data.europa.eu/esco/concept-scheme/6c930acd-c104-4ece-acf7-f44fd7333036","The tools for integration of information from multiple applications, created and maintained by organisations, into one consistent and transparent data structure."
8658,KnowledgeSkillCompetence,http://data.europa.eu/esco/skill/9d1b08b3-ba1e-41f6-a466-1ac1e62eb5f0,skill/competence,sector-specific,conduct ICT code review,perform code reviews,,released,2025-06-25T12:15:04.406Z,,,"http://data.europa.eu/esco/concept-scheme/skills,
http://data.europa.eu/esco/concept-scheme/member-skills,
http://data.europa.eu/esco/concept-scheme/6c930acd-c104-4ece-acf7-f44fd7333036",Examine and review systematically computer source code to identify errors in any stage of development and to improve the overall software quality.
8659,KnowledgeSkillCompetence,http://data.europa.eu/esco/skill/9d2e926f-53d9-41f5-98f3-19dfaa687f3f,knowledge,sector-specific,tools for software configuration management,"tools for software version control
Rudder
NOC
OCS Inventory NG with GLPI
Bcfg2
Rundeck
Synctool
SmartFrog
CFEngine
Local ConFiGuration system
source control
Radmind
cdist
Quattor
ISconf
revision control
NixOS
git
PIKT
software tools for version control
Open pc server integration","Rudder
Bcfg2
Rundeck
Synctool
Local ConFiGuration system
Radmind
cdist
OCS Inventory NG with GLPI
PIKT
Open pc server integration
NOC
NixOS
SmartFrog
Quattor
CFEngine
git
ISconf",released,2024-02-09T17:29:09.009Z,,,"http://data.europa.eu/esco/concept-scheme/skills,
http://data.europa.eu/esco/concept-scheme/member-skills,
http://data.europa.eu/esco/concept-scheme/6c930acd-c104-4ece-acf7-f44fd7333036","The software programs to perform configuration identification, control, status accounting and audit, such as CVS, ClearCase, Subversion, GIT and TortoiseSVN perform this management."
8660,KnowledgeSkillCompetence,http://data.europa.eu/esco/skill/9d2f77af-4307-4ac5-bc50-a9980cec7e83,skill/competence,occupation-specific,develop reporting software,"create reporting software
design reporting software",,released,2025-06-25T12:15:04.406Z,,,"http://data.europa.eu/esco/concept-scheme/skills,
http://data.europa.eu/esco/concept-scheme/member-skills,
http://data.europa.eu/esco/concept-scheme/6c930acd-c104-4ece-acf7-f44fd7333036",Create reporting software and applications used for creating reports on data.
8695,KnowledgeSkillCompetence,http://data.europa.eu/esco/skill/9dfab993-ecab-4292-9cb2-528a93eb3161,skill/competence,sector-specific,employ habitat survey techniques,"employ techniques for habitat surveys
apply habitat survey methods
employ survey techniques for habitat
use habitat survey techniques",,released,2024-02-09T17:29:13.7Z,,,"http://data.europa.eu/esco/concept-scheme/skills,
http://data.europa.eu/esco/concept-scheme/green,
http://data.europa.eu/esco/concept-scheme/member-skills,
http://data.europa.eu/esco/concept-scheme/6c930acd-c104-4ece-acf7-f44fd7333036","Apply sampling strategies and employ a range of habitat survey techniques, such as Geographic Information Systems (GIS), Global Positioning Systems (GPS), aerial photography, records and maps."
8697,KnowledgeSkillCompetence,http://data.europa.eu/esco/skill/9e06bac6-6b91-48ca-8b7d-c1f48cdecd7c,skill/competence,cross-sector,solve ICT system problems,"diagnose system problems
troubleshoot system
manage system problem",,released,2024-02-09T17:29:14.494Z,,,"http://data.europa.eu/esco/concept-scheme/skills,
http://data.europa.eu/esco/concept-scheme/member-skills,
http://data.europa.eu/esco/concept-scheme/6c930acd-c104-4ece-acf7-f44fd7333036","Identify potential component malfunctions. Monitor, document and communicate about incidents. Deploy appropriate resources with minimal outage and deploy appropriate diagnostic tools."
8699,KnowledgeSkillCompetence,http://data.europa.eu/esco/skill/9e14c1d8-72f2-45ba-815d-0d12e12d19fa,skill/competence,cross-sector,create thematic maps,"thematic map making
applying map making techniques
make thematic maps
apply map making techniques
creating thematic maps
making thematic maps
creation of thematic maps
thematic map creation
thematic maps creation
creation of thematic map
creating of thematic maps",,released,2024-02-09T17:29:09.009Z,,,"http://data.europa.eu/esco/concept-scheme/skills,
http://data.europa.eu/esco/concept-scheme/member-skills,
http://data.europa.eu/esco/concept-scheme/6c930acd-c104-4ece-acf7-f44fd7333036","Use various techniques such as choropleth mapping and dasymetric mapping to create thematic maps based on geospatial information, using software programmes."
8726,KnowledgeSkillCompetence,http://data.europa.eu/esco/skill/9ecd4016-b9de-480d-8ec3-9881644f0eda,skill/competence,occupation-specific,use sound measuring instruments,"apply sound measuring instruments
sound measuring instrument use
using sound measuring instruments
employ sound measuring instruments
operate sound measuring instruments",,released,2024-02-09T17:29:15.968Z,,,"http://data.europa.eu/esco/concept-scheme/skills,
http://data.europa.eu/esco/concept-scheme/green,
http://data.europa.eu/esco/concept-scheme/member-skills,
http://data.europa.eu/esco/concept-scheme/6c930acd-c104-4ece-acf7-f44fd7333036",Operate instruments such as transducers and sound level meters to measure noise levels in an environment in order to prevent noise pollution.
8732,KnowledgeSkillCompetence,http://data.europa.eu/esco/skill/9ef0f3a0-9ce2-4ef1-a987-0366b5cb2dbe,knowledge,sector-specific,database development tools,Microcontrollers,Arduino,released,2025-02-27T12:45:08.961Z,,,"http://data.europa.eu/esco/concept-scheme/skills,
http://data.europa.eu/esco/concept-scheme/member-skills,
http://data.europa.eu/esco/concept-scheme/6c930acd-c104-4ece-acf7-f44fd7333036","The methodologies and tools used for creating logical and physical structure of databases, such as logical data structures, diagrams, modelling methodologies and entity-relationships."
8735,KnowledgeSkillCompetence,http://data.europa.eu/esco/skill/9effa3d7-c0c4-4583-ad94-b496ba5e5f2c,knowledge,cross-sector,data mining methods,"data mining approaches
data mining mechanisms
data mining arrangements
data mining methodology
data mining processes
a data mining method
methods of data mining",,released,2024-02-09T17:29:14.494Z,,,"http://data.europa.eu/esco/concept-scheme/skills,
http://data.europa.eu/esco/concept-scheme/member-skills,
http://data.europa.eu/esco/concept-scheme/6c930acd-c104-4ece-acf7-f44fd7333036",Data mining techniques used to determine and analyse the relationship between different elements of economy and marketing.
8774,KnowledgeSkillCompetence,http://data.europa.eu/esco/skill/9faa44df-0821-4f69-8f86-184c799cf44f,knowledge,sector-specific,HeroEngine,HeroEngine collaborative platform,,released,2025-06-25T08:20:05.218Z,,,"http://data.europa.eu/esco/concept-scheme/skills,
http://data.europa.eu/esco/concept-scheme/member-skills,
http://data.europa.eu/esco/concept-scheme/6c930acd-c104-4ece-acf7-f44fd7333036","The cloud-based real-time collaborative platform that consists of integrated development environments and specialised design tools, designed for the rapid iteration of user-derived computer games."
8791,KnowledgeSkillCompetence,http://data.europa.eu/esco/skill/9ff9db9d-d14b-426e-83f3-e7449af6c79f,skill/competence,sector-specific,manage data,"administer data
data administration
manage data lifecycle
operate data quality tools
data resource management",,released,2025-05-16T14:42:49.886Z,,,"http://data.europa.eu/esco/concept-scheme/skills,
http://data.europa.eu/esco/concept-scheme/member-skills,
http://data.europa.eu/esco/concept-scheme/6c930acd-c104-4ece-acf7-f44fd7333036","Administer all types of data resources through their lifecycle by performing data profiling, parsing, standardisation, identity resolution, cleansing, enhancement and auditing. Ensure the data is fit for purpose, using specialised ICT tools to fulfil the data quality criteria."
8808,KnowledgeSkillCompetence,http://data.europa.eu/esco/skill/a056851d-4a8b-4007-b0f6-8224ca1ec1c2,knowledge,sector-specific,computational linguistics,"computational linguistic studies
linguistics of computation
computing linguistics
the study of computational linguistics",,released,2024-02-09T17:29:10.678Z,,,"http://data.europa.eu/esco/concept-scheme/skills,
http://data.europa.eu/esco/concept-scheme/member-skills,
http://data.europa.eu/esco/concept-scheme/6c930acd-c104-4ece-acf7-f44fd7333036",The computer science field that researches the modelling of natural languages into computational and programming languages.
8815,KnowledgeSkillCompetence,http://data.europa.eu/esco/skill/a06a0d41-10fa-4ba7-a988-e8b5eba966fb,knowledge,sector-specific,mobility as a service,"digital technologies for mobility services
mobility services through digital technologies
MaaS
shared mobility services
sustainable mobility services",,released,2024-02-26T09:07:51.455Z,,,"http://data.europa.eu/esco/concept-scheme/skills,
http://data.europa.eu/esco/concept-scheme/member-skills,
http://data.europa.eu/esco/concept-scheme/6c930acd-c104-4ece-acf7-f44fd7333036","The provision of mobility services through digital technologies enabling customers to plan, book and pay for their trip. It includes the offer of shared and sustainable mobility services tailored on users' travel needs and the knowledge of different applications used for this purpose."
8816,KnowledgeSkillCompetence,http://data.europa.eu/esco/skill/a06aa85f-2879-4a02-a6bd-cd60cdfc3f12,knowledge,sector-specific,automated optical inspection,"PCB inspection
AOOI
inspection of SMD
SMMD AOOI
PCCB AOOI
optical inspection which is automated
SMD inspection",,released,2024-02-09T17:29:12.952Z,,,"http://data.europa.eu/esco/concept-scheme/skills,
http://data.europa.eu/esco/concept-scheme/member-skills,
http://data.europa.eu/esco/concept-scheme/6c930acd-c104-4ece-acf7-f44fd7333036","During automated optical inspection (AOI), printed circuit boards (PCB) or surface-mount devices (SMD) are inspected by means of an automated optical inspection machine. During each automated optical inspection test, dozens of images are captured with a special camera and compared to previous assembled boards to detect any anomalies."
8822,KnowledgeSkillCompetence,http://data.europa.eu/esco/skill/a0b6f2b8-0f41-420d-9d7b-942026f83b50,knowledge,sector-specific,aquaculture production planning software,"kinds of aquaculture production planning software
types of fish farming software
typology of aquaculture production planning software
types of aquaculture production planning software
typology of fish farming software
kinds of fish farming software
range of aquaculture production planning software
range of fish farming software",,released,2024-02-09T17:29:14.494Z,,,"http://data.europa.eu/esco/concept-scheme/skills,
http://data.europa.eu/esco/concept-scheme/member-skills,
http://data.europa.eu/esco/concept-scheme/6c930acd-c104-4ece-acf7-f44fd7333036",The functioning principles and usage of a software dedicated to the planning of aquculture production.
8824,KnowledgeSkillCompetence,http://data.europa.eu/esco/skill/a0bf9b9d-e53f-418c-a839-5d99eff718fe,skill/competence,cross-sector,conduct search engine optimisation,"undertake search engine optimisation
manage search engine optimisation
carry out search engine optimisation
conduct search engine optimization
conduct a search engine optimisation
organise search engine optimisation
conducting a search engine optimisation
conducting search engine optimisation",,released,2022-07-05T14:34:46.63Z,,,"http://data.europa.eu/esco/concept-scheme/skills,
http://data.europa.eu/esco/concept-scheme/member-skills,
http://data.europa.eu/esco/concept-scheme/6c930acd-c104-4ece-acf7-f44fd7333036","Execute optimal marketing research and strategies on search engine processes, also known as search engine marketing (SEM), in order to increase online traffic and website exposure."
8845,KnowledgeSkillCompetence,http://data.europa.eu/esco/skill/a12057b4-6d11-4a12-ab8e-15a028ef0a6d,skill/competence,cross-sector,interact through digital technologies,"make use of online communication tools
communicate in digital environments
apply online communication tools
interact through ICT
use e-mail software and services
use online communication tools
communicate on-line
using online communication tools
utilise online communication tools
able to use online communication tools",,released,2024-02-09T17:29:16.725Z,,,"http://data.europa.eu/esco/concept-scheme/skills,
http://data.europa.eu/esco/concept-scheme/member-skills,
http://data.europa.eu/esco/concept-scheme/6c930acd-c104-4ece-acf7-f44fd7333036,
http://data.europa.eu/esco/concept-scheme/digcomp",Interact through a variety of digital technologies and understand appropriate digital communication means for a given context.
8851,KnowledgeSkillCompetence,http://data.europa.eu/esco/skill/a1388163-462a-4b76-8649-67470ea858a1,skill/competence,cross-sector,search databases,"research in databases
consult databases
look through databases
search database
searching databases",,released,2024-02-09T17:29:13.7Z,,,"http://data.europa.eu/esco/concept-scheme/skills,
http://data.europa.eu/esco/concept-scheme/member-skills,
http://data.europa.eu/esco/concept-scheme/6c930acd-c104-4ece-acf7-f44fd7333036",Search for information or people using databases.
8865,KnowledgeSkillCompetence,http://data.europa.eu/esco/skill/a18b1d91-f0bd-495d-ba8e-d9532f117b89,knowledge,cross-sector,video-games functionalities,"video-games characteristics
video-games functionality
video-games systems
video-games insights
video-game functionalities",,released,2024-02-09T17:29:15.235Z,,,"http://data.europa.eu/esco/concept-scheme/skills,
http://data.europa.eu/esco/concept-scheme/member-skills,
http://data.europa.eu/esco/concept-scheme/6c930acd-c104-4ece-acf7-f44fd7333036",Characteristics and insights of video-games in order to advise customers accordingly.
8918,KnowledgeSkillCompetence,http://data.europa.eu/esco/skill/a283db93-b160-4b6f-9855-4e79806c4674,knowledge,sector-specific,Project Anarchy,"Project Anarchy software framework
Project Anarchy game development toolset
Project Anarchy toolset
Project Anarchy development environments
Project Anarchy mobile game engine
Project Anarchy game design tools
Project Anarchy design tools",,released,2025-06-25T08:20:05.218Z,,,"http://data.europa.eu/esco/concept-scheme/skills,
http://data.europa.eu/esco/concept-scheme/member-skills,
http://data.europa.eu/esco/concept-scheme/6c930acd-c104-4ece-acf7-f44fd7333036","The mobile game engine which is a software framework that consists of integrated development environments and specialised design tools, designed for the rapid iteration of user-derived computer games."
8919,KnowledgeSkillCompetence,http://data.europa.eu/esco/skill/a2842c30-be76-4327-9dce-ff56cf830533,skill/competence,occupation-specific,perform scrambling operations,"undertake data encoding
carry out encoding
perform message scrambling operations
performing scrambling operations
encode data
undertake encoding
encode messages
scrambling operations performing
encoding messages
carry out data encoding
encoding data
performing message scrambling operations",,released,2024-02-09T17:29:11.47Z,,,"http://data.europa.eu/esco/concept-scheme/skills,
http://data.europa.eu/esco/concept-scheme/member-skills,
http://data.europa.eu/esco/concept-scheme/6c930acd-c104-4ece-acf7-f44fd7333036","Control and monitor the air force radio network and perform scrambling operations or intrusions, which mean to disrupt the functioning of adverse emissions. Scrambling is mostly performed on voice communication and signals by the use of Digital Signal Processors (DSP)."
8926,KnowledgeSkillCompetence,http://data.europa.eu/esco/skill/a28df07f-976c-4eb4-b29a-06161af39756,skill/competence,sector-specific,use computerised maintenance management systems,"utilise computerised maintenance management systems
use computerized maintenance management systems
utilise CMMS
ensure effectiveness of maintenance through use of CMMS
use CMMIS
follow up maintenance work through use of CMMS
follow up maintenance work through use of computerised maintenance management systems
carry out computerised maintenance management system activities
carry out CMMS activities
use computerised maintenance management information systems
operate CMMS
operate computerised maintenance management systems",,released,2024-02-09T13:21:07.467Z,,,"http://data.europa.eu/esco/concept-scheme/skills,
http://data.europa.eu/esco/concept-scheme/member-skills,
http://data.europa.eu/esco/concept-scheme/6c930acd-c104-4ece-acf7-f44fd7333036",Use computerised maintenance management systems (CMMS) in order to facilitate effective follow up of the work undertaken in maintenance facilities.
8932,KnowledgeSkillCompetence,http://data.europa.eu/esco/skill/a2b566b0-1070-47a4-adc8-88839942ce25,knowledge,cross-sector,hybrid control systems,"types of hybrid control systems
typology of hybrid control systems
kinds of hybrid control systems",,released,2024-02-09T17:29:11.47Z,,,"http://data.europa.eu/esco/concept-scheme/skills,
http://data.europa.eu/esco/concept-scheme/member-skills,
http://data.europa.eu/esco/concept-scheme/6c930acd-c104-4ece-acf7-f44fd7333036",Control systems containing both subsystems with continuous dynamics as well as subsystems with discrete dynamics.
8933,KnowledgeSkillCompetence,http://data.europa.eu/esco/skill/a2b5dcf3-5b6a-453d-876c-cff540c0faf1,knowledge,cross-sector,CAD software,"CADD software
CAD software for modelling
computer assisted design
software computer assisted design and drafting software
CAD software for design
CAD software for simulation","CATIA V5
Inventor
CATIA
Autodesk AutoCAD
MathCad
Autodesk Inventor
CATIA R2023x
Microstation
3DEXPERIENCE CATIA",released,2025-04-11T14:04:13.46Z,"CAD software should be differentiated from computer-aided design and drafting (CADD) software. CADD systems are CAD systems with additional drafting features. For example, CADD systems enable an engineer or <a resource=""http://data.europa.eu/esco/occupation/8c3f536e-ba66-4321-ba40-363dc39f129b"" typeOf=""http://data.europa.eu/esco/model#Occupation"" href=""http://data.europa.eu/esco/occupation/8c3f536e-ba66-4321-ba40-363dc39f129b""><span property=""http://www.w3.org/2000/01/rdf-schema#label"" xml:lang=""en"">architect</span></a> to insert size annotations and other notes into a design.",,"http://data.europa.eu/esco/concept-scheme/skills,
http://data.europa.eu/esco/concept-scheme/member-skills,
http://data.europa.eu/esco/concept-scheme/6c930acd-c104-4ece-acf7-f44fd7333036","The computer-aided design (CAD) software for creating, modifying, analysing or optimising a design."
8939,KnowledgeSkillCompetence,http://data.europa.eu/esco/skill/a2fef437-6719-47c2-8552-73b9fe81df86,skill/competence,occupation-specific,plan ICT capacity,"schedule ICT capacity
oversee availability of computing resources",,released,2025-06-25T12:15:04.406Z,,,"http://data.europa.eu/esco/concept-scheme/skills,
http://data.europa.eu/esco/concept-scheme/member-skills,
http://data.europa.eu/esco/concept-scheme/6c930acd-c104-4ece-acf7-f44fd7333036","Schedule the longer-term hardware capacity, ICT infrastructure, computing resources, human resources and other aspects needed to meet changing demands for ICT products and services."
8947,KnowledgeSkillCompetence,http://data.europa.eu/esco/skill/a32c2a6d-02ea-42ec-b2b7-66659ce1811c,skill/competence,sector-specific,operate echo sounding equipment,"utilise specialist equipment to calculate ocean depth
operate echo sounding SONAR equipment
operate echo sounders
use specialist equipment to calculate ocean depth
calculate ocean depth using specialist equipment
use specialist equipment to measure ocean depth
utilise echo sounders
utilise echo sounding equipment",,released,2024-02-09T17:29:13.7Z,,,"http://data.europa.eu/esco/concept-scheme/skills,
http://data.europa.eu/esco/concept-scheme/member-skills,
http://data.europa.eu/esco/concept-scheme/6c930acd-c104-4ece-acf7-f44fd7333036","Operate technological equipment to measure the ocean's depth. Calculate and interpret results, and communicate them to management."
8958,KnowledgeSkillCompetence,http://data.europa.eu/esco/skill/a35b9b1c-ebfe-41ac-96be-2a7b2ea04670,knowledge,sector-specific,file-based workflow,file-based workflows,,released,2024-02-09T17:29:15.235Z,,,"http://data.europa.eu/esco/concept-scheme/skills,
http://data.europa.eu/esco/concept-scheme/member-skills,
http://data.europa.eu/esco/concept-scheme/6c930acd-c104-4ece-acf7-f44fd7333036","The recording of moving images without using tape, but by storing these digital videos on optical disks, hard drives, and other digital storage devices."
8970,KnowledgeSkillCompetence,http://data.europa.eu/esco/skill/a3882117-5ace-40b3-ad39-014d8b53c835,skill/competence,sector-specific,produce scanned images,"produce scanned image
producing scanned images
make scanned images
create scanned images
generate scanned images",,released,2024-02-09T17:29:13.7Z,,,"http://data.europa.eu/esco/concept-scheme/skills,
http://data.europa.eu/esco/concept-scheme/member-skills,
http://data.europa.eu/esco/concept-scheme/6c930acd-c104-4ece-acf7-f44fd7333036",Produce scanned images that satisfy different categories and are free of potential defects.
8983,KnowledgeSkillCompetence,http://data.europa.eu/esco/skill/a3bd38a7-06e4-4e9c-8bbc-75aa36871801,skill/competence,sector-specific,operate mailing information systems,"perform operations using mailing information systems
carry out operations using mailing information systems
operate mail information systems
handle and process mail using mailing information systems
utilise mailing information systems
perform mailing information system operations
use mail information systems
utilise mail information systems
use mailing information systems
process and handle mail using mailing information systems",,released,2024-02-09T17:29:12.952Z,,,"http://data.europa.eu/esco/concept-scheme/skills,
http://data.europa.eu/esco/concept-scheme/member-skills,
http://data.europa.eu/esco/concept-scheme/6c930acd-c104-4ece-acf7-f44fd7333036",Operate mailing information systems in order to record the processing and handling of mail. Record faults and identify packages that were not delivered. Ensure mail and small packages are traceable until they are delivered to the recipients.
8984,KnowledgeSkillCompetence,http://data.europa.eu/esco/skill/a3ce2bf7-5562-4639-9b52-fdb4850a3904,knowledge,sector-specific,ICT problem management techniques,"ICT problem management procedures
ICT problem management strategies
ICT problem management procedure
ICT problem management processes
ICT problem management methods
types of ICT problem management techniques",,released,2025-06-25T08:20:05.218Z,,,"http://data.europa.eu/esco/concept-scheme/skills,
http://data.europa.eu/esco/concept-scheme/member-skills,
http://data.europa.eu/esco/concept-scheme/6c930acd-c104-4ece-acf7-f44fd7333036",The techniques related to identifying the solutions of the root cause of ICT incidents.
8993,KnowledgeSkillCompetence,http://data.europa.eu/esco/skill/a3e7ebba-5183-4df8-9203-35b9b9b8f4fa,skill/competence,sector-specific,collect customer data,"compile customer data
assemble customer data
gather customer information
gather consumer information
gather client information
collect data of clients
collect client data
collect data of customers
gather information on customers
gather information on clients",,released,2024-02-09T17:29:13.7Z,,,"http://data.europa.eu/esco/concept-scheme/skills,
http://data.europa.eu/esco/concept-scheme/member-skills,
http://data.europa.eu/esco/concept-scheme/6c930acd-c104-4ece-acf7-f44fd7333036","Collect customer data such as contact information, credit card or billing information; gather information to track down purchase history."
9001,KnowledgeSkillCompetence,http://data.europa.eu/esco/skill/a4346013-a967-4a58-a533-6b32ad1364c5,knowledge,sector-specific,data protection,"principles of information privacy
principles of data protection
information privacy
protection of private data
protection of data
principles of data privacy
protection of private information
data privacy
paradigms of data protection
paradigms of data privacy",,released,2024-02-09T17:29:10.678Z,,,"http://data.europa.eu/esco/concept-scheme/skills,
http://data.europa.eu/esco/concept-scheme/member-skills,
http://data.europa.eu/esco/concept-scheme/6c930acd-c104-4ece-acf7-f44fd7333036","The principles, ethical issues, regulations and protocols of data protection."
9008,KnowledgeSkillCompetence,http://data.europa.eu/esco/skill/a46743b7-ff8c-49b6-99f7-7fa5bc241771,skill/competence,sector-specific,use electronic health records in nursing,"use of electronic health records in nursing
work with electronic health records in nursing
document nursing assessment electronically
electronic health records use in nursing
using electronic health records in nursing
electronic health-records use in nursing",,released,2024-02-09T17:29:11.47Z,,,"http://data.europa.eu/esco/concept-scheme/skills,
http://data.europa.eu/esco/concept-scheme/member-skills,
http://data.europa.eu/esco/concept-scheme/6c930acd-c104-4ece-acf7-f44fd7333036","Use electronic health records to document nursing assessment, diagnosis, interventions and outcomes based on comparable nursing classification systems and nursing taxonomy."
9016,KnowledgeSkillCompetence,http://data.europa.eu/esco/skill/a47d194d-0ffd-4aaa-b695-fbbe0255000e,skill/competence,sector-specific,design information system,design ICT system,,released,2024-02-09T17:29:12.952Z,,,"http://data.europa.eu/esco/concept-scheme/skills,
http://data.europa.eu/esco/concept-scheme/member-skills,
http://data.europa.eu/esco/concept-scheme/6c930acd-c104-4ece-acf7-f44fd7333036","Define the architecture, composition, components, modules, interfaces and data for integrated information systems (hardware, software and network), based on system requirements and specifications."
9019,KnowledgeSkillCompetence,http://data.europa.eu/esco/skill/a4881e54-6055-4e61-855a-0a56ced7cfa3,knowledge,sector-specific,web strategy assessment,"analysis of web strategy
online assessment
web presence assessment",,released,2022-07-05T14:37:59.932Z,,,"http://data.europa.eu/esco/concept-scheme/skills,
http://data.europa.eu/esco/concept-scheme/member-skills,
http://data.europa.eu/esco/concept-scheme/6c930acd-c104-4ece-acf7-f44fd7333036",Techniques for conducting a deep analysis of a company's web presence.
9021,KnowledgeSkillCompetence,http://data.europa.eu/esco/skill/a48e97cc-9240-46e3-b62d-a6935f132bea,skill/competence,occupation-specific,locate fossils,"uncover fossils
identify fossils
locate fossil
locating fossils
find fossils
locating fossil
discover fossils",,released,2024-02-09T17:29:12.952Z,,,"http://data.europa.eu/esco/concept-scheme/skills,
http://data.europa.eu/esco/concept-scheme/member-skills,
http://data.europa.eu/esco/concept-scheme/6c930acd-c104-4ece-acf7-f44fd7333036",Determine the location of fossils using radar scanners and other equipment.
9023,KnowledgeSkillCompetence,http://data.europa.eu/esco/skill/a4a882a1-0263-4dd2-b29a-f0028cac2393,skill/competence,sector-specific,define integration strategy,develop integration strategy,,released,2025-06-25T12:15:04.406Z,,,"http://data.europa.eu/esco/concept-scheme/skills,
http://data.europa.eu/esco/concept-scheme/member-skills,
http://data.europa.eu/esco/concept-scheme/6c930acd-c104-4ece-acf7-f44fd7333036","Specify strategies for system integration, incorporating the time schedule, the processes required to combine components into subsystems and systems, the means on how components will interface as well as the risks associated with the integration."
9026,KnowledgeSkillCompetence,http://data.europa.eu/esco/skill/a4bead49-86a0-4849-8b6a-77cdcc157808,knowledge,sector-specific,manufacturer's instructions for audiovisual equipment,"manufacturer's instruction for audio-visual equipment
manufacturer's advice for audio visual equipment
a manufacturer's instructions for audio-visual equipment
the manufacturer's instructions for audio-visual equipment
manufacturer's directions for audio visual equipment
manufacturer's information for audio visual equipment
manufacturer's guidance for audio visual equipment",,released,2024-02-09T17:29:15.235Z,,,"http://data.europa.eu/esco/concept-scheme/skills,
http://data.europa.eu/esco/concept-scheme/member-skills,
http://data.europa.eu/esco/concept-scheme/6c930acd-c104-4ece-acf7-f44fd7333036","Manufacturer's instructions required to install audio and video equipment, as specified in the user's manual."
9027,KnowledgeSkillCompetence,http://data.europa.eu/esco/skill/a4c2aa71-086f-4a46-b481-2619673c9dfe,skill/competence,sector-specific,execute ICT user research activities,carry out ICT user research,,released,2025-06-25T12:15:04.406Z,,,"http://data.europa.eu/esco/concept-scheme/skills,
http://data.europa.eu/esco/concept-scheme/member-skills,
http://data.europa.eu/esco/concept-scheme/6c930acd-c104-4ece-acf7-f44fd7333036","Perform research tasks such as recruitment of participants, scheduling of tasks, collecting of empirical data, data analysis and production of materials in order to assess the interaction of users with an ICT system, program or application."
9033,KnowledgeSkillCompetence,http://data.europa.eu/esco/skill/a4d336a6-9ffd-402a-91cc-f359716ba4e0,knowledge,sector-specific,ML (computer programming),"ML
ML systems
ML development principles",,released,2024-02-29T15:58:47.179Z,,,"http://data.europa.eu/esco/concept-scheme/skills,
http://data.europa.eu/esco/concept-scheme/member-skills,
http://data.europa.eu/esco/concept-scheme/6c930acd-c104-4ece-acf7-f44fd7333036","The techniques and principles of software development, such as analysis, algorithms, coding, testing and compiling of programming paradigms in ML."
9037,KnowledgeSkillCompetence,http://data.europa.eu/esco/skill/a4e31589-3632-4926-91d0-15b889c90b9b,knowledge,sector-specific,IBM WebSphere,WebSphere application server,,released,2025-06-25T08:20:05.218Z,,,"http://data.europa.eu/esco/concept-scheme/skills,
http://data.europa.eu/esco/concept-scheme/member-skills,
http://data.europa.eu/esco/concept-scheme/6c930acd-c104-4ece-acf7-f44fd7333036",The application server IBM WebSphere provides flexible and secure Java EE runtime environments to support application infrastructure and deployments.
9041,KnowledgeSkillCompetence,http://data.europa.eu/esco/skill/a4ec696c-ac73-4bd5-8a3c-09a783cf3944,skill/competence,sector-specific,use mine planning software,"utilisation of mine planning software
mine planning software utilisation
plan mining using software
using mine planning software
using software to plan mining
planning mining using software
use software to plan mining
planning of mining using software
using of mine planning software",,released,2024-02-09T17:29:09.851Z,,,"http://data.europa.eu/esco/concept-scheme/skills,
http://data.europa.eu/esco/concept-scheme/member-skills,
http://data.europa.eu/esco/concept-scheme/6c930acd-c104-4ece-acf7-f44fd7333036","Use specialised software to plan, design and model for mining operations."
9048,KnowledgeSkillCompetence,http://data.europa.eu/esco/skill/a50c6a0a-5171-4be6-aa2b-50fe4d025d45,skill/competence,sector-specific,create 3D CAD footwear prototypes,"elaborate 3D digital footwear prototypes
create 3D footwear prototypes with computer-aided design software
create 3D digital footwear prototypes
design 3D digital footwear prototypes
elaborate 3D CAD footwear prototypes
create 3D footwear prototypes with CAD software
design 3D footwear prototypes with computer-aided designing",,released,2024-02-09T17:29:09.009Z,,,"http://data.europa.eu/esco/concept-scheme/skills,
http://data.europa.eu/esco/concept-scheme/member-skills,
http://data.europa.eu/esco/concept-scheme/6c930acd-c104-4ece-acf7-f44fd7333036","Be able to read and understand visual elements and technical design specifications from hand-made or computer-made sketches, pictures and drawings. Digitise or scan the lasts. Create the design upon the shape of the lasts according to dimensional requirements of the customer. Perform 3D footwear modelling by using various functionalities of the CAD software such as producing, manipulating and testing virtual images for computer aided 3D artistic and technical design of footwear. Produce alternative designs and develop virtual models and collection lines. Make presentation boards and catalogues."
9052,KnowledgeSkillCompetence,http://data.europa.eu/esco/skill/a520b743-8f40-43ac-a2d5-755899120844,knowledge,cross-sector,audio technology,"audio equipment
audio technologies
audio techniques
audio software",,released,2024-02-09T17:29:12.952Z,,,"http://data.europa.eu/esco/concept-scheme/skills,
http://data.europa.eu/esco/concept-scheme/member-skills,
http://data.europa.eu/esco/concept-scheme/6c930acd-c104-4ece-acf7-f44fd7333036","The various technologies for producing, recording, and reproducing sound."
9053,KnowledgeSkillCompetence,http://data.europa.eu/esco/skill/a521903b-aa32-4954-9790-961b0df1261f,knowledge,sector-specific,unmanned air systems,"unmanned aircraft system
unmanned-aircraft vehicle system
remotely piloted aircraft system
hand-held control of unmanned air systems
remotely piloted aerial vehicle
drone
UAS",,released,2024-02-09T17:29:12.952Z,,,"http://data.europa.eu/esco/concept-scheme/skills,
http://data.europa.eu/esco/concept-scheme/member-skills,
http://data.europa.eu/esco/concept-scheme/6c930acd-c104-4ece-acf7-f44fd7333036",The systems used to remotely control unmanned aerial vehicles by onboard computers or by a pilot on the ground or in the air.
9064,KnowledgeSkillCompetence,http://data.europa.eu/esco/skill/a56dec32-05ef-45de-a256-ee6741f356db,knowledge,sector-specific,information confidentiality,"data confidentiality
consumer data privacy
data access control",,released,2024-02-09T17:29:12.215Z,,,"http://data.europa.eu/esco/concept-scheme/skills,
http://data.europa.eu/esco/concept-scheme/member-skills,
http://data.europa.eu/esco/concept-scheme/6c930acd-c104-4ece-acf7-f44fd7333036","The mechanisms and regulations which allow for selective access control and guarantee that only authorised parties (people, processes, systems and devices) have access to data, the way to comply with confidential information and the risks of non-compliance."
9066,KnowledgeSkillCompetence,http://data.europa.eu/esco/skill/a571ae14-3e16-4fd3-a615-5646e0b0b696,skill/competence,cross-sector,inspect data,"data inspection
inspection of data
check data
appraise data
assess data
inspecting data
look at data",,released,2024-02-09T17:29:16.725Z,,,"http://data.europa.eu/esco/concept-scheme/skills,
http://data.europa.eu/esco/concept-scheme/member-skills,
http://data.europa.eu/esco/concept-scheme/6c930acd-c104-4ece-acf7-f44fd7333036","Analyse, transform and model data in order to discover useful information and to support decision-making."
9067,KnowledgeSkillCompetence,http://data.europa.eu/esco/skill/a572fd00-6735-428b-9fb1-fd2bf6262b21,skill/competence,occupation-specific,monitor online competitors,"monitor online competition
oversee online competitors
view online competitors
watch online competitors
monitoring online competition
monitoring online competitors
supervise online competitors",,released,2024-02-09T17:29:14.494Z,,,"http://data.europa.eu/esco/concept-scheme/skills,
http://data.europa.eu/esco/concept-scheme/member-skills,
http://data.europa.eu/esco/concept-scheme/6c930acd-c104-4ece-acf7-f44fd7333036",Monitor activities of companies in the same sector offering a similar product or service in an online environment.
9070,KnowledgeSkillCompetence,http://data.europa.eu/esco/skill/a57a54b6-2f2e-43e4-9621-b52f4a63cb08,knowledge,sector-specific,LDAP,Lightweight Directory Access Protocol,"LDAP 2
LADAP 3",released,2023-06-08T16:20:21.277Z,,,"http://data.europa.eu/esco/concept-scheme/skills,
http://data.europa.eu/esco/concept-scheme/member-skills,
http://data.europa.eu/esco/concept-scheme/6c930acd-c104-4ece-acf7-f44fd7333036",The computer language LDAP is a query language for retrieval of information from a database and of documents containing the needed information.
9077,KnowledgeSkillCompetence,http://data.europa.eu/esco/skill/a59708e3-e654-4e37-8b8a-741c3b756eee,knowledge,cross-sector,multimedia systems,"a multimedia system
multimedia organisation
multimedia structure
multimedia arrangement
multimedia system
multimedia scheme",,released,2024-02-09T17:29:12.215Z,,,"http://data.europa.eu/esco/concept-scheme/skills,
http://data.europa.eu/esco/concept-scheme/member-skills,
http://data.europa.eu/esco/concept-scheme/6c930acd-c104-4ece-acf7-f44fd7333036","The methods, procedures and techniques pertaining to the operation of multimedia systems, usually a combination of software and hardware, presenting various types of media such as video and audio."
9114,KnowledgeSkillCompetence,http://data.europa.eu/esco/skill/a6532ae5-efc4-4ca4-b172-c11471940d09,knowledge,sector-specific,electronic business,E-business,,released,2023-11-29T16:26:01.133Z,,,"http://data.europa.eu/esco/concept-scheme/skills,
http://data.europa.eu/esco/concept-scheme/member-skills,
http://data.europa.eu/esco/concept-scheme/6c930acd-c104-4ece-acf7-f44fd7333036","Any business process that is implemented through a computer-mediated network. Mainly, it concerns the use of the Web, Internet, intranets to conduct businesses. It deals with, among others, business processes such as customer relation management, and supply chain management."
9157,KnowledgeSkillCompetence,http://data.europa.eu/esco/skill/a71577b2-7550-4222-88ee-dcbd2d881516,knowledge,sector-specific,graphics editor software,"Autodesk SketchBook Pro
Adobe Photoshop Elements
CinePaint
NeoPaint
Project Dogwaffle
sK1
Apache OpenOffice Draw
RawTherapee
PixBuilder Photo Editor
cosmigo Pro Motion
OmniGraffle
PhotoScape
SVG-edit
Corel Painter Essentials
Swift 3D
UFRaw
ArtRage
GimPhoto
Picasa
ArcSoft PhotoImpression
Fatpaint
vector graphics editor
Pictor Paint
Pixlr.com
QFX
Zoner Photo Studio
GIMPshop
DigiKam
TVPaint
Paint.NET
XnView
Darktable
CodedColor
IrfanView
LightZone
Photogenics
LibreOffice Draw
Ability Photopaint
Embroidermodder
Serif Photoplus
PicMonkey
Phatch
ImageMagick
Chasys Draw IES
ACD Canvas
Inkscape
Color It!
Unified Color HDR PhotoStudio
XPaint
GrafX2
LView Pro
Xara Xtreme LX
Erdas Imagine
Balsamiq
Macromedia FreeHand
G'MIC
Shotwell
Tux Paint
GraphicConverter
Xara Photo & Graphic Designer
Corel Photo-Paint
Sodipodi
Pixelmator
F-Spot
GraphicsMagick
SAI
Photo Mechanic
LazPaint
Ulead PhotoImpact
Pixia
Fotografix
PMview
FastStone Image Viewer
Rawstudio
KolourPaint
Serif DrawPlus
PhotoPerfect
Iridient Developer","CinePaint
NeoPaint
Apache OpenOffice Draw
RawTherapee
PixBuilder Photo Editor
cosmigo Pro Motion
Adobe Photoshop Elements
GIMP
Swift 3D
GimPhoto
Picasa
Fatpaint
Zoner Photo Studio
GIMPshop
Darktable
CodedColor
LightZone
Corel Draw
LibreOffice Draw
Ability Photopaint
Serif Photoplus
TVPaint
PicMonkey
Phatch
Photogenics
Chasys Draw IES
PhotoScape
Inkscape
Color It!
Unified Color HDR PhotoStudio
GrafX2
LView Pro
Erdas Imagine
Xara Xtreme LX
Pictor Paint
G'MIC
Pixlr.com
DigiKam
Canva
GraphicConverter
XPaint
Xara Photo & Graphic Designer
Macromedia FreeHand
SVG-edit
Corel Photo-Paint
Pixelmator
ArcSoft PhotoImpression
GraphicsMagick
Embroidermodder
Sodipodi
Figma
Adobe InDesign
Autodesk SketchBook Pro
LazPaint
ImageMagick
Ulead PhotoImpact
Balsamiq
Pixia
Fotografix
PMview
Project Dogwaffle
Photo Mechanic
Corel Painter Essentials
SAI
QFX
KolourPaint
Tux Paint
XnView
IrfanView
OmniGraffle
Rawstudio
Paint.NET
Serif DrawPlus
Shotwell
ACD Canvas
FastStone Image Viewer
PhotoPerfect
Iridient Developer
F-Spot
ArtRage
UFRaw
sK1",released,2025-02-27T12:45:08.961Z,,,"http://data.europa.eu/esco/concept-scheme/skills,
http://data.europa.eu/esco/concept-scheme/member-skills,
http://data.europa.eu/esco/concept-scheme/6c930acd-c104-4ece-acf7-f44fd7333036","The field of graphical ICT tools which enable digital editing and composition of graphics, such as GIMP, Adobe Photoshop and Adobe Illustrator, to develop both 2D raster or 2D vector graphics."
9159,KnowledgeSkillCompetence,http://data.europa.eu/esco/skill/a72408af-b488-4ad4-801b-bbf16f7a7b57,skill/competence,sector-specific,install blinds drive systems,"install blinds drive system
place blinds drive systems
put in blinds drive systems
build in blinds drive systems
institute blinds drive systems
install a blinds drive system",,released,2024-02-09T17:29:15.968Z,,,"http://data.europa.eu/esco/concept-scheme/skills,
http://data.europa.eu/esco/concept-scheme/member-skills,
http://data.europa.eu/esco/concept-scheme/6c930acd-c104-4ece-acf7-f44fd7333036","Install mechanical and electrical blinds drive systems such as cranks and tubular motors. If necessary, install and connect the computer control systems such as remote control, sun and wind sensors."
9160,KnowledgeSkillCompetence,http://data.europa.eu/esco/skill/a7242a8d-3762-42b7-b430-3369351bbd7d,skill/competence,sector-specific,colour grade images with digital intermediate,"colour grade images with DI
color grade images with digital intermediate
colour grade images with D.I.",,released,2022-07-05T14:33:28.658Z,,,"http://data.europa.eu/esco/concept-scheme/skills,
http://data.europa.eu/esco/concept-scheme/member-skills,
http://data.europa.eu/esco/concept-scheme/6c930acd-c104-4ece-acf7-f44fd7333036",Use a scanning device to scan film negatives in order to digitally fine-tune them using image editing software.
9178,KnowledgeSkillCompetence,http://data.europa.eu/esco/skill/a7723f06-53c3-4228-9fd0-1952ea1d7391,knowledge,sector-specific,Havok Vision,Havok Vision game engine,,released,2025-06-25T08:20:05.218Z,,,"http://data.europa.eu/esco/concept-scheme/skills,
http://data.europa.eu/esco/concept-scheme/member-skills,
http://data.europa.eu/esco/concept-scheme/6c930acd-c104-4ece-acf7-f44fd7333036","The game engine that consists of integrated development environments and specialised design tools, designed for the rapid iteration of user-derived computer games."
9185,KnowledgeSkillCompetence,http://data.europa.eu/esco/skill/a7a14be2-78b5-4b4a-ba77-2658285e2756,skill/competence,sector-specific,apply reverse engineering,extract information by applying reverse engineering,,released,2025-06-25T12:15:04.406Z,,,"http://data.europa.eu/esco/concept-scheme/skills,
http://data.europa.eu/esco/concept-scheme/member-skills,
http://data.europa.eu/esco/concept-scheme/6c930acd-c104-4ece-acf7-f44fd7333036","Use techniques to extract information or disassemble an ICT component, software or system in order to analyse, correct and reassemble or reproduce it."
9197,KnowledgeSkillCompetence,http://data.europa.eu/esco/skill/a7f0fbe0-c546-4f30-8e41-34a58c64567e,knowledge,sector-specific,data storage,file hosting service,"One Drive
Dropbox",released,2023-07-11T18:15:12.722Z,,,"http://data.europa.eu/esco/concept-scheme/skills,
http://data.europa.eu/esco/concept-scheme/member-skills,
http://data.europa.eu/esco/concept-scheme/6c930acd-c104-4ece-acf7-f44fd7333036","The physical and technical concepts of how digital data storage is organised in specific schemes both locally, such as hard-drives and random-access memories (RAM) and remotely, via network, internet or cloud."
9199,KnowledgeSkillCompetence,http://data.europa.eu/esco/skill/a800a15c-2d1b-4151-8bf3-b21d47f709a1,skill/competence,sector-specific,develop online community plan,"design online community plan
establish online community plan
promote online community plan
expand online community plan
progress an online community plan",,released,2025-06-25T12:15:04.406Z,,,"http://data.europa.eu/esco/concept-scheme/skills,
http://data.europa.eu/esco/concept-scheme/member-skills,
http://data.europa.eu/esco/concept-scheme/6c930acd-c104-4ece-acf7-f44fd7333036","Create the community's plan to grow the online community, build usage, retain recent users and increase the user's participation."
9202,KnowledgeSkillCompetence,http://data.europa.eu/esco/skill/a80fb090-63f4-4b05-83a5-2f090deb7757,skill/competence,sector-specific,manage data collection systems,oversee data collection methods,,released,2025-06-25T08:45:06.159Z,,,"http://data.europa.eu/esco/concept-scheme/skills,
http://data.europa.eu/esco/concept-scheme/member-skills,
http://data.europa.eu/esco/concept-scheme/6c930acd-c104-4ece-acf7-f44fd7333036","Develop and manage methods and strategies used to maximise data quality and statistical efficiency in the collection of data, in order to ensure the gathered data are optimised for further processing."
9223,KnowledgeSkillCompetence,http://data.europa.eu/esco/skill/a87c1c42-8927-4183-97c7-a17554c22b29,knowledge,sector-specific,Litmos,Litmos platform,,released,2025-06-25T08:20:05.218Z,,,"http://data.europa.eu/esco/concept-scheme/skills,
http://data.europa.eu/esco/concept-scheme/member-skills,
http://data.europa.eu/esco/concept-scheme/6c930acd-c104-4ece-acf7-f44fd7333036","The computer program Litmos is a e-learning platform for creating, administrating, arranging, reporting and delivering e-learning education courses or training programs. It is developed by the software company CallidusCloud."
9227,KnowledgeSkillCompetence,http://data.europa.eu/esco/skill/a88da605-095f-4a4f-be1c-d1444df8228a,knowledge,cross-sector,digital media,"digital video media
digital audio media",,released,2023-11-29T16:25:38.73Z,,,"http://data.europa.eu/esco/concept-scheme/skills,
http://data.europa.eu/esco/concept-scheme/member-skills,
http://data.europa.eu/esco/concept-scheme/6c930acd-c104-4ece-acf7-f44fd7333036",The set of medias that are transmitted through electronic devices.
9238,KnowledgeSkillCompetence,http://data.europa.eu/esco/skill/a8d07b5a-c1a1-42c6-9d53-db9c7a2ca996,knowledge,sector-specific,PostgreSQL,Postgres,,released,2024-02-09T17:29:17.515Z,,,"http://data.europa.eu/esco/concept-scheme/skills,
http://data.europa.eu/esco/concept-scheme/member-skills,
http://data.europa.eu/esco/concept-scheme/6c930acd-c104-4ece-acf7-f44fd7333036","The computer program PostgreSQL is a free and open-source software tool for creating, updating and managing databases, developed by the PostgreSQL Global Development Group."
9256,KnowledgeSkillCompetence,http://data.europa.eu/esco/skill/a91732ce-988e-4105-9570-f425c6ffdc82,knowledge,cross-sector,intellectual property regime of digital content,"digital content IPR
copyright and licenses related to digital content",,released,2023-03-28T14:57:22.037Z,,,"http://data.europa.eu/esco/concept-scheme/skills,
http://data.europa.eu/esco/concept-scheme/member-skills,
http://data.europa.eu/esco/concept-scheme/6c930acd-c104-4ece-acf7-f44fd7333036,
http://data.europa.eu/esco/concept-scheme/digcomp","Copyright and licencing provisions that apply to data, information and digital content."
9272,KnowledgeSkillCompetence,http://data.europa.eu/esco/skill/a9622bbb-3a6f-4819-a3fe-cd6a447a78e9,knowledge,sector-specific,Sakai,Sakai Project,,released,2024-02-09T17:29:13.7Z,,,"http://data.europa.eu/esco/concept-scheme/skills,
http://data.europa.eu/esco/concept-scheme/member-skills,
http://data.europa.eu/esco/concept-scheme/6c930acd-c104-4ece-acf7-f44fd7333036","The computer program Sakai is a e-learning platform for creating, administrating, arranging, reporting and delivering e-learning education courses or training programs. It is developed by the software company Apereo."
9275,KnowledgeSkillCompetence,http://data.europa.eu/esco/skill/a96dea4e-1c76-4808-8f18-3ce662ff82cb,skill/competence,occupation-specific,specify digital game scenes,create digital game locations,,released,2024-02-09T17:29:15.968Z,,,"http://data.europa.eu/esco/concept-scheme/skills,
http://data.europa.eu/esco/concept-scheme/member-skills,
http://data.europa.eu/esco/concept-scheme/6c930acd-c104-4ece-acf7-f44fd7333036","Describe scenes of digital games by communicating and cooperating with artistic crew, designers and artists in order to define the scope of the game's virtual environments."
9290,KnowledgeSkillCompetence,http://data.europa.eu/esco/skill/a9b68e58-766a-403d-b5fe-955b57bdad1b,skill/competence,sector-specific,operate electronic measuring instruments,"operate multi meter
voltage meter operating
current meter operating
operate volt meter",,released,2024-02-09T17:29:09.851Z,,,"http://data.europa.eu/esco/concept-scheme/skills,
http://data.europa.eu/esco/concept-scheme/member-skills,
http://data.europa.eu/esco/concept-scheme/6c930acd-c104-4ece-acf7-f44fd7333036","Tend a wide variety of devices for measuring electronic characteristics of system components, such as optical power meter, fibre power meter, digital power meter and multimeter."
9297,KnowledgeSkillCompetence,http://data.europa.eu/esco/skill/a9d2af37-f208-4ce8-8cc2-24de0b02b555,skill/competence,cross-sector,analyse stress resistance of materials,"analysing stress resistance of material
analyze stress resistance of materials
monitor stress resistance of materials
analysing stress resistance of materials
evaluate stress resistance of materials
assess stress resistance of materials
examine stress resistance of materials",,released,2025-11-26T10:23:24.959Z,,,"http://data.europa.eu/esco/concept-scheme/skills,
http://data.europa.eu/esco/concept-scheme/member-skills,
http://data.europa.eu/esco/concept-scheme/6c930acd-c104-4ece-acf7-f44fd7333036","Analyse the ability of materials to endure stress imposed by temperature, loads, motion, vibration, and other factors using mathematical formulae and computer simulations."
9298,KnowledgeSkillCompetence,http://data.europa.eu/esco/skill/a9dc215e-4e26-4ac0-b1e8-a721a88af813,skill/competence,occupation-specific,execute conversion testing,"undertake conversion testing
carry out conversion testing
enact conversion testing
execute a conversion test
achieve conversion testing
conversion testing execution
executing conversion testing",,released,2024-02-09T17:29:17.515Z,,,"http://data.europa.eu/esco/concept-scheme/skills,
http://data.europa.eu/esco/concept-scheme/member-skills,
http://data.europa.eu/esco/concept-scheme/6c930acd-c104-4ece-acf7-f44fd7333036","Plan, execute and measure conversion tests and experiments to test the possibility to convert one data format into another."
9308,KnowledgeSkillCompetence,http://data.europa.eu/esco/skill/aa0d8201-5a8e-417f-81f4-c04601139582,knowledge,cross-sector,digitization,digital enablement,,released,2023-11-29T16:23:20.117Z,,,"http://data.europa.eu/esco/concept-scheme/skills,
http://data.europa.eu/esco/concept-scheme/member-skills,
http://data.europa.eu/esco/concept-scheme/6c930acd-c104-4ece-acf7-f44fd7333036",The process of transforming an object from its analogical form to a digital format. It creates a digital representation of the object without making in-kind changes to it.
9364,KnowledgeSkillCompetence,http://data.europa.eu/esco/skill/ab1e97ed-2319-4293-a8b7-072d2648822f,knowledge,sector-specific,database management systems,"PointBase Embedded
R:Base
Adaptive Server Anywhere
Oracle Lite
Rdb
Interbase
Velocis
Jasmine ii
Raima Database Manager
IDMS
YARD-SQL
Versant
Oracle 8I
Db.linux
NonStop SQL
Quadbase SQL Server
PointBase Network Server
Pervasive.SQL 2000
UniData
UniSQL
Adaptive Server Enterprise
Db.star
POET Object Server Suite
Informix Dynamic Server 2000
Informix Extended Parallel Server
DBMS
Cloudscape
SUPRA
database systems
SQLBase
IMS DB
Peoplesoft
Datacom
DB2 Everyplace
Sybase
PointBase Mobile
Model 204
Advantage Database Server
Pervasive.SQL Workgroup
Adabas D
TimesTen
DB engines
Adabas
Objectivity DB
SQL
Ingres ii","PointBase Embedded
Apache
Adaptive Server Anywhere
Rdb
Velocis
Jasmine ii
IDMS
Raima Database Manager
Oracle Lite
Oracle 8I
Pervasive.SQL 2000
UniData
Db.star
Adaptive Server Enterprise
NonStop SQL
Versant
Informix Extended Parallel Server
Cloudscape
SUPRA
IMS DB
Interbase
UniSQL
Db.linux
Microsoft Access
DB2 Everyplace
YARD-SQL
SQLBase
R:Base
Advantage Database Server
POET Object Server Suite
Pervasive.SQL Workgroup
TimesTen
Adabas
Quadbase SQL Server
Datacom
Informix Dynamic Server 2000
PointBase Mobile
Model 204
Ingres ii
PointBase Network Server
Adabas D
Objectivity DB",released,2025-04-16T10:03:15.899Z,,,"http://data.europa.eu/esco/concept-scheme/skills,
http://data.europa.eu/esco/concept-scheme/member-skills,
http://data.europa.eu/esco/concept-scheme/6c930acd-c104-4ece-acf7-f44fd7333036","The tools for creating, updating and managing databases, such as Oracle, MySQL and Microsoft SQL Server."
9366,KnowledgeSkillCompetence,http://data.europa.eu/esco/skill/ab20726a-14dd-4536-9aa1-6166bc1a5832,skill/competence,occupation-specific,evaluate cost of software products,"apply methods to evaluate cost of software products
apply techniques to evaluate cost of software products
estimate cost of software products
estimate cost of maintenance of software products
estimate compliance cost of software products",,released,2025-06-25T12:15:04.406Z,,,"http://data.europa.eu/esco/concept-scheme/skills,
http://data.europa.eu/esco/concept-scheme/member-skills,
http://data.europa.eu/esco/concept-scheme/6c930acd-c104-4ece-acf7-f44fd7333036","Apply methods and techniques to estimate and evaluate the cost of software products during their life-cycle phases, including development and acquisition costs, cost of maintenance, incorporated cost of quality-compliance and non-compliance associated costs."
9375,KnowledgeSkillCompetence,http://data.europa.eu/esco/skill/ab49f767-296b-47d5-af56-0b4a69515b03,skill/competence,sector-specific,maintain ICT identity management,,,released,2025-02-27T12:45:08.961Z,,,"http://data.europa.eu/esco/concept-scheme/skills,
http://data.europa.eu/esco/concept-scheme/member-skills,
http://data.europa.eu/esco/concept-scheme/6c930acd-c104-4ece-acf7-f44fd7333036","Administer identification, authentication and authorisation of individuals within a system and control their access to resources by associating user rights and restrictions with the established identity."
9382,KnowledgeSkillCompetence,http://data.europa.eu/esco/skill/ab67fbfb-0ca7-4345-8bf6-af8f59480212,skill/competence,sector-specific,design database backup specifications,"create database backup specifications
draft database backup specifications
specify database backup procedures
define database backup specifications
lay out database backup specifications",,released,2025-06-25T12:15:04.406Z,,,"http://data.europa.eu/esco/concept-scheme/skills,
http://data.europa.eu/esco/concept-scheme/member-skills,
http://data.europa.eu/esco/concept-scheme/6c930acd-c104-4ece-acf7-f44fd7333036",Specify procedures to be performed on databases which ensure the copying and archiving of data for possible restoration in case of a data loss event.
9401,KnowledgeSkillCompetence,http://data.europa.eu/esco/skill/aba363e7-07ec-4eb2-a89e-bcba397c25ab,skill/competence,sector-specific,operate digital printers,"operating digital printers
handle digital printers
control digital printers
operate digital printer
run digital printers
use digital printers
activate digital printers",,released,2024-02-09T17:29:15.235Z,,,"http://data.europa.eu/esco/concept-scheme/skills,
http://data.europa.eu/esco/concept-scheme/member-skills,
http://data.europa.eu/esco/concept-scheme/6c930acd-c104-4ece-acf7-f44fd7333036","Handle inkjet and laser printers, allowing the operator to print documents in a single 'pass'. Download or print the digital files to the digital printing machine using the correct machine and print download settings so that the correct fonts and substrates are used and the output meets the specifications and required quality standards."
9414,KnowledgeSkillCompetence,http://data.europa.eu/esco/skill/abdc7ac8-151f-40c6-bc1a-1e9b4b073290,knowledge,cross-sector,augmented reality,"AR techniques
augmented reality creation process
AR creation process
augmented reality techniques
AR",,released,2024-02-23T15:26:40.229Z,,,"http://data.europa.eu/esco/concept-scheme/skills,
http://data.europa.eu/esco/concept-scheme/member-skills,
http://data.europa.eu/esco/concept-scheme/6c930acd-c104-4ece-acf7-f44fd7333036","The process of adding diverse digital content (such as images, 3D objects, etc) on surfaces that exist in the real world. The user can interact in real-time with the technology by using devices such as mobile phones."
9433,KnowledgeSkillCompetence,http://data.europa.eu/esco/skill/ac516e9b-8bfa-4b72-8e3e-340b0a3a51d5,skill/competence,sector-specific,manage content development projects,implement content strategy,,released,2024-02-09T17:29:14.494Z,,,"http://data.europa.eu/esco/concept-scheme/skills,
http://data.europa.eu/esco/concept-scheme/member-skills,
http://data.europa.eu/esco/concept-scheme/6c930acd-c104-4ece-acf7-f44fd7333036","Plan and implement the creation, delivery and management of digital or printed content, develop a system that describes the entire editorial content development and publishing process and use ICT tools to support the process."
9459,KnowledgeSkillCompetence,http://data.europa.eu/esco/skill/acf0a78c-f4e3-4bd9-a5cc-9cf4791b3b95,skill/competence,sector-specific,implement a virtual private network,"implementing a virtual private network
VPN installing
implement a VPN
virtual private network installing
virtual private network implementing
VPN implementing
installing a virtual private network
implementing a VPN
installing a VPN
install a VPN",,released,2024-02-09T17:29:12.215Z,,,"http://data.europa.eu/esco/concept-scheme/skills,
http://data.europa.eu/esco/concept-scheme/member-skills,
http://data.europa.eu/esco/concept-scheme/6c930acd-c104-4ece-acf7-f44fd7333036","Create an encrypted connection between private networks, such as different local networks of a company, over the internet to ensure that only authorized users can access it and that the data cannot be intercepted."
9463,KnowledgeSkillCompetence,http://data.europa.eu/esco/skill/ad008df3-dcaf-45ee-8892-2319a3b66c98,skill/competence,occupation-specific,oversee clinical information system activities,"oversee activities of clinical information system
manage clinical information system activities
administer clinical information system activities
supervise clinical information system activites
supervise activities of clinical information system
oversee clinical information systems activities",,released,2024-02-09T17:29:17.515Z,,,"http://data.europa.eu/esco/concept-scheme/skills,
http://data.europa.eu/esco/concept-scheme/member-skills,
http://data.europa.eu/esco/concept-scheme/6c930acd-c104-4ece-acf7-f44fd7333036","Supervise and oversee day-to-day operational and clinical information system activities such as CIS, which are used for collecting and storing clinical information regarding the healthcare delivery process."
9479,KnowledgeSkillCompetence,http://data.europa.eu/esco/skill/ad59afe4-6f8a-4bc4-acfd-0f228277508a,knowledge,cross-sector,statistical analysis system software,"statistical analysing of system software
statistical analysis of system software
statistical analysis of software systems
statistical analysis system programme
statistical analysis system operating system
statistical analysis system application","STATA
SPSS
SPSS Statistical Tool",released,2025-02-27T12:45:08.961Z,This includes SPSS.,,"http://data.europa.eu/esco/concept-scheme/skills,
http://data.europa.eu/esco/concept-scheme/member-skills,
http://data.europa.eu/esco/concept-scheme/6c930acd-c104-4ece-acf7-f44fd7333036","Specific software system (SAS) used for advanced analytics, business intelligence, data management, and predictive analytics."
9502,KnowledgeSkillCompetence,http://data.europa.eu/esco/skill/adcca622-b933-4ba3-bc43-bf371879edc3,knowledge,sector-specific,data security principles,"data security methods
information security principles",,released,2023-11-29T16:32:32.719Z,,,"http://data.europa.eu/esco/concept-scheme/skills,
http://data.europa.eu/esco/concept-scheme/member-skills,
http://data.europa.eu/esco/concept-scheme/6c930acd-c104-4ece-acf7-f44fd7333036","The principles of information and data security. They include, among others, confidentiality, integrity, and availability."
9522,KnowledgeSkillCompetence,http://data.europa.eu/esco/skill/ae4f0cc6-e0b9-47f5-bdca-2fc2e6316dce,skill/competence,sector-specific,manage ICT virtualisation environments,"manage ICT virtualization machines
manage virtualisation of servers and workstations
manage containerization",,released,2024-02-09T17:29:12.952Z,,,"http://data.europa.eu/esco/concept-scheme/skills,
http://data.europa.eu/esco/concept-scheme/member-skills,
http://data.europa.eu/esco/concept-scheme/6c930acd-c104-4ece-acf7-f44fd7333036","Oversee tools, such as VMware, kvm, Xen, Docker, Kubernetes, and others, used to enable a virtual environments for different purposes such as hardware virtualization, desktop virtualisation, and operating system level virtualisation."
9523,KnowledgeSkillCompetence,http://data.europa.eu/esco/skill/ae57a9c3-f761-4b03-be2b-99a781704c73,skill/competence,cross-sector,use sales forecasting softwares,"using sales forecasting softwares
use forecasting softwares for sales
utilize sales forecasting softwares
use sales forecast softwares
use sales forecasting software
employ sales forecasting softwares",,released,2024-02-09T17:29:13.7Z,,,"http://data.europa.eu/esco/concept-scheme/skills,
http://data.europa.eu/esco/concept-scheme/member-skills,
http://data.europa.eu/esco/concept-scheme/6c930acd-c104-4ece-acf7-f44fd7333036",Operate sale forecasting softwares in order to help in determining demand levels for products with higher levels of accuracy.
9533,KnowledgeSkillCompetence,http://data.europa.eu/esco/skill/ae6c1227-dd33-4df0-a64e-439cfdf948ea,skill/competence,sector-specific,develop food scanner devices,"design food scanning sensors
design food scanners
develop food scanning sensors
develop food scanners
develop food-sensor devices",,released,2022-07-05T14:38:15.447Z,,,"http://data.europa.eu/esco/concept-scheme/skills,
http://data.europa.eu/esco/concept-scheme/member-skills,
http://data.europa.eu/esco/concept-scheme/6c930acd-c104-4ece-acf7-f44fd7333036","Design and develop food scanning technologies that provide information on the level of allergens, chemicals, nutrients, calories and on ingredients in food."
9557,KnowledgeSkillCompetence,http://data.europa.eu/esco/skill/aee24c19-7dfd-4011-ae95-7a2fe2f7e369,skill/competence,sector-specific,maintain radio communications equipment,"maintain radio transmitting equipment
maintain radio receiving equipment",,released,2024-02-09T17:29:15.235Z,,,"http://data.europa.eu/esco/concept-scheme/skills,
http://data.europa.eu/esco/concept-scheme/member-skills,
http://data.europa.eu/esco/concept-scheme/6c930acd-c104-4ece-acf7-f44fd7333036","Perform testing or repairing activities on radio transmitting and receiving equipment, such as testing control circuits."
9569,KnowledgeSkillCompetence,http://data.europa.eu/esco/skill/af1d906a-c13d-4de1-a362-6980e6dc9937,skill/competence,occupation-specific,design chassis,"model chassis
chassis design
develop chassis
arrange chassis
design a chassis
designing a chassis
produce chassis",,released,2024-02-09T17:29:16.725Z,,,"http://data.europa.eu/esco/concept-scheme/skills,
http://data.europa.eu/esco/concept-scheme/member-skills,
http://data.europa.eu/esco/concept-scheme/6c930acd-c104-4ece-acf7-f44fd7333036","Devise and manufacture a series of custom chassis using design software. Apply compliance with own plans, creations and blueprints."
9574,KnowledgeSkillCompetence,http://data.europa.eu/esco/skill/af313ba1-a39e-49ac-99ec-94630fbe4f7f,skill/competence,sector-specific,develop code exploits,develop software exploits,,released,2025-06-25T12:15:04.406Z,,,"http://data.europa.eu/esco/concept-scheme/skills,
http://data.europa.eu/esco/concept-scheme/member-skills,
http://data.europa.eu/esco/concept-scheme/6c930acd-c104-4ece-acf7-f44fd7333036",Create and test software exploits in a controlled environment to uncover and check system bugs or vulnerabilities.
9577,KnowledgeSkillCompetence,http://data.europa.eu/esco/skill/af529b5d-a055-4dfa-a386-1b1c1c8670e3,skill/competence,sector-specific,operate broadcast equipment,"operate broadcast apparatus
operate broadcasting equipment
operate broadcast instruments
operating broadcast equipment
operate broadcast gear
operate broadcast devices",,released,2024-02-09T17:29:16.725Z,,,"http://data.europa.eu/esco/concept-scheme/skills,
http://data.europa.eu/esco/concept-scheme/member-skills,
http://data.europa.eu/esco/concept-scheme/6c930acd-c104-4ece-acf7-f44fd7333036","Operate broadcast equipment to produce, switch, receive, record, edit, and reproduce television and radio signals."
9582,KnowledgeSkillCompetence,http://data.europa.eu/esco/skill/af6ea157-8c10-4c5b-8015-0e184946127a,skill/competence,cross-sector,outline blockchain-based identity management,explain blockchain-based identity management system,,released,2023-11-29T16:34:54.26Z,,,"http://data.europa.eu/esco/concept-scheme/skills,
http://data.europa.eu/esco/concept-scheme/member-skills,
http://data.europa.eu/esco/concept-scheme/6c930acd-c104-4ece-acf7-f44fd7333036","Outline blockchain-based identity management and access control in terms of how they work, what their benefits are compared to current solutions, and how they can be applied for specific applications."
9585,KnowledgeSkillCompetence,http://data.europa.eu/esco/skill/af7ae54f-4649-4c16-87c7-59ba41d4d57f,knowledge,sector-specific,SPARK,,,released,2025-02-27T12:45:08.961Z,,,"http://data.europa.eu/esco/concept-scheme/skills,
http://data.europa.eu/esco/concept-scheme/member-skills,
http://data.europa.eu/esco/concept-scheme/6c930acd-c104-4ece-acf7-f44fd7333036",The Java micro framework software development environment which provide specific features and components that support and guide web applications development.
9589,KnowledgeSkillCompetence,http://data.europa.eu/esco/skill/af8ca5cf-7fd1-4275-a886-e951c335d497,skill/competence,sector-specific,assist multimedia operator,"fill in for the multimedia operator
help out multimedia operators
assist multimedia operators
assist operators of multimedia",,released,2025-02-27T12:45:08.961Z,,,"http://data.europa.eu/esco/concept-scheme/skills,
http://data.europa.eu/esco/concept-scheme/member-skills,
http://data.europa.eu/esco/concept-scheme/6c930acd-c104-4ece-acf7-f44fd7333036",Take over tasks from the multimedia operator as required. Call cues for the multimedia operator or operate the multimedia equipment yourself.
9591,KnowledgeSkillCompetence,http://data.europa.eu/esco/skill/afa14e38-5973-4cce-a077-f796c1ced2cc,knowledge,sector-specific,blockchain,blockchain technology,,released,2024-01-29T11:10:45.73Z,,,"http://data.europa.eu/esco/concept-scheme/skills,
http://data.europa.eu/esco/concept-scheme/member-skills,
http://data.europa.eu/esco/concept-scheme/6c930acd-c104-4ece-acf7-f44fd7333036","A decentralised, public and distributed digital ledger that is employed to record transactions between many computers. It guarantees that the records cannot be modified retroactively without the consensus of the entire network namely all of the subsequent blocks in the chain."
9601,KnowledgeSkillCompetence,http://data.europa.eu/esco/skill/afd63e8c-a4e7-42d3-86c9-3b2dd549a353,knowledge,sector-specific,Parrot Security OS,OS - Parrot Security,,released,2025-11-26T10:24:43.304Z,,,"http://data.europa.eu/esco/concept-scheme/skills,
http://data.europa.eu/esco/concept-scheme/member-skills,
http://data.europa.eu/esco/concept-scheme/6c930acd-c104-4ece-acf7-f44fd7333036","The operating system Parrot Security is a Linux distribution which performs penetration cloud testing, analysing security weaknesses for potentially unauthorised access."
9602,KnowledgeSkillCompetence,http://data.europa.eu/esco/skill/afda6ca0-7aa8-41ef-ba5e-8dc607839daf,knowledge,cross-sector,computer graphics,"vector graphics
interactive computer graphics","Blender
Autodesk Maya
3ds Max
ANSYS",released,2023-11-29T16:25:50.391Z,,,"http://data.europa.eu/esco/concept-scheme/skills,
http://data.europa.eu/esco/concept-scheme/member-skills,
http://data.europa.eu/esco/concept-scheme/6c930acd-c104-4ece-acf7-f44fd7333036","The field that merges approaches from computer science and design. It involves the process of creating images, 3D models generation, as well as the rendering, texturing and lighting them. Its applications vary from digital photography, film and video games, and the display of images on electronic devices."
9608,KnowledgeSkillCompetence,http://data.europa.eu/esco/skill/aff205d0-b338-4020-9c19-45044b545835,skill/competence,occupation-specific,use digital instruments,"utilize digital instruments
use digital instrument
work with digital instruments
using digital instruments",,released,2024-02-09T17:29:14.494Z,,,"http://data.europa.eu/esco/concept-scheme/skills,
http://data.europa.eu/esco/concept-scheme/member-skills,
http://data.europa.eu/esco/concept-scheme/6c930acd-c104-4ece-acf7-f44fd7333036",Use computers or synthesizers to compose and arrange music.
9610,KnowledgeSkillCompetence,http://data.europa.eu/esco/skill/b0096dc5-2e2d-4bc1-8172-05bf486c3968,skill/competence,sector-specific,design application interfaces,design API,,released,2024-02-09T17:29:14.494Z,Application interfaces include Application Programming Interfaces (API).,,"http://data.europa.eu/esco/concept-scheme/skills,
http://data.europa.eu/esco/concept-scheme/member-skills,
http://data.europa.eu/esco/concept-scheme/6c930acd-c104-4ece-acf7-f44fd7333036","Create and program application interfaces, their operations, inputs and outputs and underlying types."
9624,KnowledgeSkillCompetence,http://data.europa.eu/esco/skill/b0288eea-74b3-460a-8ac5-edc4ba70b75c,skill/competence,cross-sector,manage closed-circuit television system,"video surveillance
CCTV",,released,2024-02-09T17:29:11.47Z,,,"http://data.europa.eu/esco/concept-scheme/skills,
http://data.europa.eu/esco/concept-scheme/member-skills,
http://data.europa.eu/esco/concept-scheme/6c930acd-c104-4ece-acf7-f44fd7333036",Oversee a system of cameras inside a facility which transmit a signal to a specific set of display devices.
9630,KnowledgeSkillCompetence,http://data.europa.eu/esco/skill/b04c4965-4fd7-4dfa-a8d4-0cec5c5f5d0c,knowledge,sector-specific,Unreal Engine,Unreal Engine software,"Unreal Engine 4
Unreal Engine 3
Unreal Engine 1
Unreal Engine 2",released,2023-06-08T15:15:44.014Z,,,"http://data.europa.eu/esco/concept-scheme/skills,
http://data.europa.eu/esco/concept-scheme/member-skills,
http://data.europa.eu/esco/concept-scheme/6c930acd-c104-4ece-acf7-f44fd7333036","The game engine Unreal Engine which is a software framework that consists of integrated development environments and specialised design tools, designed for the rapid iteration of user-derived computer games."
9645,KnowledgeSkillCompetence,http://data.europa.eu/esco/skill/b080a008-a35d-4bd0-92e9-edf3773bb2b7,skill/competence,transversal,use communication and collaboration software,"communicate in digital environments
interact through ICT
use e-mail software and services
communicate on-line
communicate online",,released,2022-07-05T14:33:28.658Z,,,"http://data.europa.eu/esco/concept-scheme/skills,
http://data.europa.eu/esco/concept-scheme/member-skills,
http://data.europa.eu/esco/concept-scheme/skill-transversal-groups,
http://data.europa.eu/esco/concept-scheme/6c930acd-c104-4ece-acf7-f44fd7333036","Use simple digital tools and technologies for communicating, interacting and collaborating with others."
9649,KnowledgeSkillCompetence,http://data.europa.eu/esco/skill/b0a3bb25-a02f-43ed-ab1f-994fa66a424a,knowledge,sector-specific,online analytical processing,"OLAP databases
Cube databases
OLAP",,released,2024-02-09T17:29:15.235Z,,,"http://data.europa.eu/esco/concept-scheme/skills,
http://data.europa.eu/esco/concept-scheme/member-skills,
http://data.europa.eu/esco/concept-scheme/6c930acd-c104-4ece-acf7-f44fd7333036","The online tools which analyse, aggregate and present multi-dimensional data enabling users to interactively and selectively extract and view data from specific points of view."
9651,KnowledgeSkillCompetence,http://data.europa.eu/esco/skill/b0ac313d-de44-4344-ada6-76d2177b6d92,knowledge,sector-specific,Synfig,Synfig Studio,,released,2024-02-09T17:29:14.494Z,,,"http://data.europa.eu/esco/concept-scheme/skills,
http://data.europa.eu/esco/concept-scheme/member-skills,
http://data.europa.eu/esco/concept-scheme/6c930acd-c104-4ece-acf7-f44fd7333036",The computer program Synfig is a graphical ICT tool which enables digital editing and composition of graphics to generate both 2D raster or 2D vector graphics. It is developed by Robert Quattlebaum.
9662,KnowledgeSkillCompetence,http://data.europa.eu/esco/skill/b105ec9b-0857-41d6-8d07-a83e58b73d90,knowledge,sector-specific,ICT system programming,"network programming
server side programming",,released,2025-04-16T11:51:55.651Z,,,"http://data.europa.eu/esco/concept-scheme/skills,
http://data.europa.eu/esco/concept-scheme/member-skills,
http://data.europa.eu/esco/concept-scheme/6c930acd-c104-4ece-acf7-f44fd7333036","The methods and tools required to develop system software, specifications of system architectures and interfacing techniques between network and system modules and components."
9669,KnowledgeSkillCompetence,http://data.europa.eu/esco/skill/b11fe9a5-4e80-4cb8-a902-7d53a6b28b47,skill/competence,cross-sector,tend CNC laser cutting machine,"monitor CNC laser cutting machine
oversee CNC laser cutting machine
watch over CNC cutting systems
monitor CNC cutting systems
guard CNC laser cutting machine
watch over CNC laser cutting machine
guard CNC cutting systems
oversee CNC cutting systems",,released,2024-02-09T17:29:09.009Z,,,"http://data.europa.eu/esco/concept-scheme/skills,
http://data.europa.eu/esco/concept-scheme/member-skills,
http://data.europa.eu/esco/concept-scheme/6c930acd-c104-4ece-acf7-f44fd7333036",Monitor and operate a computer numerical controlled (CNC) laser cutting machine according to regulations.
9671,KnowledgeSkillCompetence,http://data.europa.eu/esco/skill/b1272de4-1f5f-408b-8b26-061f2550fc72,knowledge,sector-specific,e-commerce systems,"e-commerce system
e-commercial systems
e commerce organisation
e commerce structure
e-commerce scheme
e-commerce arrangement
e-commercial system",Shopify,released,2025-02-27T12:45:08.961Z,,,"http://data.europa.eu/esco/concept-scheme/skills,
http://data.europa.eu/esco/concept-scheme/member-skills,
http://data.europa.eu/esco/concept-scheme/6c930acd-c104-4ece-acf7-f44fd7333036","Basic digital architecture and commercial transactions for trading products or services conducted via Internet, e-mail, mobile devices, social media, etc."
9675,KnowledgeSkillCompetence,http://data.europa.eu/esco/skill/b13e0689-636d-42d0-86c3-df9d6f85a882,skill/competence,cross-sector,manage environmental management system,"maintain environmental management systems
supervise environmental management systems
manage an environmental management system
oversee environmental management systems
manage environmental management systems
regulate environmental management systems",,released,2024-02-09T17:29:15.235Z,,,"http://data.europa.eu/esco/concept-scheme/skills,
http://data.europa.eu/esco/concept-scheme/green,
http://data.europa.eu/esco/concept-scheme/member-skills,
http://data.europa.eu/esco/concept-scheme/6c930acd-c104-4ece-acf7-f44fd7333036",Develop and implement an environmental management system.
9681,KnowledgeSkillCompetence,http://data.europa.eu/esco/skill/b1604a2d-c26a-427d-bda9-b8073a319fe9,skill/competence,sector-specific,adjust ICT system capacity,adjust ICT network capacity,,released,2024-02-09T17:29:10.678Z,,,"http://data.europa.eu/esco/concept-scheme/skills,
http://data.europa.eu/esco/concept-scheme/member-skills,
http://data.europa.eu/esco/concept-scheme/6c930acd-c104-4ece-acf7-f44fd7333036","Change the scope of an ICT system by adding or reallocating additional ICT system components, such as network components, servers or storage to meet capacity or volume demands."
9682,KnowledgeSkillCompetence,http://data.europa.eu/esco/skill/b16200f4-4f39-4b8b-aa9d-3568054d6bdb,knowledge,sector-specific,Open source model,,JSON,released,2025-02-27T12:45:08.961Z,,,"http://data.europa.eu/esco/concept-scheme/skills,
http://data.europa.eu/esco/concept-scheme/member-skills,
http://data.europa.eu/esco/concept-scheme/6c930acd-c104-4ece-acf7-f44fd7333036","The open source model consists of principles and fundamentals of service-oriented modelling for business and software systems that allow the design and specification of service-oriented business systems within a variety of architectural styles, such as enterprise architecture."
9683,KnowledgeSkillCompetence,http://data.europa.eu/esco/skill/b16bcbcb-1d3f-42b3-a6a5-b91348a72b70,knowledge,sector-specific,WildFly,Jboss,,released,2023-08-11T14:24:02.475Z,,,"http://data.europa.eu/esco/concept-scheme/skills,
http://data.europa.eu/esco/concept-scheme/member-skills,
http://data.europa.eu/esco/concept-scheme/6c930acd-c104-4ece-acf7-f44fd7333036",The open-source application server JBoss is a Linux based platform which supports Java applications and large websites.
9725,KnowledgeSkillCompetence,http://data.europa.eu/esco/skill/b21e2984-c6b2-4352-bbe8-8f3b03bd50f6,knowledge,cross-sector,medical informatics,"medical-informatics
medical data informatics
informatics for medicine",,released,2024-02-09T17:29:10.678Z,,,"http://data.europa.eu/esco/concept-scheme/skills,
http://data.europa.eu/esco/concept-scheme/member-skills,
http://data.europa.eu/esco/concept-scheme/6c930acd-c104-4ece-acf7-f44fd7333036",The processes and tools used for the analysis and dissemination of medical data through computerized systems.
9753,KnowledgeSkillCompetence,http://data.europa.eu/esco/skill/b2bdd9ad-4ecb-4ced-80c3-623686ef5328,skill/competence,sector-specific,perform pill branding,"pill brand applying
pill branding performing
applying brand to pills
apply brand to pills
performing pill branding",,released,2024-02-09T17:29:09.009Z,,,"http://data.europa.eu/esco/concept-scheme/skills,
http://data.europa.eu/esco/concept-scheme/member-skills,
http://data.europa.eu/esco/concept-scheme/6c930acd-c104-4ece-acf7-f44fd7333036",Perform the printing of the institution identity on pills using the pill branding laptop.
9760,KnowledgeSkillCompetence,http://data.europa.eu/esco/skill/b2f9eb81-eda4-49a9-8453-3ba345da2d98,skill/competence,sector-specific,convert into animated object,"convert objects using animation
convert animated objects
convert objects into animation
convert objects",,released,2024-02-09T17:29:15.235Z,,,"http://data.europa.eu/esco/concept-scheme/skills,
http://data.europa.eu/esco/concept-scheme/member-skills,
http://data.europa.eu/esco/concept-scheme/6c930acd-c104-4ece-acf7-f44fd7333036","Convert real objects into visual animation elements, using animation techniques such as optical scanning."
9778,KnowledgeSkillCompetence,http://data.europa.eu/esco/skill/b34e2ba1-9080-48c9-9b42-ee9192a4d3f1,skill/competence,cross-sector,use CAD software,"adopt CAD software
operate CAD software
apply CAD software
use of CAD software
handle CAD software
using CAD software
CAD software use",,released,2024-02-09T17:29:11.47Z,,,"http://data.europa.eu/esco/concept-scheme/skills,
http://data.europa.eu/esco/concept-scheme/member-skills,
http://data.europa.eu/esco/concept-scheme/6c930acd-c104-4ece-acf7-f44fd7333036","Use computer-aided design (CAD) systems to assist in the creation, modification, analysis, or optimisation of a design."
9780,KnowledgeSkillCompetence,http://data.europa.eu/esco/skill/b36176ec-3499-4235-a15c-cb485a386dc6,skill/competence,sector-specific,assemble video tape footage,"assemble footage on video tape
mount footage on tape
assemble raw footage on video tape
assemble video footage on tape",,released,2024-02-09T17:29:15.968Z,,,"http://data.europa.eu/esco/concept-scheme/skills,
http://data.europa.eu/esco/concept-scheme/member-skills,
http://data.europa.eu/esco/concept-scheme/6c930acd-c104-4ece-acf7-f44fd7333036","Assemble all raw video footage, with camera shots either recorded or transferred onto video tape in preparation for inputting into the computer."
9781,KnowledgeSkillCompetence,http://data.europa.eu/esco/skill/b363bb5f-2c79-40af-94da-33e06f9dee9f,skill/competence,cross-sector,apply blended learning,"combine face-to-face and online learning
integrate blended learning
implement mixed learning approaches
employ blended learning
implement blended learning",,released,2024-03-01T11:32:09.941Z,,,"http://data.europa.eu/esco/concept-scheme/skills,
http://data.europa.eu/esco/concept-scheme/member-skills,
http://data.europa.eu/esco/concept-scheme/research,
http://data.europa.eu/esco/concept-scheme/6c930acd-c104-4ece-acf7-f44fd7333036","Be familiar with blended learning tools by combining traditional face-to-face and online learning, using digital tools, online technologies, and e-learning methods."
9793,KnowledgeSkillCompetence,http://data.europa.eu/esco/skill/b3a186be-5f1b-45d3-a468-41183e9780f3,knowledge,occupation-specific,configuration of the tote room hardware,"tote room hardware configuration
arrangement of the tote room hardware
conformation of the tote room hardware",,released,2024-02-09T17:29:09.009Z,,,"http://data.europa.eu/esco/concept-scheme/skills,
http://data.europa.eu/esco/concept-scheme/member-skills,
http://data.europa.eu/esco/concept-scheme/6c930acd-c104-4ece-acf7-f44fd7333036","The functions of various pieces of tote room hardware, the settings and their usage cases."
9797,KnowledgeSkillCompetence,http://data.europa.eu/esco/skill/b3a75400-103f-42c7-b742-be11d161d05b,skill/competence,sector-specific,manage production systems,"run production systems
managing production systems
oversee production systems
manage production system
direct production systems
supervise production systems",,released,2024-02-09T17:29:10.678Z,,,"http://data.europa.eu/esco/concept-scheme/skills,
http://data.europa.eu/esco/concept-scheme/member-skills,
http://data.europa.eu/esco/concept-scheme/6c930acd-c104-4ece-acf7-f44fd7333036","Organize, manage, and maintain all aspects of production, including product design, production planning, and production control systems (for example by the use of the computer program WFM)."
9804,KnowledgeSkillCompetence,http://data.europa.eu/esco/skill/b3c8eada-b0a8-4b61-968b-b354fbfb6874,skill/competence,sector-specific,configure ICT system,set up ICT systems,,released,2025-06-25T12:15:04.406Z,,,"http://data.europa.eu/esco/concept-scheme/skills,
http://data.europa.eu/esco/concept-scheme/member-skills,
http://data.europa.eu/esco/concept-scheme/6c930acd-c104-4ece-acf7-f44fd7333036",Set up and customise an ICT system to meet requirements during initial implementation as well as when new business needs arise.
9813,KnowledgeSkillCompetence,http://data.europa.eu/esco/skill/b3f971b2-6c11-43d3-b5ce-8ba7f5a223c7,knowledge,sector-specific,types of satellites,"functions of different satellites
categories of satellites
purposes of different satellites
classes of orbital satellites
classifications of satellites
kinds of satellites
varieties of satellites
purposes of different orbital satellites
functions of different orbital satellites",,released,2025-02-27T12:45:08.961Z,,,"http://data.europa.eu/esco/concept-scheme/skills,
http://data.europa.eu/esco/concept-scheme/member-skills,
http://data.europa.eu/esco/concept-scheme/6c930acd-c104-4ece-acf7-f44fd7333036","The different types of satellites used for communications, streaming services, surveillance, and scientific research."
9814,KnowledgeSkillCompetence,http://data.europa.eu/esco/skill/b3fc5018-ff7b-46fd-be18-dd4148e9b241,skill/competence,sector-specific,advise customers on type of computer equipment,"help customers on type of computer equipment
advising customers on a type of computer equipment
suggest customers on type of computer equipment
instruct customers on type of computer equipment
advise customers on types of computer equipment
recommend customers on type of computer equipment
advise a customers on a type of computer equipment
commend customers on type of computer equipment",,released,2024-02-09T17:29:09.009Z,,,"http://data.europa.eu/esco/concept-scheme/skills,
http://data.europa.eu/esco/concept-scheme/member-skills,
http://data.europa.eu/esco/concept-scheme/6c930acd-c104-4ece-acf7-f44fd7333036",Provide customers with professional advice on computers and software.
9817,KnowledgeSkillCompetence,http://data.europa.eu/esco/skill/b4057ecb-06d6-45db-a352-ce73e3fd991d,knowledge,sector-specific,blockchain history,"blockchain technology history
history of blockchain",,released,2023-11-29T16:33:30.995Z,,,"http://data.europa.eu/esco/concept-scheme/skills,
http://data.europa.eu/esco/concept-scheme/member-skills,
http://data.europa.eu/esco/concept-scheme/6c930acd-c104-4ece-acf7-f44fd7333036",Key historical facts and milestones in the blockchain technology as well as the implementations and applications that emerged on top of it.
9847,KnowledgeSkillCompetence,http://data.europa.eu/esco/skill/b4877620-c375-45f3-a678-2ddb4dae6a29,skill/competence,sector-specific,repair ICT devices,maintain ICT devices,,released,2025-04-16T11:56:57.926Z,,,"http://data.europa.eu/esco/concept-scheme/skills,
http://data.europa.eu/esco/concept-scheme/member-skills,
http://data.europa.eu/esco/concept-scheme/6c930acd-c104-4ece-acf7-f44fd7333036","Maintain and repair ICT related equipment such as laptops, desktops, tablets, mobile devices, communications equipment, printers and any piece of computer related peripheral. Detect faults, malfunctions and replace parts if necessary."
9872,KnowledgeSkillCompetence,http://data.europa.eu/esco/skill/b4dc6e4f-dc7d-445f-8ce2-d7b9d225e282,knowledge,sector-specific,AJAX,"AJAX technology
AJAX software
AJAX techniques",,released,2025-06-25T08:20:05.218Z,,,"http://data.europa.eu/esco/concept-scheme/skills,
http://data.europa.eu/esco/concept-scheme/member-skills,
http://data.europa.eu/esco/concept-scheme/6c930acd-c104-4ece-acf7-f44fd7333036","The techniques and principles of software development, such as analysis, algorithms, coding, testing and compiling of programming paradigms in AJAX."
9905,KnowledgeSkillCompetence,http://data.europa.eu/esco/skill/b5b09dac-5b28-40a5-b671-5f9aa31f65d8,skill/competence,sector-specific,operate audio equipment,"operate broadcast studio controls
apply audio technology",,released,2024-02-09T17:29:15.235Z,,,"http://data.europa.eu/esco/concept-scheme/skills,
http://data.europa.eu/esco/concept-scheme/member-skills,
http://data.europa.eu/esco/concept-scheme/6c930acd-c104-4ece-acf7-f44fd7333036","Apply technologies for re-creation or recording of sounds, such as speaking, sound of instruments in electrical or mechanical form."
9908,KnowledgeSkillCompetence,http://data.europa.eu/esco/skill/b5c7e0dc-dda3-4790-a7d1-d6d8023b3089,knowledge,sector-specific,database quality standards,"databases quality standards
evaluation of database quality
database quality evaluation
database quality standard
quality standards for databases
quality standard for databases
databases quality evaluation",,released,2024-02-09T17:29:12.952Z,,,"http://data.europa.eu/esco/concept-scheme/skills,
http://data.europa.eu/esco/concept-scheme/member-skills,
http://data.europa.eu/esco/concept-scheme/6c930acd-c104-4ece-acf7-f44fd7333036","Techniques and methods of estimation and evaluation of system quality and overall database quality, as well as the set quality standards and regulations."
9929,KnowledgeSkillCompetence,http://data.europa.eu/esco/skill/b633eb55-8f1f-4ae6-ab4c-2022ffe2cb7f,knowledge,sector-specific,C++,"C++ software
C++ framework",,released,2025-06-25T08:20:05.218Z,,,"http://data.europa.eu/esco/concept-scheme/skills,
http://data.europa.eu/esco/concept-scheme/member-skills,
http://data.europa.eu/esco/concept-scheme/6c930acd-c104-4ece-acf7-f44fd7333036","The techniques and principles of software development, such as analysis, algorithms, coding, testing and compiling of programming paradigms in C++."
9931,KnowledgeSkillCompetence,http://data.europa.eu/esco/skill/b63ba4e4-ebf4-4e17-b0d6-662244022a4f,skill/competence,sector-specific,provide guidelines for content development,provide guidelines and standards for content development,,released,2024-02-09T17:29:09.851Z,,,"http://data.europa.eu/esco/concept-scheme/skills,
http://data.europa.eu/esco/concept-scheme/member-skills,
http://data.europa.eu/esco/concept-scheme/6c930acd-c104-4ece-acf7-f44fd7333036","Develop standards and structures for content development such as formats, styles, layout, structures, content types, terminology, XML and DITA. Implement them in document type definitions and apply them during work process and evaluate results in light of established standards."
9968,KnowledgeSkillCompetence,http://data.europa.eu/esco/skill/b6d14ab8-3441-4cbe-8a0e-5b4f7f994730,skill/competence,cross-sector,develop digital educational materials,"develop instructional material for educators
develop instructional material
develop educational materials
develop educational resources
develop digitized educational materials
develop instructional material for education",,released,2024-02-09T17:29:16.725Z,,,"http://data.europa.eu/esco/concept-scheme/skills,
http://data.europa.eu/esco/concept-scheme/member-skills,
http://data.europa.eu/esco/concept-scheme/6c930acd-c104-4ece-acf7-f44fd7333036","Create resources and instructional materials (e-learning, educational video and audio material, educational prezi) using digital technologies to transfer insight and awareness in order to improve learners’ expertise."
9996,KnowledgeSkillCompetence,http://data.europa.eu/esco/skill/b769f524-0f25-44d7-8538-5c46710a040e,skill/competence,cross-sector,manage digital documents,"Alfresco Standard Network
Dokmee
Enterprise Content Management
FileHold
Athento Smart Document Management
FileNet Content Manager
FileCenter Pro
SIVADOC
M-Files DMS
Nuxeo Document Management
DocuXplorer
BlueDoc
managing digital documents
manage digital files
PaperPort Pro
DocPoint
OneDrive
docSTAR eclipse","Dokmee
Athento Smart Document Management
SIVADOC
DocuXplorer
BlueDoc
FileNet Content Manager
Enterprise Content Management
FileHold
FileCenter Pro
PaperPort Pro
docSTAR eclipse
Nuxeo Document Management
DocPoint
Alfresco Standard Network
M-Files DMS
OneDrive",released,2024-02-09T17:29:15.235Z,,,"http://data.europa.eu/esco/concept-scheme/skills,
http://data.europa.eu/esco/concept-scheme/member-skills,
http://data.europa.eu/esco/concept-scheme/6c930acd-c104-4ece-acf7-f44fd7333036","Manage various data formats and files by naming, publishing, transforming and sharing files and documents and transforming file formats."
10004,KnowledgeSkillCompetence,http://data.europa.eu/esco/skill/b78f324d-e16c-43f8-97d2-50d3a7cd1fb3,skill/competence,cross-sector,work with virtual learning environments,"working with virtual learning environments
use virtual learning environments
works with virtual learning environments
engage with virtual learning environments
employ virtual learning environments
work with virtual learning environment",,released,2024-02-09T17:29:09.851Z,,,"http://data.europa.eu/esco/concept-scheme/skills,
http://data.europa.eu/esco/concept-scheme/member-skills,
http://data.europa.eu/esco/concept-scheme/6c930acd-c104-4ece-acf7-f44fd7333036",Incorporate the use of online learning environments and platforms into the process of instruction.
10009,KnowledgeSkillCompetence,http://data.europa.eu/esco/skill/b7b381f5-7de2-4f91-9a8f-524041cb47d9,knowledge,cross-sector,instrumentation engineering,"discipline control engineering
science of control engineering
discipline of instrumentation engineering
control engineering
science of instrumentation engineering",,released,2024-02-09T17:29:11.47Z,,,"http://data.europa.eu/esco/concept-scheme/skills,
http://data.europa.eu/esco/concept-scheme/member-skills,
http://data.europa.eu/esco/concept-scheme/6c930acd-c104-4ece-acf7-f44fd7333036",The science and engineering discipline that attempts to control process variables of production and manufacturing. It also focuses on the design of systems with desired behaviours. These systems use sensors to measure the output performance of the device that is being controlled.
10032,KnowledgeSkillCompetence,http://data.europa.eu/esco/skill/b820c9de-4d00-4e79-9af9-33f26044ff42,skill/competence,sector-specific,teach computer science,"teaching computer science
teaches computer science
explain computer science
provide instruction on computer science
educate on computer science",,released,2024-02-09T17:29:09.009Z,,,"http://data.europa.eu/esco/concept-scheme/skills,
http://data.europa.eu/esco/concept-scheme/member-skills,
http://data.europa.eu/esco/concept-scheme/6c930acd-c104-4ece-acf7-f44fd7333036","Instruct students in the theory and practice of computer science, more specifically in the development of software systems, programming languages, artificial intelligence, and software security."
10034,KnowledgeSkillCompetence,http://data.europa.eu/esco/skill/b8271c8a-cba6-4baa-80f5-6361af3f07e3,skill/competence,sector-specific,ensure adherence to organisational ICT standards,"guarantee adherence to organisational ICT standards
enforce adherence to corporate ICT regulations
guarantee compliance with company IT standards",,released,2024-03-01T08:49:27.513Z,,,"http://data.europa.eu/esco/concept-scheme/skills,
http://data.europa.eu/esco/concept-scheme/member-skills,
http://data.europa.eu/esco/concept-scheme/6c930acd-c104-4ece-acf7-f44fd7333036","Guarantee that the state of events is in accordance with the ICT rules and procedures described by an organisation for their products, services and solutions."
10061,KnowledgeSkillCompetence,http://data.europa.eu/esco/skill/b8b2a035-38f0-4c0e-94ee-edefc266c643,knowledge,sector-specific,microelectromechanical systems,"types of microelectromechanical systems
micro-electro-mechanical systems
types of micro-electro-mechanical systems
miniaturised electro-mechanical systems
types of miniaturised electromechanical systems
types of miniaturised electro-mechanical systems
typology of miniaturised electromechanical systems
typology of micro-electro-mechanical systems
MEMS
types of MEMS
typology of microelectromechanical systems
miniaturised electromechanical systems
typology of miniaturised electro-mechanical systems
typology of MEMS",,released,2023-04-04T10:16:13.805Z,,,"http://data.europa.eu/esco/concept-scheme/skills,
http://data.europa.eu/esco/concept-scheme/member-skills,
http://data.europa.eu/esco/concept-scheme/6c930acd-c104-4ece-acf7-f44fd7333036","Microelectromechanical systems (MEMS) are miniaturised electromechanical systems made using processes of microfabrication. MEMS consist of microsensors, microactuators, microstructures, and microelectronics. MEMS can be used in a range of appliances, such as ink jet printer heads, digital light processors, gyroscopes in smart phones, accelerometers for airbags, and miniature microphones."
10065,KnowledgeSkillCompetence,http://data.europa.eu/esco/skill/b8c01891-e3df-4a4b-948d-95b45e1788f5,knowledge,sector-specific,mobile device software frameworks,"mobile phone software frameworks
android software frameworks
windows phone software frameworks
iOS software frameworks
cell phone device software frameworks",,released,2022-07-05T14:33:28.658Z,,,"http://data.europa.eu/esco/concept-scheme/skills,
http://data.europa.eu/esco/concept-scheme/member-skills,
http://data.europa.eu/esco/concept-scheme/6c930acd-c104-4ece-acf7-f44fd7333036","The API (Application Program Interfaces), such as Android, iOS, windows phone which enables programmers to quickly and easily write applications for mobile devices."
10072,KnowledgeSkillCompetence,http://data.europa.eu/esco/skill/b8df1689-6763-437d-bfca-fe03d43f36c3,knowledge,occupation-specific,Computer Assisted Language Learning,CALL,,released,2023-11-29T16:27:34.988Z,,,"http://data.europa.eu/esco/concept-scheme/skills,
http://data.europa.eu/esco/concept-scheme/member-skills,
http://data.europa.eu/esco/concept-scheme/6c930acd-c104-4ece-acf7-f44fd7333036","A language teaching and learning approach in which information technologies as well as computer-based resources are used to reinforce, present, make interactive and assess second or foreign languages to be learned."
10077,KnowledgeSkillCompetence,http://data.europa.eu/esco/skill/b8eb2517-37d8-43e6-9856-9c29d5c51fde,knowledge,sector-specific,Filemaker (database management systems),"FileMaker Pro
FileMaker
FileMaker Go",,released,2022-07-05T14:33:44.716Z,,,"http://data.europa.eu/esco/concept-scheme/skills,
http://data.europa.eu/esco/concept-scheme/member-skills,
http://data.europa.eu/esco/concept-scheme/6c930acd-c104-4ece-acf7-f44fd7333036","The computer program FileMaker is a tool for creating, updating and managing databases, developed by the software company FileMaker Inc."
10082,KnowledgeSkillCompetence,http://data.europa.eu/esco/skill/b916d60e-38e9-4241-914a-4e2144bda711,skill/competence,cross-sector,operate computerised control systems,"operate computerized systems for production control
use computerised systems for production control
operate computerised systems for production control
use computerised control systems
use computerized control systems
use computerized systems for production control
operate computerized control systems",,released,2025-11-26T10:27:01.265Z,,,"http://data.europa.eu/esco/concept-scheme/skills,
http://data.europa.eu/esco/concept-scheme/member-skills,
http://data.europa.eu/esco/concept-scheme/6c930acd-c104-4ece-acf7-f44fd7333036","Operate electronic or computerised control panels to monitor and optimise processes, and to control process start-up and shut-downs."
10085,KnowledgeSkillCompetence,http://data.europa.eu/esco/skill/b928ae44-b19f-49c7-a823-b09094de1063,skill/competence,cross-sector,repair equipment on site,"mend equipment on site
repair equipment on sites
overhaul equipment on site
repairing equipment on site
reconstruct equipment on site
repair equipment on a site
restore equipment on site",,released,2024-02-09T17:29:12.952Z,,,"http://data.europa.eu/esco/concept-scheme/skills,
http://data.europa.eu/esco/concept-scheme/member-skills,
http://data.europa.eu/esco/concept-scheme/6c930acd-c104-4ece-acf7-f44fd7333036","Identify malfunctions and repair or replace multi-media, audio-visual and computer systems, hardware and equipment on site."
10103,KnowledgeSkillCompetence,http://data.europa.eu/esco/skill/b997afc1-19a7-4208-8010-fa0ffef15799,skill/competence,sector-specific,manage archive users guidelines,"maintain archive users guidelines
manage archive user guidelines
oversee archive users guidelines
manage guidelines for archive users
managing archive users guidelines",,released,2024-02-09T17:29:16.725Z,,,"http://data.europa.eu/esco/concept-scheme/skills,
http://data.europa.eu/esco/concept-scheme/member-skills,
http://data.europa.eu/esco/concept-scheme/6c930acd-c104-4ece-acf7-f44fd7333036",Establish policy guidelines on public access to a (digital) archive and the cautious use of present materials. Communicate the guidelines to archive visitors.
10105,KnowledgeSkillCompetence,http://data.europa.eu/esco/skill/b99c9b86-b16f-4592-8505-de3d9c99e25b,knowledge,occupation-specific,digital arts,"born-digital artworks
digital photography
pixel art",,released,2023-10-26T15:30:01.223Z,,,"http://data.europa.eu/esco/concept-scheme/skills,
http://data.europa.eu/esco/concept-scheme/member-skills,
http://data.europa.eu/esco/concept-scheme/6c930acd-c104-4ece-acf7-f44fd7333036","The production of art through digital tools, software, computers or other electronic devices. It involves the use of various mediums for artistic expression such as digital photography or computer graphics as well as pixel art."
10107,KnowledgeSkillCompetence,http://data.europa.eu/esco/skill/b9a57803-7f3d-42a7-a652-03c96de1d42f,skill/competence,sector-specific,model optical systems,"optical system simulating
optical system modelling
optical systems modelling
optical systems simulating
simulate optical systems
simulating optical systems
modelling optical systems",,released,2024-02-09T17:29:12.215Z,,,"http://data.europa.eu/esco/concept-scheme/skills,
http://data.europa.eu/esco/concept-scheme/member-skills,
http://data.europa.eu/esco/concept-scheme/6c930acd-c104-4ece-acf7-f44fd7333036","Model and simulate optical systems, products, and components using technical design software. Assess the viability of the product and examine the physical parameters to ensure a successful production process."
10112,KnowledgeSkillCompetence,http://data.europa.eu/esco/skill/b9aad733-959a-4178-984f-53e4bd05b420,skill/competence,sector-specific,maintain internet protocol configuration,"maintain TCP/IP configuration
apply Internet Protocol Configuration
maintain IP configuration
maintain TCP configuration",,released,2025-04-16T10:05:12.588Z,,,"http://data.europa.eu/esco/concept-scheme/skills,
http://data.europa.eu/esco/concept-scheme/member-skills,
http://data.europa.eu/esco/concept-scheme/6c930acd-c104-4ece-acf7-f44fd7333036",Apply Internet Protocol Configuration (ipconfig) to gather data on Transmission Control Protocol/Internet Protocol (TCP/IP) configuration values in order to identify devices and their IP addresses.
10118,KnowledgeSkillCompetence,http://data.europa.eu/esco/skill/b9e451f5-a62f-4a16-a229-255fa5c222a5,skill/competence,sector-specific,perform virtual simulation,"conduct digital simulation
carry out virtual simulation",,released,2024-02-27T10:32:10.998Z,,,"http://data.europa.eu/esco/concept-scheme/skills,
http://data.europa.eu/esco/concept-scheme/member-skills,
http://data.europa.eu/esco/concept-scheme/6c930acd-c104-4ece-acf7-f44fd7333036","Perform all the steps of a virtual simulation, including the correct positioning and immobilisation of the patient, acquisition of the necessary images and recording reference points and other marks."
10126,KnowledgeSkillCompetence,http://data.europa.eu/esco/skill/ba04b19b-0b18-4d5c-b799-4db31a98e58d,knowledge,sector-specific,BlackBerry,BlackBerry System,,released,2025-06-25T08:20:05.218Z,,,"http://data.europa.eu/esco/concept-scheme/skills,
http://data.europa.eu/esco/concept-scheme/member-skills,
http://data.europa.eu/esco/concept-scheme/6c930acd-c104-4ece-acf7-f44fd7333036","The system software BlackBerry consists of features, restrictions, architectures and other characteristics of operating systems designed to run on mobile devices."
10128,KnowledgeSkillCompetence,http://data.europa.eu/esco/skill/ba1b0441-a6b8-4e57-8ccc-871012f63e42,knowledge,sector-specific,trading software,"trading application
trading software solution","Multifonds
Kondor+
Murex",released,2024-02-08T11:56:53.573Z,,,"http://data.europa.eu/esco/concept-scheme/skills,
http://data.europa.eu/esco/concept-scheme/member-skills,
http://data.europa.eu/esco/concept-scheme/6c930acd-c104-4ece-acf7-f44fd7333036",The finance and trading integrated software solutions.
10148,KnowledgeSkillCompetence,http://data.europa.eu/esco/skill/ba93b71b-c433-4a01-8246-ed2daa85a9a2,skill/competence,transversal,conduct web searches,"search for information online
use search engine
look for information on the Internet","use Swoogle
use Bing
use Google search
use Yahoo! search",released,2023-07-12T10:40:40.488Z,,,"http://data.europa.eu/esco/concept-scheme/skills,
http://data.europa.eu/esco/concept-scheme/member-skills,
http://data.europa.eu/esco/concept-scheme/skill-transversal-groups,
http://data.europa.eu/esco/concept-scheme/6c930acd-c104-4ece-acf7-f44fd7333036","Search data, information and content through simple searches in digital environments."
10154,KnowledgeSkillCompetence,http://data.europa.eu/esco/skill/bac209e9-d337-4312-9041-17c2e75fa4df,knowledge,cross-sector,hardware industry,"hardware manufacture
the hardware industry
hardware trader
hardware industries
hardware business
hardware company",,released,2024-02-09T17:29:14.494Z,,,"http://data.europa.eu/esco/concept-scheme/skills,
http://data.europa.eu/esco/concept-scheme/member-skills,
http://data.europa.eu/esco/concept-scheme/6c930acd-c104-4ece-acf7-f44fd7333036",Different tools and brands in the hardware industry such as power tools.
10160,KnowledgeSkillCompetence,http://data.europa.eu/esco/skill/bad66a63-4e3f-41f9-9e5d-a4d5f12f8d36,skill/competence,cross-sector,create GIS reports,"preparing GIS reports
creation of GIS reports
creating of geographic information systems reports
creating GIS reports
create geographic information systems reports
prepare GIS reports
creating geographic information systems reports
prepare geographic information systems reports
geographic information systems report creation
preparing geographic information systems reports
preparation of geographic information systems reports
GIS report preparation
GIS report creation
creation of geographic information systems reports
creating of GIS reports
preparation of GIS reports
geographic information systems report preparation",,released,2024-02-09T17:29:13.7Z,,,"http://data.europa.eu/esco/concept-scheme/skills,
http://data.europa.eu/esco/concept-scheme/member-skills,
http://data.europa.eu/esco/concept-scheme/6c930acd-c104-4ece-acf7-f44fd7333036","Use relevant geographic informations systems to create reports and maps based on geospatial information, using GIS software programmes."
10166,KnowledgeSkillCompetence,http://data.europa.eu/esco/skill/baf1fadb-975a-42be-9744-d8ba02304d09,knowledge,sector-specific,Samurai Web Testing Framework,"OWASP Samurai WTF
SamuraiWTF",,released,2025-06-25T08:20:05.218Z,,,"http://data.europa.eu/esco/concept-scheme/skills,
http://data.europa.eu/esco/concept-scheme/member-skills,
http://data.europa.eu/esco/concept-scheme/6c930acd-c104-4ece-acf7-f44fd7333036",The linux environment Samurai Web Testing Framework is a specialised penetration testing tool which tests security weaknesses of websites for potentially unauthorised access.
10174,KnowledgeSkillCompetence,http://data.europa.eu/esco/skill/bb165899-d95f-4433-95f2-173fefd716d2,skill/competence,cross-sector,develop statistical software,"define statistical software
prepare statistical software
developing statistical software
create statistical software
write statistical software",,released,2024-02-09T17:29:11.47Z,,,"http://data.europa.eu/esco/concept-scheme/skills,
http://data.europa.eu/esco/concept-scheme/member-skills,
http://data.europa.eu/esco/concept-scheme/6c930acd-c104-4ece-acf7-f44fd7333036","Participate in the various development stages of computer programs for econometric and statistical analysis, such as research, new product development, prototyping, and maintenance."
10175,KnowledgeSkillCompetence,http://data.europa.eu/esco/skill/bb2a71c4-ff2e-47cf-ab44-684797a1ee5d,knowledge,sector-specific,computational mechanics,mechanics computing,,released,2023-11-29T16:24:47.027Z,,,"http://data.europa.eu/esco/concept-scheme/skills,
http://data.europa.eu/esco/concept-scheme/member-skills,
http://data.europa.eu/esco/concept-scheme/6c930acd-c104-4ece-acf7-f44fd7333036","The use of modelling and simulation to predict complex physical behaviours in science and engineering. It interacts with other areas in mechanics including solid mechanics and fluid mechanics, but also material science, mathematics and numerical methods."
10176,KnowledgeSkillCompetence,http://data.europa.eu/esco/skill/bb2b4485-2bad-402f-8517-44bf7d9afff4,skill/competence,sector-specific,implement anti-virus software,"load malware protection
loading malware protection
installing anti-malware software
install anti-virus software
anti-virus software installing
install anti-malware software
anti-malware software installing
implementing anti-virus software
anti-virus software implementing
installing anti-virus software",,released,2024-02-09T17:29:13.7Z,,,"http://data.europa.eu/esco/concept-scheme/skills,
http://data.europa.eu/esco/concept-scheme/member-skills,
http://data.europa.eu/esco/concept-scheme/6c930acd-c104-4ece-acf7-f44fd7333036","Download, install and update software to prevent, detect and remove malicious software, such as computer viruses."
10184,KnowledgeSkillCompetence,http://data.europa.eu/esco/skill/bb562019-5222-45db-a16c-730edbb1d27c,skill/competence,occupation-specific,define ICT network design policies,"define ICT network architecture framework
establish ICT network design policies
specify ICT network design principles",,released,2025-06-25T08:45:06.159Z,,,"http://data.europa.eu/esco/concept-scheme/skills,
http://data.europa.eu/esco/concept-scheme/member-skills,
http://data.europa.eu/esco/concept-scheme/6c930acd-c104-4ece-acf7-f44fd7333036","Specify policies, principles, rules, processes and criteria for the design, planning and realisation of ICT networks."
10195,KnowledgeSkillCompetence,http://data.europa.eu/esco/skill/bb979b3b-8292-409f-8c27-b17e13bab8bb,skill/competence,sector-specific,mix live images,"mixing live images
portray images of combined live events
mix live imaging
combine live event images",,released,2024-02-09T17:29:15.968Z,,,"http://data.europa.eu/esco/concept-scheme/skills,
http://data.europa.eu/esco/concept-scheme/member-skills,
http://data.europa.eu/esco/concept-scheme/6c930acd-c104-4ece-acf7-f44fd7333036",Follow different video streams of a live event and mix them together using specialised equipment and software.
10197,KnowledgeSkillCompetence,http://data.europa.eu/esco/skill/bb99af26-71ff-4dca-bde7-1eb1f6194426,knowledge,sector-specific,SAP R3,"SAP R/3
SAP R/3 Enterprise Edition
SAP S/4 HANA
SAP R/1
SAP ERP
SAP R/2
SAP R/3 Enterprise Central Component
SAP ERP 6.0: Enhancement Packages",,released,2024-02-09T17:29:11.47Z,,,"http://data.europa.eu/esco/concept-scheme/skills,
http://data.europa.eu/esco/concept-scheme/member-skills,
http://data.europa.eu/esco/concept-scheme/6c930acd-c104-4ece-acf7-f44fd7333036","The techniques and principles of software development, such as analysis, algorithms, coding, testing and compiling of programming paradigms in SAP R3."
10201,KnowledgeSkillCompetence,http://data.europa.eu/esco/skill/bbbd263e-affb-4ec8-84fb-3e5d9e62306b,skill/competence,sector-specific,model hardware,"simulate computer hardware
model computer hardware
computer hardware modelling
modelling hardware
hardware simulating
simulating computer hardware
computer hardware simulating
simulating hardware
modelling computer hardware
hardware modelling",,released,2024-02-09T17:29:15.968Z,,,"http://data.europa.eu/esco/concept-scheme/skills,
http://data.europa.eu/esco/concept-scheme/member-skills,
http://data.europa.eu/esco/concept-scheme/6c930acd-c104-4ece-acf7-f44fd7333036",Model and simulate computer hardware using technical design software. Assess the viability of the product and examine the physical parameters to ensure a successful production process.
10221,KnowledgeSkillCompetence,http://data.europa.eu/esco/skill/bc067d2e-e151-408f-8e34-24effd2b7fd6,skill/competence,sector-specific,use e-procurement,"use electronic procurement
employ e-procurement
employ electronic procurement
utilize e-procurement
utilise e-procurement",,released,2024-02-26T16:54:21.107Z,,,"http://data.europa.eu/esco/concept-scheme/skills,
http://data.europa.eu/esco/concept-scheme/member-skills,
http://data.europa.eu/esco/concept-scheme/6c930acd-c104-4ece-acf7-f44fd7333036","Use digital procurement technologies and e-procurement applications and tools in order to reduce administrative burden, improve efficiency, and strengthen transparency and accountability of procurement procedures."
10223,KnowledgeSkillCompetence,http://data.europa.eu/esco/skill/bc0b0b5d-f6be-405a-b224-b6902a4dbe97,skill/competence,cross-sector,manage digital identity,protecting privacy and identity on the Internet,,released,2024-02-09T17:29:09.009Z,,,"http://data.europa.eu/esco/concept-scheme/skills,
http://data.europa.eu/esco/concept-scheme/member-skills,
http://data.europa.eu/esco/concept-scheme/skill-transversal-groups,
http://data.europa.eu/esco/concept-scheme/6c930acd-c104-4ece-acf7-f44fd7333036,
http://data.europa.eu/esco/concept-scheme/digcomp","Create and manage one or multiple digital identities, be able to protect one's own reputation, deal with the data that one produces through several digital tools, environments and services."
10263,KnowledgeSkillCompetence,http://data.europa.eu/esco/skill/bcc0db5f-c1e8-4f08-b68b-020396ef07b9,skill/competence,sector-specific,use audio reproduction software,"employ audio reproduction tools
operate audio reproduction software",,released,2025-06-25T12:15:04.406Z,,,"http://data.europa.eu/esco/concept-scheme/skills,
http://data.europa.eu/esco/concept-scheme/member-skills,
http://data.europa.eu/esco/concept-scheme/6c930acd-c104-4ece-acf7-f44fd7333036","Operate software and equipment that transform and reproduce digital, analogue sounds and sound waves into the desired perceivable audio to be streamed."
10276,KnowledgeSkillCompetence,http://data.europa.eu/esco/skill/bd08f332-a295-4a59-a13a-05b08ca3761b,skill/competence,cross-sector,install monitors for process control,install monitors for surveillance,,released,2024-02-09T17:29:13.7Z,,,"http://data.europa.eu/esco/concept-scheme/skills,
http://data.europa.eu/esco/concept-scheme/member-skills,
http://data.europa.eu/esco/concept-scheme/6c930acd-c104-4ece-acf7-f44fd7333036",Plan and deploy a system of monitors for controlling specific processes in an organisation or a system.
10279,KnowledgeSkillCompetence,http://data.europa.eu/esco/skill/bd14968e-e409-45af-b362-3495ed7b10e0,knowledge,sector-specific,cloud technologies,"cloud computing
edge computing",AWS,released,2025-02-27T12:45:08.961Z,,,"http://data.europa.eu/esco/concept-scheme/skills,
http://data.europa.eu/esco/concept-scheme/member-skills,
http://data.europa.eu/esco/concept-scheme/6c930acd-c104-4ece-acf7-f44fd7333036","The technologies which enable access to hardware, software, data and services through remote servers and software networks irrespective of their location and architecture."
10308,KnowledgeSkillCompetence,http://data.europa.eu/esco/skill/bdb4f02e-72d5-41ca-a662-0498dc3fb070,knowledge,occupation-specific,health technology assessment,"health technology evaluation
health innovation assessment
health technology appraisal",,released,2024-02-27T10:20:30.062Z,,,"http://data.europa.eu/esco/concept-scheme/skills,
http://data.europa.eu/esco/concept-scheme/member-skills,
http://data.europa.eu/esco/concept-scheme/6c930acd-c104-4ece-acf7-f44fd7333036","The assessment of the properties, performance and effects of health technologies aimed at detecting the direct and indirect effects of health technologies and their desired and undesired consequences."
10327,KnowledgeSkillCompetence,http://data.europa.eu/esco/skill/be0ff6d8-5e61-4021-9c89-e40cf0b75cc6,skill/competence,sector-specific,measure software usability,"usability evaluation
perform software usability testing",,released,2024-02-09T17:29:09.009Z,,,"http://data.europa.eu/esco/concept-scheme/skills,
http://data.europa.eu/esco/concept-scheme/member-skills,
http://data.europa.eu/esco/concept-scheme/6c930acd-c104-4ece-acf7-f44fd7333036",Check the convenience of the software product for the end user. Identify user problems and make adjustments to improve usability practice. Collect input data on how users evaluate software products.
10329,KnowledgeSkillCompetence,http://data.europa.eu/esco/skill/be149bed-a789-48ee-832b-620ccf776af9,knowledge,sector-specific,Frostbite (digital game creation systems),"Frostbite 1.5
Frostbite 2
Frostbite 3
Frostbite",,released,2022-07-05T14:33:44.716Z,,,"http://data.europa.eu/esco/concept-scheme/skills,
http://data.europa.eu/esco/concept-scheme/member-skills,
http://data.europa.eu/esco/concept-scheme/6c930acd-c104-4ece-acf7-f44fd7333036","The game engine Frostbite which is a software framework that consists of integrated development environments and specialised design tools, designed for the rapid iteration of user-derived computer games."
10337,KnowledgeSkillCompetence,http://data.europa.eu/esco/skill/be457a1c-5973-4781-9bb8-809703931f43,knowledge,cross-sector,types of audiovisual formats,"audio-visual formats varieties
type of audio-visual format
a type of audio-visual format
categories of audio-visual formats
kinds of audio-visual formats
brands of audio-visual formats
varieties of audio-visual formats
audio-visual format types",,released,2024-02-09T17:29:11.47Z,,,"http://data.europa.eu/esco/concept-scheme/skills,
http://data.europa.eu/esco/concept-scheme/member-skills,
http://data.europa.eu/esco/concept-scheme/6c930acd-c104-4ece-acf7-f44fd7333036","Various audio and video formats, including digital."
10342,KnowledgeSkillCompetence,http://data.europa.eu/esco/skill/be59c6bd-0e88-4ffe-bc81-50b86be815e6,skill/competence,occupation-specific,create 3D texture map,"design 3D texture map
generate 3D texture map
construct 3D texture map
produce 3D texture map
develop 3D texture map
build 3D texture map",,released,2025-06-25T12:15:04.406Z,,,"http://data.europa.eu/esco/concept-scheme/skills,
http://data.europa.eu/esco/concept-scheme/member-skills,
http://data.europa.eu/esco/concept-scheme/6c930acd-c104-4ece-acf7-f44fd7333036","Add detail, colour or surface texture to a computer-based 3D-model or graphic."
10347,KnowledgeSkillCompetence,http://data.europa.eu/esco/skill/be64bb4c-84ac-4c83-8cc7-fc8593e15136,skill/competence,sector-specific,test system accessibility for users with special needs,ensure software accessibility,,released,2025-06-25T12:15:04.406Z,,,"http://data.europa.eu/esco/concept-scheme/skills,
http://data.europa.eu/esco/concept-scheme/member-skills,
http://data.europa.eu/esco/concept-scheme/6c930acd-c104-4ece-acf7-f44fd7333036",Examine whether software interface complies with standards and regulations so that the system can be used by people with special needs.
10353,KnowledgeSkillCompetence,http://data.europa.eu/esco/skill/be80acfc-b6f2-4411-9b8d-b19d9cd2556a,knowledge,sector-specific,Swift (computer programming),"Swift programming paradigms
Swift software development techniques
Swift software development principles
Swift
Swift algorithms",,released,2024-02-26T09:15:55.843Z,,,"http://data.europa.eu/esco/concept-scheme/skills,
http://data.europa.eu/esco/concept-scheme/member-skills,
http://data.europa.eu/esco/concept-scheme/6c930acd-c104-4ece-acf7-f44fd7333036","The techniques and principles of software development, such as analysis, algorithms, coding, testing and compiling of programming paradigms in Swift."
10366,KnowledgeSkillCompetence,http://data.europa.eu/esco/skill/bec4359e-cb92-468f-a997-8fb28e32fba9,knowledge,sector-specific,ICT project management methodologies,"Code and fix development
Benefits realization management
Agile
Scrum
structured methodology
prince2
Extreme project management
agile
Critical chain project management
software development methodologies
project management framework
project management software","Benefits realization management
Jira
Kanban
Critical chain project management
Code and fix development
Extreme project management
Scrum",released,2025-04-17T13:04:43.31Z,,,"http://data.europa.eu/esco/concept-scheme/skills,
http://data.europa.eu/esco/concept-scheme/member-skills,
http://data.europa.eu/esco/concept-scheme/6c930acd-c104-4ece-acf7-f44fd7333036","The methodologies or models for planning, managing and overseeing of ICT resources in order to meet specific goals, such methodologies are Waterfall, Incremental, V-Model, Scrum or Agile and using project management ICT tools."
10370,KnowledgeSkillCompetence,http://data.europa.eu/esco/skill/bedd8fa7-5a64-4134-9095-58f5709e25e4,knowledge,sector-specific,Moodle,Moodle e-learning platform,,released,2025-06-25T08:20:05.218Z,,,"http://data.europa.eu/esco/concept-scheme/skills,
http://data.europa.eu/esco/concept-scheme/member-skills,
http://data.europa.eu/esco/concept-scheme/6c930acd-c104-4ece-acf7-f44fd7333036","The computer program Moodle is a e-learning platform for creating, administrating, arranging, reporting and delivering e-learning education courses or training programs."
10371,KnowledgeSkillCompetence,http://data.europa.eu/esco/skill/bee296bc-48f7-4df6-bd2c-8616c8a6c8de,skill/competence,sector-specific,design hardware,"specify computer hardware
specify hardware
hardware design
specifying computer hardware
hardware specifying
designing hardware
specifying hardware
computer hardware specifying
hardware designing",,released,2024-02-09T17:29:12.952Z,,,"http://data.europa.eu/esco/concept-scheme/skills,
http://data.europa.eu/esco/concept-scheme/member-skills,
http://data.europa.eu/esco/concept-scheme/6c930acd-c104-4ece-acf7-f44fd7333036",Design and develop new computer hardware systems and components. Draft blueprints and assembly drawings specifying how the computer equipment should be build.
10387,KnowledgeSkillCompetence,http://data.europa.eu/esco/skill/bf1f763e-c505-46e7-8af3-e48f13ec5f44,knowledge,cross-sector,control engineering,"science of control engineering
engineering process control
process control
field of control engineering
process control engineering
application of control engineering",,released,2024-02-09T17:29:12.215Z,,,"http://data.europa.eu/esco/concept-scheme/skills,
http://data.europa.eu/esco/concept-scheme/member-skills,
http://data.europa.eu/esco/concept-scheme/6c930acd-c104-4ece-acf7-f44fd7333036",Subdiscipline of engineering that focuses on controlling the behaviour of systems through the use of sensors and actuators.
10390,KnowledgeSkillCompetence,http://data.europa.eu/esco/skill/bf298db2-b90e-4739-85ca-9c3003103fab,skill/competence,occupation-specific,manage software localisation,"oversee software localisation
organise software transference process
manage software transference process",,released,2024-03-01T08:14:37.328Z,,,"http://data.europa.eu/esco/concept-scheme/skills,
http://data.europa.eu/esco/concept-scheme/member-skills,
http://data.europa.eu/esco/concept-scheme/6c930acd-c104-4ece-acf7-f44fd7333036","Organise the transference process of a certain software from one locale to another, in order to expand the number of users, by modifying content through the use of user interface translation, while taking into consideration the properties of the future country the software will be introduced into."
10405,KnowledgeSkillCompetence,http://data.europa.eu/esco/skill/bf4d884f-c848-402a-b130-69c266b04164,skill/competence,transversal,apply basic programming skills,"use query languages
use basic coding skills
use basic programming language skills",,released,2024-02-29T16:33:36.237Z,,,"http://data.europa.eu/esco/concept-scheme/skills,
http://data.europa.eu/esco/concept-scheme/member-skills,
http://data.europa.eu/esco/concept-scheme/skill-transversal-groups,
http://data.europa.eu/esco/concept-scheme/6c930acd-c104-4ece-acf7-f44fd7333036",List simple instructions for a computing system to solve problems or perform tasks at a basic level and with appropriate guidance where needed.
10412,KnowledgeSkillCompetence,http://data.europa.eu/esco/skill/bf675dff-ce7b-4f88-8a93-683a06e6617e,skill/competence,sector-specific,use colour printing programs,"employ colour printing programs
use color printing programs
using colour printing programs
make use of colour printing programs
use colour printing program
utilise colour printing programs",,released,2022-07-05T14:37:18.921Z,,,"http://data.europa.eu/esco/concept-scheme/skills,
http://data.europa.eu/esco/concept-scheme/member-skills,
http://data.europa.eu/esco/concept-scheme/6c930acd-c104-4ece-acf7-f44fd7333036","Use colour printing programs, such as the CMYK colour (ink) model for various pressing machines."
10413,KnowledgeSkillCompetence,http://data.europa.eu/esco/skill/bf6c5ed4-84af-440f-abcc-7fa5ba19c738,knowledge,occupation-specific,real-time computing,"real-time computing systems
real-time data systems",,released,2025-06-25T08:20:05.218Z,,,"http://data.europa.eu/esco/concept-scheme/skills,
http://data.europa.eu/esco/concept-scheme/member-skills,
http://data.europa.eu/esco/concept-scheme/6c930acd-c104-4ece-acf7-f44fd7333036",The ICT hardware and software systems which are bound to respond to input within precisely tight constraints of time.
10418,KnowledgeSkillCompetence,http://data.europa.eu/esco/skill/bf7ea00f-db77-4a95-9b9f-2d12b6d9fcb4,skill/competence,sector-specific,implement ICT network diagnostic tools,use network diagnostics tools,,released,2025-06-25T12:15:04.406Z,,,"http://data.europa.eu/esco/concept-scheme/skills,
http://data.europa.eu/esco/concept-scheme/member-skills,
http://data.europa.eu/esco/concept-scheme/6c930acd-c104-4ece-acf7-f44fd7333036","Use software tools or components that monitor ICT network parameters, such as performance and throughput, provide data and statistics, diagnose errors, failures or bottlenecks and support decision making."
10421,KnowledgeSkillCompetence,http://data.europa.eu/esco/skill/bf942c60-8539-4951-83ee-63f770da1cb8,skill/competence,cross-sector,program a CNC controller,"arrange a product control process
oversee a product control process
plan a product control process
schedule a product control process
schedule a CNC controller
plan a CNC controller
arrange a CNC controller
oversee a CNC controller",,released,2024-02-09T17:29:11.47Z,,,"http://data.europa.eu/esco/concept-scheme/skills,
http://data.europa.eu/esco/concept-scheme/member-skills,
http://data.europa.eu/esco/concept-scheme/6c930acd-c104-4ece-acf7-f44fd7333036",Set up the desired product design in the CNC controller of the CNC machine for product manufacturing.
10446,KnowledgeSkillCompetence,http://data.europa.eu/esco/skill/c022ff1b-7783-4e64-89ef-0422c81ff51f,skill/competence,cross-sector,design microelectromechanical systems,"design microsystems
microelectromechanical systems design
design MEMS
model microelectromechanical systems
microelectromechanical systems designing
designing microelectromechanical systems
model microsystems
model MEMS",,released,2024-02-09T17:29:14.494Z,,,"http://data.europa.eu/esco/concept-scheme/skills,
http://data.europa.eu/esco/concept-scheme/member-skills,
http://data.europa.eu/esco/concept-scheme/6c930acd-c104-4ece-acf7-f44fd7333036","Design and develop microelectromechanical systems (MEMS), such as microsensing devices. Make a model and a simulation using technical design software to assess the viability of the product and examine the physical parameters to ensure a successful production process."
10447,KnowledgeSkillCompetence,http://data.europa.eu/esco/skill/c0326e27-5fa8-4dca-aecb-ed89ab491513,skill/competence,cross-sector,prepare visual data,"find visual data
get visual data ready
identify visual data
arrange visual data",,released,2024-02-09T17:29:10.678Z,,,"http://data.europa.eu/esco/concept-scheme/skills,
http://data.europa.eu/esco/concept-scheme/member-skills,
http://data.europa.eu/esco/concept-scheme/6c930acd-c104-4ece-acf7-f44fd7333036",Prepare charts and graphs in order to present data in a visual manner.
10450,KnowledgeSkillCompetence,http://data.europa.eu/esco/skill/c0502e2a-1e12-422e-994e-cf9bf814e3b2,skill/competence,sector-specific,guide learners in using assistive technologies,"instruct learners on using assistive technologies
guide learners in using assistive technologies for word prediction
instruct learners on the use of assistive technologies
guide learners in using assistive technologies for text-to-speech
guide learners in using assistive technologies for speech recognition",,released,2024-02-26T10:16:18.545Z,,,"http://data.europa.eu/esco/concept-scheme/skills,
http://data.europa.eu/esco/concept-scheme/member-skills,
http://data.europa.eu/esco/concept-scheme/6c930acd-c104-4ece-acf7-f44fd7333036","Instruct and guide learners on how to use assistive technologies appropriate to their specific learning challenge: such as word prediction, text-to-speech or speech recognition. Explain the features of the technology and its benefits for the learner."
10454,KnowledgeSkillCompetence,http://data.europa.eu/esco/skill/c062bab3-3ea0-4291-9220-a2d8fef4bead,knowledge,sector-specific,SQL Server,MS SQL Server,"Azure SQL Database
Microsoft SQL Server
SQL Server Standard Edition
SQL Server Enterprise Edition
SQL Server 2014
Microsoft SQL Server Compact
SQL Server 2008
SQL Server 2005
SQL Server Web Edition
SQL Server 2012
SQL Server Developer Edition
SQL Server Express Edition
MySQL
SQL Server Workgroup Edition",released,2023-07-11T15:16:17.709Z,,,"http://data.europa.eu/esco/concept-scheme/skills,
http://data.europa.eu/esco/concept-scheme/member-skills,
http://data.europa.eu/esco/concept-scheme/6c930acd-c104-4ece-acf7-f44fd7333036","The computer program SQL Server is a tool for creating, updating and managing databases, developed by the software company Microsoft."
10490,KnowledgeSkillCompetence,http://data.europa.eu/esco/skill/c0e2f74c-51f0-4020-9756-d190848cf181,skill/competence,sector-specific,integrate content into output media,integrate media content,,released,2025-06-25T12:15:04.406Z,,,"http://data.europa.eu/esco/concept-scheme/skills,
http://data.europa.eu/esco/concept-scheme/member-skills,
http://data.europa.eu/esco/concept-scheme/6c930acd-c104-4ece-acf7-f44fd7333036","Compile and integrate media and text content into online and offline systems, such as websites, platforms, applications and social media, for publishing and distribution."
10515,KnowledgeSkillCompetence,http://data.europa.eu/esco/skill/c13fb093-5ffb-491a-b8b7-fa2d42a57e2e,skill/competence,sector-specific,implement cloud security and compliance,cloud security and compliance,,released,2023-04-13T13:38:13.208Z,,,"http://data.europa.eu/esco/concept-scheme/skills,
http://data.europa.eu/esco/concept-scheme/member-skills,
http://data.europa.eu/esco/concept-scheme/6c930acd-c104-4ece-acf7-f44fd7333036",Implement and manage security policies and access controls on cloud. Differentiate between the roles and responsibilities within the shared responsibility model.
10536,KnowledgeSkillCompetence,http://data.europa.eu/esco/skill/c1b4aa1e-bc42-49e4-952a-0cbd45f1d57b,knowledge,sector-specific,museum databases,"museum database
museum digital records
museum databases functionality and architecture
museum database management
museum archives
museum records",,released,2024-02-09T17:29:09.009Z,,,"http://data.europa.eu/esco/concept-scheme/skills,
http://data.europa.eu/esco/concept-scheme/member-skills,
http://data.europa.eu/esco/concept-scheme/6c930acd-c104-4ece-acf7-f44fd7333036",The tools and processes involved in working with museum databases.
10550,KnowledgeSkillCompetence,http://data.europa.eu/esco/skill/c1f29568-f2bb-49d2-b6c2-28748bd1629b,skill/competence,sector-specific,manage online content,manage website content,,released,2024-02-09T17:29:13.7Z,,,"http://data.europa.eu/esco/concept-scheme/skills,
http://data.europa.eu/esco/concept-scheme/member-skills,
http://data.europa.eu/esco/concept-scheme/6c930acd-c104-4ece-acf7-f44fd7333036","Ensure the website content is up to date, organised, attractive and meets the target audience needs, the requirements of the company and international standards by checking the links, setting the publishing time framework and order."
10557,KnowledgeSkillCompetence,http://data.europa.eu/esco/skill/c216b67a-7462-4f6a-ba14-db02f6e91b68,skill/competence,sector-specific,compile data for navigation publications,"compile navigational publication data
assemble and process data for navigation publications
compile navigation publication data
gather and process data for navigational publications
assemble and process data for navigational publications
process data for navigation publications
gather data for navigation publications
gather and process data for navigation publications
compile data for navigational publications
gather data for navigational publications",,released,2024-02-09T17:29:14.494Z,,,"http://data.europa.eu/esco/concept-scheme/skills,
http://data.europa.eu/esco/concept-scheme/member-skills,
http://data.europa.eu/esco/concept-scheme/6c930acd-c104-4ece-acf7-f44fd7333036",Compile data for navigational publications; gather and process authentic and valid data.
10559,KnowledgeSkillCompetence,http://data.europa.eu/esco/skill/c2218533-3e2a-4f50-b4fd-afde71dcf442,skill/competence,sector-specific,edit recorded sound,"edit sound footage
edit recorded sounds
edit sound recording
edit audio recordings",,released,2024-02-09T17:29:09.009Z,,,"http://data.europa.eu/esco/concept-scheme/skills,
http://data.europa.eu/esco/concept-scheme/member-skills,
http://data.europa.eu/esco/concept-scheme/6c930acd-c104-4ece-acf7-f44fd7333036","Edit audio footage using a variety of sofware, tools, and techniques such as crossfading, speed effects, and removing unwanted noises."
10561,KnowledgeSkillCompetence,http://data.europa.eu/esco/skill/c2296e2e-5fef-4f24-a24f-e5b3792268be,skill/competence,cross-sector,provide ICT support,"contribute ICT support
ICT support provision
administer ICT support
furnish ICT support
provision of ICT support
arrange ICT support
providing ICT support",,released,2024-02-09T17:29:11.47Z,,,"http://data.europa.eu/esco/concept-scheme/skills,
http://data.europa.eu/esco/concept-scheme/member-skills,
http://data.europa.eu/esco/concept-scheme/6c930acd-c104-4ece-acf7-f44fd7333036","Resolve ICT-related incidents and service requests from customers, clients or colleagues including password resets and updating databases such as Microsoft Exchange email."
10582,KnowledgeSkillCompetence,http://data.europa.eu/esco/skill/c2999f0c-eb37-4cdf-b9b0-82107b628794,knowledge,cross-sector,style sheet languages,"Formatted Output Specification Instance
Extensible Stylesheet Language
cascading style sheets
CSS
SMIL Timesheets
Document Style Semantics and Specification Language","Formatted Output Specification Instance
SMIL Timesheets
Document Style Semantics and Specification Language
Extensible Stylesheet Language",released,2024-02-09T17:29:15.968Z,,,"http://data.europa.eu/esco/concept-scheme/skills,
http://data.europa.eu/esco/concept-scheme/member-skills,
http://data.europa.eu/esco/concept-scheme/6c930acd-c104-4ece-acf7-f44fd7333036","The field of computer language that conveys the presentation of structured documents such as Cascading Style Sheets (CSS). These documents have to adhere to style sheets, a set of stylistic rules such as font, color and layout."
10593,KnowledgeSkillCompetence,http://data.europa.eu/esco/skill/c2c1b595-20f5-4a13-885a-bcc1b7760e3e,skill/competence,occupation-specific,design dolls,"model dolls
design a doll
designing dolls
develop dolls
create dolls
form dolls",,released,2024-02-09T17:29:09.851Z,,,"http://data.europa.eu/esco/concept-scheme/skills,
http://data.europa.eu/esco/concept-scheme/member-skills,
http://data.europa.eu/esco/concept-scheme/6c930acd-c104-4ece-acf7-f44fd7333036",Create a model of the doll using creativity and computer skills.
10595,KnowledgeSkillCompetence,http://data.europa.eu/esco/skill/c2cbbccf-4ffd-4626-86e7-505b39c872a0,skill/competence,sector-specific,implement spam protection,"implementing email spam filter
install spam filter
implement email spam filter
installing spam filter
implementing spam protection
spam protection implementing
load spam filter",,released,2024-02-09T17:29:12.215Z,,,"http://data.europa.eu/esco/concept-scheme/skills,
http://data.europa.eu/esco/concept-scheme/member-skills,
http://data.europa.eu/esco/concept-scheme/6c930acd-c104-4ece-acf7-f44fd7333036",Install and configure software that supports email-users to filter messages that contain malware or that are unsolicited.
10599,KnowledgeSkillCompetence,http://data.europa.eu/esco/skill/c2ce7fe9-203b-492a-961e-9698dce7de19,skill/competence,cross-sector,perform safety data analysis,"perform analysis of safety data
analyse safety data to identify safety threats
conduct safety analyses using database information
conduct safety data analysis
evaluate safety data
analyse safety data to determine safety threats
perform assessments of safety data
utilise information from safety bases to analyse threats to safety
conduct analysis of safety data
use information from safety databases to analyse threats to safety
evaluate safety data to determine safety threats
perform safety data assessment",,released,2024-02-09T17:29:15.235Z,,,"http://data.europa.eu/esco/concept-scheme/skills,
http://data.europa.eu/esco/concept-scheme/member-skills,
http://data.europa.eu/esco/concept-scheme/6c930acd-c104-4ece-acf7-f44fd7333036",Use different safety databases to perform analyses of information on actual or potential safety threats.
10612,KnowledgeSkillCompetence,http://data.europa.eu/esco/skill/c31a222b-de0b-490c-82b8-472167cb0ba5,knowledge,occupation-specific,specialised astrology software,"specialised software for astrology
specialized astrology software
specialised astrology computer programs",,released,2025-11-26T10:28:01.318Z,,,"http://data.europa.eu/esco/concept-scheme/skills,
http://data.europa.eu/esco/concept-scheme/member-skills,
http://data.europa.eu/esco/concept-scheme/6c930acd-c104-4ece-acf7-f44fd7333036",The software that is used to gather and interpret data on the relevant positioning of celestial objects in order to deduct their influence on human life.
10620,KnowledgeSkillCompetence,http://data.europa.eu/esco/skill/c330db31-7fa9-4a8c-8ad6-baa957bcfed1,skill/competence,cross-sector,install operating system,"OS loading
loading OS
load operating system
operating system installing
load OS
operating system loading
OS installing
install OS
loading operating system
installing OS
installing operating system",,released,2024-02-09T17:29:14.494Z,,,"http://data.europa.eu/esco/concept-scheme/skills,
http://data.europa.eu/esco/concept-scheme/member-skills,
http://data.europa.eu/esco/concept-scheme/6c930acd-c104-4ece-acf7-f44fd7333036","Install the operating system (OS) or software that manages the software resources and computer hardware on a computer system. The operating system is an essential component of any computer system and mediates between the hardware, the application programs, and the end user. Famous examples of computer operating systems include Microsoft Windows, Linux, and Mac OS."
10650,KnowledgeSkillCompetence,http://data.europa.eu/esco/skill/c3a03c5a-c260-4c26-9b9a-873abb396f4d,knowledge,sector-specific,MATLAB,"MATLAB software development principles
MATLAB coding techniques
MATLAB algorithms
MATLAB software development techniques
MATLAB programming paradigms",,released,2025-06-25T08:20:05.218Z,,,"http://data.europa.eu/esco/concept-scheme/skills,
http://data.europa.eu/esco/concept-scheme/member-skills,
http://data.europa.eu/esco/concept-scheme/6c930acd-c104-4ece-acf7-f44fd7333036","The techniques and principles of software development, such as analysis, algorithms, coding, testing and compiling of programming paradigms in MATLAB."
10666,KnowledgeSkillCompetence,http://data.europa.eu/esco/skill/c3e36d05-8ae8-447f-bb2b-6f9409f85389,skill/competence,cross-sector,deliver visual presentation of data,"create data visualisation
visualise data",,released,2024-02-09T17:29:14.494Z,,,"http://data.europa.eu/esco/concept-scheme/skills,
http://data.europa.eu/esco/concept-scheme/member-skills,
http://data.europa.eu/esco/concept-scheme/6c930acd-c104-4ece-acf7-f44fd7333036",Create visual representations of data such as charts or diagrams for easier understanding.
10673,KnowledgeSkillCompetence,http://data.europa.eu/esco/skill/c415ce6e-24f5-4130-add4-645b9d455c71,skill/competence,cross-sector,rig 3D characters,"develop 3D character rigs
rig 3D character skeletons",,released,2025-06-25T12:15:04.406Z,,,"http://data.europa.eu/esco/concept-scheme/skills,
http://data.europa.eu/esco/concept-scheme/member-skills,
http://data.europa.eu/esco/concept-scheme/6c930acd-c104-4ece-acf7-f44fd7333036","Set up a skeleton, bound to the 3D mesh, made out of bones and joints that allow the 3D character to be bent into a desired position using specialized ICT tools."
10694,KnowledgeSkillCompetence,http://data.europa.eu/esco/skill/c453cf81-6197-428e-84c6-70c773b63f27,knowledge,sector-specific,ICT architectural frameworks,"ICT architectural structure
ICT architectural requirements
ICT architectural framework",,released,2025-06-25T08:20:05.218Z,,,"http://data.europa.eu/esco/concept-scheme/skills,
http://data.europa.eu/esco/concept-scheme/member-skills,
http://data.europa.eu/esco/concept-scheme/6c930acd-c104-4ece-acf7-f44fd7333036",The set of requirements that describe an information system's architecture.
10701,KnowledgeSkillCompetence,http://data.europa.eu/esco/skill/c46cf6f9-8b1e-44b9-a529-f5774c9167dd,knowledge,cross-sector,desktop publishing,DTP,,released,2024-02-09T17:29:14.494Z,,,"http://data.europa.eu/esco/concept-scheme/skills,
http://data.europa.eu/esco/concept-scheme/member-skills,
http://data.europa.eu/esco/concept-scheme/6c930acd-c104-4ece-acf7-f44fd7333036",The creation of documents using page layout skills on a computer. Desktop publishing software can generate layouts and produce typographic quality text and images.
10702,KnowledgeSkillCompetence,http://data.europa.eu/esco/skill/c46f9312-e414-42f0-9c8b-1c1886af7b8d,knowledge,sector-specific,CAD for footwear,"footwear computer-aided design
footwear CAD
computer-aided design for footwear
3D computer-aided design for footwear
footwear 2D CAD
3D CAD for footwear
footwear 3D CAD
2D CAD for footwear
3D and 2D CAD for footwear
2D computer-aided design for footwear",,released,2024-02-09T17:29:12.952Z,,,"http://data.europa.eu/esco/concept-scheme/skills,
http://data.europa.eu/esco/concept-scheme/member-skills,
http://data.europa.eu/esco/concept-scheme/6c930acd-c104-4ece-acf7-f44fd7333036",The architecture and functionality of 2D and 3D computer assisted design software systems for footwear.
10709,KnowledgeSkillCompetence,http://data.europa.eu/esco/skill/c4949dcf-bbcc-40f2-8584-6c6299beb7fb,skill/competence,cross-sector,tend computer numerical control lathe machine,"watch over computer numerical control lathe machine
monitor screwing and turning
watch over screwing and turning machinery
oversee screwing and turning machinery
tend CNC turning machine machinery
monitor computer numerical control lathe machine
guard screwing and turning machinery
tend CNC lathe machine
oversee computer numerical control lathe machine
guard computer numerical control lathe machine
tend CNC turn machine",,released,2024-02-09T17:29:12.952Z,,,"http://data.europa.eu/esco/concept-scheme/skills,
http://data.europa.eu/esco/concept-scheme/member-skills,
http://data.europa.eu/esco/concept-scheme/6c930acd-c104-4ece-acf7-f44fd7333036","Tend a computer numerical controlled (CNC) lathe and turn machine designed for cutting manufacturing processes on metal, wooden, plastic materials and others, monitor and operate it, according to regulations."
10715,KnowledgeSkillCompetence,http://data.europa.eu/esco/skill/c4b1f326-224a-420a-b8b3-814a8f13b6cb,skill/competence,sector-specific,implement front-end website design,"provide front-end website design
design and develop front-end website",,released,2025-06-25T12:15:04.406Z,,,"http://data.europa.eu/esco/concept-scheme/skills,
http://data.europa.eu/esco/concept-scheme/member-skills,
http://data.europa.eu/esco/concept-scheme/6c930acd-c104-4ece-acf7-f44fd7333036",Develop website layout and enhance user experience based on provided design concepts.
10718,KnowledgeSkillCompetence,http://data.europa.eu/esco/skill/c4b626c1-e71c-44ec-9f88-042766f37fcc,knowledge,sector-specific,application usability,software usability,,released,2024-02-09T17:29:09.009Z,,,"http://data.europa.eu/esco/concept-scheme/skills,
http://data.europa.eu/esco/concept-scheme/member-skills,
http://data.europa.eu/esco/concept-scheme/6c930acd-c104-4ece-acf7-f44fd7333036","The process through which the learnability, efficiency, usefulness and ease of use of a software application can be defined and measured."
10719,KnowledgeSkillCompetence,http://data.europa.eu/esco/skill/c4ba12d1-4698-42fa-8abb-789462ea2586,skill/competence,occupation-specific,protect the environment from the impact of the digital technologies,,,released,2025-02-27T12:45:08.961Z,,,"http://data.europa.eu/esco/concept-scheme/skills,
http://data.europa.eu/esco/concept-scheme/green,
http://data.europa.eu/esco/concept-scheme/member-skills,
http://data.europa.eu/esco/concept-scheme/6c930acd-c104-4ece-acf7-f44fd7333036,
http://data.europa.eu/esco/concept-scheme/digcomp",Be aware of the environmental impact of digital technologies and their use.
10720,KnowledgeSkillCompetence,http://data.europa.eu/esco/skill/c4ba511c-dc24-44bc-8bc5-10b2d4a191fb,knowledge,sector-specific,blockchain design patterns,design patterns of blockchain,,released,2023-11-29T16:31:32.215Z,,,"http://data.europa.eu/esco/concept-scheme/skills,
http://data.europa.eu/esco/concept-scheme/member-skills,
http://data.europa.eu/esco/concept-scheme/6c930acd-c104-4ece-acf7-f44fd7333036","Re-usable blockchain solution approaches including non-blocking user interface design, asynchronous API design, secure synchronization , time stamping, enterprise business integration, simple assets, and assets with rules."
10747,KnowledgeSkillCompetence,http://data.europa.eu/esco/skill/c5422318-3218-4ce9-9bdd-f38b93ff63a3,skill/competence,cross-sector,design electromechanical systems,"electro-mechanical systems designing
designing electromechanical systems
electromechanical systems draw
drawing electro-mechanical systems
electro-mechanical system designing
drawing electromechanical systems
designing electro-mechanical systems
draw electro-mechanical systems
electro-mechanical system drawing
electromechanical system designing
design electro-mechanical systems
electro-mechanical systems drawing
electromechanical system drawing
electromechanical systems design",,released,2024-02-09T17:29:14.494Z,,,"http://data.europa.eu/esco/concept-scheme/skills,
http://data.europa.eu/esco/concept-scheme/member-skills,
http://data.europa.eu/esco/concept-scheme/6c930acd-c104-4ece-acf7-f44fd7333036","Draft sketches and design electromechanical systems, products, and components using Computer Aided Design (CAD) software and equipment."
10782,KnowledgeSkillCompetence,http://data.europa.eu/esco/skill/c5e8abde-d2ba-4e8e-a65e-720b71180666,knowledge,sector-specific,unstructured data,types of unstructured data,,released,2025-04-16T12:01:10.304Z,,,"http://data.europa.eu/esco/concept-scheme/skills,
http://data.europa.eu/esco/concept-scheme/member-skills,
http://data.europa.eu/esco/concept-scheme/6c930acd-c104-4ece-acf7-f44fd7333036",The information that is not arranged in a pre-defined manner or does not have a pre-defined data model and is difficult to understand and find patterns in without using techniques such as data mining.
10783,KnowledgeSkillCompetence,http://data.europa.eu/esco/skill/c5ed451b-ef39-47a3-aee7-8f5be0aa8431,knowledge,sector-specific,CA Datacom/DB,"CA-Datacom/DB
CA Datacom
DATACOM/DB",,released,2024-02-09T17:29:14.494Z,,,"http://data.europa.eu/esco/concept-scheme/skills,
http://data.europa.eu/esco/concept-scheme/member-skills,
http://data.europa.eu/esco/concept-scheme/6c930acd-c104-4ece-acf7-f44fd7333036","The computer program CA Datacom/DB is a tool for creating, updating and managing databases, currently developed by the software company CA Technologies."
10832,KnowledgeSkillCompetence,http://data.europa.eu/esco/skill/c6c23b4b-c9c9-42c8-86d2-3646631bdbd4,skill/competence,sector-specific,cut raw footage digitally,"edit raw footage digitally
digitally cut raw footage
digitally edit raw footage",,released,2024-02-09T17:29:15.235Z,,,"http://data.europa.eu/esco/concept-scheme/skills,
http://data.europa.eu/esco/concept-scheme/member-skills,
http://data.europa.eu/esco/concept-scheme/6c930acd-c104-4ece-acf7-f44fd7333036",Digitally cut video footage to put together the sequence of the film and decide what is usable.
10833,KnowledgeSkillCompetence,http://data.europa.eu/esco/skill/c6c37f68-190e-4482-905c-93007a64ed61,skill/competence,cross-sector,operate radar equipment,"operate radar equipment and devices
ensure aircraft safety through use of radar equipment
utilise radar equipment
study radar images
conduct aviation navigation activities through use of radar equipment
use radar equipment
use radar devices
perform radar operations to ensure aviation safety
operate radar devices
utilise radar equipment to ensure aviation safety
use aviation radars
perform aviation navigation activities through use of radar equipment
ensure aviation safety through use of radar equipment
utilise radar devices",,released,2025-02-27T12:45:08.961Z,,,"http://data.europa.eu/esco/concept-scheme/skills,
http://data.europa.eu/esco/concept-scheme/member-skills,
http://data.europa.eu/esco/concept-scheme/6c930acd-c104-4ece-acf7-f44fd7333036",Operate radar screens and other radar equipment. Ensure that aircraft fly at a safe distance from one another.
10852,KnowledgeSkillCompetence,http://data.europa.eu/esco/skill/c7282ec3-9153-4b4b-b7de-777e3207b04e,knowledge,sector-specific,computerised feeding systems,"typology of computerised feeding systems
types of computer controlled feeding systems
computer controlled systems of feeding
feeding systems that are computerised
computerized feeding systems
computer controlled feeding systems
range of computerised feeding systems
types of computerised feeding systems
typology of computer controlled feeding systems",,released,2022-07-05T14:34:09.904Z,,,"http://data.europa.eu/esco/concept-scheme/skills,
http://data.europa.eu/esco/concept-scheme/member-skills,
http://data.europa.eu/esco/concept-scheme/6c930acd-c104-4ece-acf7-f44fd7333036",The functioning of computered controlled systems that provide animal feeding.
10857,KnowledgeSkillCompetence,http://data.europa.eu/esco/skill/c741be10-1d34-42ed-94fc-3e78791e4bd5,skill/competence,occupation-specific,advise on online dating,"advising on online dating
make recommendations on online dating
offer suggestions on online dating
advise on online dates
advise on on-line dating",,released,2024-02-09T17:29:14.494Z,,,"http://data.europa.eu/esco/concept-scheme/skills,
http://data.europa.eu/esco/concept-scheme/member-skills,
http://data.europa.eu/esco/concept-scheme/6c930acd-c104-4ece-acf7-f44fd7333036","Help clients to create an online profile on social media or dating sites, that represents a positive yet truthful image of them. Advise them on how to send messages and make connections."
10859,KnowledgeSkillCompetence,http://data.europa.eu/esco/skill/c7451027-8249-405a-bb1b-342ff0f3fb3b,knowledge,sector-specific,Salt (tools for software configuration management),Salt,,released,2022-07-05T14:33:28.658Z,,,"http://data.europa.eu/esco/concept-scheme/skills,
http://data.europa.eu/esco/concept-scheme/member-skills,
http://data.europa.eu/esco/concept-scheme/6c930acd-c104-4ece-acf7-f44fd7333036","The tool Salt is a software program to perform configuration identification, control, status accounting and audit."
10873,KnowledgeSkillCompetence,http://data.europa.eu/esco/skill/c779cf40-506b-44b6-a366-b3bff0a5e11a,skill/competence,occupation-specific,use intranet,use intranet systems,,released,2023-11-29T16:24:12.513Z,,,"http://data.europa.eu/esco/concept-scheme/skills,
http://data.europa.eu/esco/concept-scheme/member-skills,
http://data.europa.eu/esco/concept-scheme/6c930acd-c104-4ece-acf7-f44fd7333036",Use a private network within an organisation to store information and improve communication and collaboration between employees.
10875,KnowledgeSkillCompetence,http://data.europa.eu/esco/skill/c77db25e-bb51-4a10-b2ad-99b48b1b4a37,skill/competence,cross-sector,maintain computer hardware,"repair computer hardware
computer hardware repairing
computer hardware maintaining
maintaining computer hardware
repairing computer hardware",,released,2024-02-09T17:29:11.47Z,,,"http://data.europa.eu/esco/concept-scheme/skills,
http://data.europa.eu/esco/concept-scheme/member-skills,
http://data.europa.eu/esco/concept-scheme/6c930acd-c104-4ece-acf7-f44fd7333036","Diagnose and detect malfunctions in computer hardware components and systems and remove, replace, or repair these components when necessary. Execute preventative equipment maintenance tasks, such as storing hardware components in clean, dust free, and non-humid spaces."
10889,KnowledgeSkillCompetence,http://data.europa.eu/esco/skill/c7d24594-0c11-4b27-9039-fe0bb903da8e,knowledge,sector-specific,LINQ,Language Integrated Query,,released,2024-02-09T17:29:16.725Z,,,"http://data.europa.eu/esco/concept-scheme/skills,
http://data.europa.eu/esco/concept-scheme/member-skills,
http://data.europa.eu/esco/concept-scheme/6c930acd-c104-4ece-acf7-f44fd7333036",The computer language LINQ is a query language for retrieval of information from a database and of documents containing the needed information. It is developed by the software company Microsoft.
10941,KnowledgeSkillCompetence,http://data.europa.eu/esco/skill/c8ca84c8-7eb7-493f-9178-729f46b7591a,skill/competence,occupation-specific,set up tote board,"set up tote boards
setting up tote board
construct tote board
install tote board",,released,2024-02-09T17:29:13.7Z,,,"http://data.europa.eu/esco/concept-scheme/skills,
http://data.europa.eu/esco/concept-scheme/member-skills,
http://data.europa.eu/esco/concept-scheme/6c930acd-c104-4ece-acf7-f44fd7333036",Install and the tote board used to display information relevant to tote betting at an event.
10945,KnowledgeSkillCompetence,http://data.europa.eu/esco/skill/c8d53d69-d900-4092-af80-c5d0422bcdb3,knowledge,sector-specific,Source (digital game creation systems),"Source 2
Source 2006
Source 2007
Source",,released,2022-07-05T14:33:44.716Z,,,"http://data.europa.eu/esco/concept-scheme/skills,
http://data.europa.eu/esco/concept-scheme/member-skills,
http://data.europa.eu/esco/concept-scheme/6c930acd-c104-4ece-acf7-f44fd7333036","The game engine Source which is a software framework that consists of integrated development environments and specialised design tools, designed for the rapid iteration of user-derived computer games."
10948,KnowledgeSkillCompetence,http://data.europa.eu/esco/skill/c8de8023-ab8a-402b-a828-b2b57cd3b2f7,skill/competence,cross-sector,install software,"computer software loading
loading computer software
load computer software
installing of computer software
software loading
loading of computer software
computer software installing
installing of software
load software
software installing
install computer software
installing software
loading of software
installing computer software
loading software",,released,2024-02-09T17:29:14.494Z,,,"http://data.europa.eu/esco/concept-scheme/skills,
http://data.europa.eu/esco/concept-scheme/member-skills,
http://data.europa.eu/esco/concept-scheme/6c930acd-c104-4ece-acf7-f44fd7333036","Install machine-readable instructions, such as computer programs, in order to direct the computer's processor to perform a certain set of actions."
10952,KnowledgeSkillCompetence,http://data.europa.eu/esco/skill/c8fa4313-80b0-4f37-8b1b-1739707bc362,skill/competence,cross-sector,teach digital literacy,"educate on digital literacy
explain digital literacy
teaches digital literacy
teach computer literacy
teaching digital literacy
provide instruction on digital literacy",,released,2024-02-09T17:29:12.215Z,,,"http://data.europa.eu/esco/concept-scheme/skills,
http://data.europa.eu/esco/concept-scheme/member-skills,
http://data.europa.eu/esco/concept-scheme/6c930acd-c104-4ece-acf7-f44fd7333036","Instruct students in the theory and practice of (basic) digital and computer competency, such as typing efficiently, working with basic online technologies, and checking email. This also includes coaching students in the proper use of computer hardware equipment and software programmes."
10954,KnowledgeSkillCompetence,http://data.europa.eu/esco/skill/c900bdb8-0ed1-4d39-80f8-6e0a05a575f4,skill/competence,occupation-specific,work with e-services available to citizens,"work with e-services available to clients
manage utilization of e-services available to clients
work with e-services available to client
oversee use of e-services available to clients
work with eservices available to clients
work with clients e-services
working with e-services available to clients",,released,2022-07-05T14:38:15.447Z,,,"http://data.europa.eu/esco/concept-scheme/skills,
http://data.europa.eu/esco/concept-scheme/member-skills,
http://data.europa.eu/esco/concept-scheme/6c930acd-c104-4ece-acf7-f44fd7333036","Use, manage and work with public and private online services, such as e-commerce, e-governance, e-banking, e-health services."
10970,KnowledgeSkillCompetence,http://data.europa.eu/esco/skill/c95c29fe-3971-46b7-80e9-1f7e75ba99b3,skill/competence,occupation-specific,use specific data analysis software,"use particular data analysis software
utilise particular data analysis software
utilise specific data analysis software
undertake data analysis through use of specific software
perform data analysis using specific software
conduct data analysis activities utilising specific software
conduct data analysis using particular software
carry out data analysis using specific software
use specific software for data analysis
utilise specific software for data analysis",,released,2024-02-09T17:29:16.725Z,,,"http://data.europa.eu/esco/concept-scheme/skills,
http://data.europa.eu/esco/concept-scheme/member-skills,
http://data.europa.eu/esco/concept-scheme/6c930acd-c104-4ece-acf7-f44fd7333036","Use specific software for data analysis, including statistics, spreadsheets, and databases. Explore possibilities in order to make reports to managers, superiors, or clients."
10985,KnowledgeSkillCompetence,http://data.europa.eu/esco/skill/c9b6aa32-6c42-4903-8e5a-23e43edf03fc,knowledge,sector-specific,online moderation techniques,"online interaction methods
online interaction strategies and methods
online interaction strategies
online moderation methods
online moderation strategies
moderation techniques for online groups
online groups interaction techniques",,released,2025-06-25T08:20:05.218Z,,,"http://data.europa.eu/esco/concept-scheme/skills,
http://data.europa.eu/esco/concept-scheme/member-skills,
http://data.europa.eu/esco/concept-scheme/6c930acd-c104-4ece-acf7-f44fd7333036",The strategies and methods used to interact online and moderate online users and groups.
10994,KnowledgeSkillCompetence,http://data.europa.eu/esco/skill/c9e96450-421d-48af-9ee6-d9c50e29afc2,knowledge,sector-specific,ICT recovery techniques,"ICT recovery techniques for corrupted software components
ICT recovery techniques for hardware
ICT recovery techniques for corrupted data
ICT recovery methods
ICT recovery techniques for damaged and corrupted software components",,released,2025-06-25T08:20:05.218Z,,,"http://data.europa.eu/esco/concept-scheme/skills,
http://data.europa.eu/esco/concept-scheme/member-skills,
http://data.europa.eu/esco/concept-scheme/6c930acd-c104-4ece-acf7-f44fd7333036","The techniques for recovering hardware or software components and data, after failure, corruption or damage."
11028,KnowledgeSkillCompetence,http://data.europa.eu/esco/skill/ca71c597-51c2-4ead-a7b0-b108bce89caf,knowledge,sector-specific,cognitive computing,cognitive computing technology,,released,2023-11-02T14:55:12.534Z,,,"http://data.europa.eu/esco/concept-scheme/skills,
http://data.europa.eu/esco/concept-scheme/member-skills,
http://data.europa.eu/esco/concept-scheme/6c930acd-c104-4ece-acf7-f44fd7333036",The interdisciplinary field between cognitive science and computer science that involves simulating human thinking processes through a computerised approach. It makes use of algorithms for data mining and natural language processing to imitate the functioning of the human brain.
11029,KnowledgeSkillCompetence,http://data.europa.eu/esco/skill/ca73ac82-867a-4afa-9732-834aebe896ff,knowledge,sector-specific,ICT system user requirements,"analysis of user requirement in ICT systems
analysis of user requirements in ICT systems",,released,2025-06-25T08:20:05.218Z,,,"http://data.europa.eu/esco/concept-scheme/skills,
http://data.europa.eu/esco/concept-scheme/member-skills,
http://data.europa.eu/esco/concept-scheme/6c930acd-c104-4ece-acf7-f44fd7333036","The process intended to match user and organisation's needs with system components and services, by taking into consideration the available technologies and the techniques required to elicit and specify requirements, interrogating users to establish symptoms of problem and analysing symptoms."
11035,KnowledgeSkillCompetence,http://data.europa.eu/esco/skill/ca8fae74-46ff-4e1b-94ef-ce22393e02e7,skill/competence,occupation-specific,transcribe texts,"rewrite texts
transcribing texts
transcribe text
transpose texts",,released,2024-02-09T17:29:11.47Z,,,"http://data.europa.eu/esco/concept-scheme/skills,
http://data.europa.eu/esco/concept-scheme/member-skills,
http://data.europa.eu/esco/concept-scheme/6c930acd-c104-4ece-acf7-f44fd7333036","Use input devices such as mouse, keyboard and scanner, to transcribe texts into a computer."
11055,KnowledgeSkillCompetence,http://data.europa.eu/esco/skill/cae4c053-05d1-413d-8499-f37793aad56e,knowledge,cross-sector,audio editing software,"audio editing program
audio editing plugin
audio edit software","Ableton Live
Adobe Audition
FL Studio
Audacity",released,2025-02-27T12:45:08.961Z,,,"http://data.europa.eu/esco/concept-scheme/skills,
http://data.europa.eu/esco/concept-scheme/member-skills,
http://data.europa.eu/esco/concept-scheme/6c930acd-c104-4ece-acf7-f44fd7333036","The various software for editing and generating audio, such as Adobe Audition, Soundforge, and Power Sound Editor."
11080,KnowledgeSkillCompetence,http://data.europa.eu/esco/skill/cb5cccc9-abe4-4b11-abe6-d27e5cd85fb1,skill/competence,sector-specific,manage standards for data exchange,set standards for data transformation,,released,2025-06-25T08:45:06.159Z,,,"http://data.europa.eu/esco/concept-scheme/skills,
http://data.europa.eu/esco/concept-scheme/member-skills,
http://data.europa.eu/esco/concept-scheme/6c930acd-c104-4ece-acf7-f44fd7333036",Set and maintain standards for transforming data from source schemas into the necessary data structure of a result schema.
11088,KnowledgeSkillCompetence,http://data.europa.eu/esco/skill/cb886ee9-c4e4-4d3b-9961-228e9f283a69,skill/competence,occupation-specific,use ultrasonic equipment,"apply ultrasonic equipment
ultrasonic equipment use
using ultrasonic equipment
employ ultrasonic equipment
operate ultrasonic equipment",,released,2024-02-09T17:29:09.009Z,,,"http://data.europa.eu/esco/concept-scheme/skills,
http://data.europa.eu/esco/concept-scheme/member-skills,
http://data.europa.eu/esco/concept-scheme/6c930acd-c104-4ece-acf7-f44fd7333036",Use ultrasonic techniques and equipment to discover defects in solid materials.
11110,KnowledgeSkillCompetence,http://data.europa.eu/esco/skill/cbe2c304-1e7d-489a-97d9-a7d3e37a9db6,skill/competence,sector-specific,apply ICT systems theory,"follow the theoretical principles for ICT systems
implement theoretical notions for ICT systems
follow the principles of ICT systems theory
implement principles for ICT systems
implement theoretical principless for ICT systems",,released,2025-06-25T12:15:04.406Z,,,"http://data.europa.eu/esco/concept-scheme/skills,
http://data.europa.eu/esco/concept-scheme/member-skills,
http://data.europa.eu/esco/concept-scheme/6c930acd-c104-4ece-acf7-f44fd7333036",Implement principles of ICT systems theory in order to explain and document system characteristics that can be applied universally to other systems.
11114,KnowledgeSkillCompetence,http://data.europa.eu/esco/skill/cbeb1221-10ed-4676-a2a1-576718977001,skill/competence,cross-sector,operate audio-signal processors,"employ audio-signal processors
run audio-signal processors
operating audio-signal processors
use audio-signal processors
operate audio-signal processor",,released,2024-02-09T17:29:09.009Z,,,"http://data.europa.eu/esco/concept-scheme/skills,
http://data.europa.eu/esco/concept-scheme/member-skills,
http://data.europa.eu/esco/concept-scheme/6c930acd-c104-4ece-acf7-f44fd7333036",Operate audio-signal processors to alter auditory signals.
11138,KnowledgeSkillCompetence,http://data.europa.eu/esco/skill/cc608319-716f-4940-b80d-79e76d8a2cad,knowledge,occupation-specific,projection equipment,"projection apparatus
projection gear
projections equipment
projecting equipment
projection devices
projection instruments",,released,2024-02-09T17:29:09.851Z,,,"http://data.europa.eu/esco/concept-scheme/skills,
http://data.europa.eu/esco/concept-scheme/member-skills,
http://data.europa.eu/esco/concept-scheme/6c930acd-c104-4ece-acf7-f44fd7333036","The different types of projection equipment, their properties, and usages."
11143,KnowledgeSkillCompetence,http://data.europa.eu/esco/skill/cc716f65-a0d0-4fba-95d9-64c358f697c0,skill/competence,sector-specific,monitor ICT research,keep up with ICT research,,released,2025-06-25T12:15:04.406Z,,,"http://data.europa.eu/esco/concept-scheme/skills,
http://data.europa.eu/esco/concept-scheme/member-skills,
http://data.europa.eu/esco/concept-scheme/6c930acd-c104-4ece-acf7-f44fd7333036",Survey and investigate recent trends and developments in ICT research. Observe and anticipate mastery evolution.
11144,KnowledgeSkillCompetence,http://data.europa.eu/esco/skill/cc7370dd-69fa-4c67-a96f-d4d135d38700,knowledge,sector-specific,data quality assessment,"data quality analysis
analyse data quality",,released,2024-02-09T17:29:12.952Z,,,"http://data.europa.eu/esco/concept-scheme/skills,
http://data.europa.eu/esco/concept-scheme/member-skills,
http://data.europa.eu/esco/concept-scheme/6c930acd-c104-4ece-acf7-f44fd7333036","The process of revealing data issues using ​quality indicators, measures and metrics in order to plan data cleansing and data enrichment strategies according to data quality criteria."
11169,KnowledgeSkillCompetence,http://data.europa.eu/esco/skill/ccd0a1d9-afda-43d9-b901-96344886e14d,knowledge,sector-specific,Python (computer programming),"Python 3K
Python",Python 3K,released,2024-02-09T17:29:12.215Z,,,"http://data.europa.eu/esco/concept-scheme/skills,
http://data.europa.eu/esco/concept-scheme/member-skills,
http://data.europa.eu/esco/concept-scheme/6c930acd-c104-4ece-acf7-f44fd7333036","The techniques and principles of software development, such as analysis, algorithms, coding, testing and compiling of programming paradigms in Python."
11171,KnowledgeSkillCompetence,http://data.europa.eu/esco/skill/ccdbd9bb-4faf-403c-a968-e8bf487f8a53,knowledge,sector-specific,business ICT systems,business IT systems,,released,2024-02-09T17:29:12.952Z,,,"http://data.europa.eu/esco/concept-scheme/skills,
http://data.europa.eu/esco/concept-scheme/member-skills,
http://data.europa.eu/esco/concept-scheme/6c930acd-c104-4ece-acf7-f44fd7333036","The software packages, hardware devices and new technologies used in supporting business processes such as enterprise resource planning (ERP), customer relationship management (CRM), mobile devices and network solutions."
11188,KnowledgeSkillCompetence,http://data.europa.eu/esco/skill/cd56a093-3400-4635-80bd-b9611dcf1542,knowledge,sector-specific,Gamemaker Studio,Gamemaker engine,,released,2025-06-25T08:20:05.218Z,,,"http://data.europa.eu/esco/concept-scheme/skills,
http://data.europa.eu/esco/concept-scheme/member-skills,
http://data.europa.eu/esco/concept-scheme/6c930acd-c104-4ece-acf7-f44fd7333036","The cross-platform game engine which is written in Delphi programming language and consists of integrated development environments and specialised design tools, designed for the rapid iteration of user-derived computer games."
11194,KnowledgeSkillCompetence,http://data.europa.eu/esco/skill/cd733651-f332-422e-a9a1-1b19b5e98449,skill/competence,sector-specific,use pest detection sensors,"employ insects detection sensors
employ insect sensors
use insects detection sensors
use insect sensors
employ pest detection sensors",,released,2024-02-23T16:53:30.929Z,,,"http://data.europa.eu/esco/concept-scheme/skills,
http://data.europa.eu/esco/concept-scheme/member-skills,
http://data.europa.eu/esco/concept-scheme/6c930acd-c104-4ece-acf7-f44fd7333036","Use wireless sensor networking technologies such as low-power image sensors, acoustic sensors or sensors for Leaf Area Index measuring to monitor and detect insect pests occurrence in crop productions."
11210,KnowledgeSkillCompetence,http://data.europa.eu/esco/skill/cdaf66a1-eaf3-4fef-af6e-2e9bbe2c326c,knowledge,sector-specific,distributed ledger technologies vulnerabilities,security in distributed ledger technology,,released,2023-11-29T16:32:21.779Z,,,"http://data.europa.eu/esco/concept-scheme/skills,
http://data.europa.eu/esco/concept-scheme/member-skills,
http://data.europa.eu/esco/concept-scheme/6c930acd-c104-4ece-acf7-f44fd7333036","The knowledge of the essential distributed ledger vulnerabilities including exchange hack, 51% attack, exitscam, extortion, DeFi, phishing, and drawing conclusions."
11215,KnowledgeSkillCompetence,http://data.europa.eu/esco/skill/cdd8b6b2-2fd9-453c-8d62-8a1dc6efcd49,knowledge,sector-specific,systems theory,systems fundamentals,,released,2025-06-25T08:20:05.218Z,,,"http://data.europa.eu/esco/concept-scheme/skills,
http://data.europa.eu/esco/concept-scheme/member-skills,
http://data.europa.eu/esco/concept-scheme/6c930acd-c104-4ece-acf7-f44fd7333036","The principles that can be applied to all types of systems at all hierarchical levels, which describe the system's internal organisation, its mechanisms of maintaining identity and stability and achieving adaptation and self-regulation and its dependencies and interaction with the environment."
11222,KnowledgeSkillCompetence,http://data.europa.eu/esco/skill/cdfb75ab-adc3-4143-a453-b91949dcfa1f,skill/competence,sector-specific,draw sketches to develop textile articles using softwares,"draw sketches with softwares to develop textile articles
sketch textiles or wearing apparel using softwares
draw sketches to develop textiles or wearing apparel using softwares
use softwares to draw and develop textiles or wearing apparel
use softwares to draw and develop textile articles
sketch textile articles using softwares",,released,2024-02-09T17:29:10.678Z,,,"http://data.europa.eu/esco/concept-scheme/skills,
http://data.europa.eu/esco/concept-scheme/member-skills,
http://data.europa.eu/esco/concept-scheme/6c930acd-c104-4ece-acf7-f44fd7333036","Draw sketches to develop textiles or wearing apparel using softwares. They create visualisations of the motives, patterns or products in order to be manufactured."
11227,KnowledgeSkillCompetence,http://data.europa.eu/esco/skill/ce26e71f-2d47-474e-89b6-7920931ac4fc,knowledge,sector-specific,iOS,"IPhoneOS
IPhone os
IOS (operating system)
IPadOS
IPhone OS
iPhone OS","IOS (operating system)
IPhone OS
IPhoneOS
IPadOS
IPhone os",released,2024-02-09T17:29:12.952Z,,,"http://data.europa.eu/esco/concept-scheme/skills,
http://data.europa.eu/esco/concept-scheme/member-skills,
http://data.europa.eu/esco/concept-scheme/6c930acd-c104-4ece-acf7-f44fd7333036","The system software iOS consists of features, restrictions, architectures and other characteristics of operating systems designed to run on mobile devices."
11229,KnowledgeSkillCompetence,http://data.europa.eu/esco/skill/ce2dcc4b-d0a4-4aa4-b84a-a08da3c31d7d,skill/competence,cross-sector,explain distributed ledger technologies principles,explain distributed ledger technologies properties,,released,2023-11-29T16:35:07.799Z,,,"http://data.europa.eu/esco/concept-scheme/skills,
http://data.europa.eu/esco/concept-scheme/member-skills,
http://data.europa.eu/esco/concept-scheme/6c930acd-c104-4ece-acf7-f44fd7333036","Explain the principles of the system architecture underlying distributed ledger technologies (DLT), in particular blockchain. Understand the DLT system architecture in terms of functional components in the core and service layers, the application service platform, DLT services, and external services. Understand the interaction of these components to provide DLT-based functions such as consensus mechanism functions, ledger management functions, smart contract mechanism functions, and distributed application management functions."
11230,KnowledgeSkillCompetence,http://data.europa.eu/esco/skill/ce354460-500e-4eaa-8e95-8f243fcea3db,skill/competence,sector-specific,manage system testing,"oversee testing of hardware
oversee testing of software",,released,2025-06-25T12:15:04.406Z,,,"http://data.europa.eu/esco/concept-scheme/skills,
http://data.europa.eu/esco/concept-scheme/member-skills,
http://data.europa.eu/esco/concept-scheme/6c930acd-c104-4ece-acf7-f44fd7333036","Select, perform and track testings on software or hardware to detect system defects both within the integrated system units, the inter-assemblages and the system as a whole. Organise testings such as installation testing, security testing and graphical user interface testing."
11240,KnowledgeSkillCompetence,http://data.europa.eu/esco/skill/ce6242a1-a2d9-43e6-a481-ae89b9ec0460,skill/competence,sector-specific,model microelectronics,"microelectronics modelling
microelectronics simulating
modelling micro-electronics
model micro-electronics
simulate microelectronics
micro-electronics modelling
simulating microelectronics
simulating micro-electronics
micro-electronics simulating
modelling microelectronics
simulate micro-electronics",,released,2024-02-09T17:29:09.851Z,,,"http://data.europa.eu/esco/concept-scheme/skills,
http://data.europa.eu/esco/concept-scheme/member-skills,
http://data.europa.eu/esco/concept-scheme/6c930acd-c104-4ece-acf7-f44fd7333036","Model and simulate microelectronic systems, products, and components using technical design software. Assess the viability of the product and examine the physical parameters to ensure a successful production process."
11249,KnowledgeSkillCompetence,http://data.europa.eu/esco/skill/ce8ae6ca-61d8-4174-b457-641de96cbff4,skill/competence,sector-specific,automate cloud tasks,"evaluate cloud automation alternatives
automation of cloud tasks
optimise cloud workflows",,released,2024-02-29T16:57:50.138Z,,,"http://data.europa.eu/esco/concept-scheme/skills,
http://data.europa.eu/esco/concept-scheme/member-skills,
http://data.europa.eu/esco/concept-scheme/6c930acd-c104-4ece-acf7-f44fd7333036",Automate manual or repeatable processes to minimize management overhead. Evaluate cloud automation alternatives for network deployments and tool-based alternatives for network operations and management.
11276,KnowledgeSkillCompetence,http://data.europa.eu/esco/skill/cf200547-25b5-47c8-9eda-bca4aedc13fb,skill/competence,cross-sector,program firmware,"program permanent software
programme firmware
programming firmware
permanent software programming
programme permanent software
firmware programming
programming permanent software",,released,2024-02-09T17:29:09.851Z,,,"http://data.europa.eu/esco/concept-scheme/skills,
http://data.europa.eu/esco/concept-scheme/member-skills,
http://data.europa.eu/esco/concept-scheme/6c930acd-c104-4ece-acf7-f44fd7333036","Program permanent software with a read-only memory (ROM) on a hardware device, such as an integrated circuit."
11281,KnowledgeSkillCompetence,http://data.europa.eu/esco/skill/cf310cff-0d28-4dbc-9dbb-cc500a3196c2,knowledge,cross-sector,office software,"office operating system
office IT software
office application
office programme
office soft-ware","Google Sheets
LibreOffice
Sharepoint
G-Suite Google
Google Workspace
Google Docs",released,2025-02-27T12:45:08.961Z,,,"http://data.europa.eu/esco/concept-scheme/skills,
http://data.europa.eu/esco/concept-scheme/member-skills,
http://data.europa.eu/esco/concept-scheme/6c930acd-c104-4ece-acf7-f44fd7333036","The characteristics and functioning of software programs for office tasks such as word processing, spreadsheets, presentation, email and database."
11282,KnowledgeSkillCompetence,http://data.europa.eu/esco/skill/cf3e976d-2c3e-495c-a874-f9e8a66d3b48,skill/competence,sector-specific,perform backups,"backup data
backup ICT system",,released,2024-02-09T17:29:09.851Z,,,"http://data.europa.eu/esco/concept-scheme/skills,
http://data.europa.eu/esco/concept-scheme/member-skills,
http://data.europa.eu/esco/concept-scheme/6c930acd-c104-4ece-acf7-f44fd7333036",Implement backup procedures to backup data and systems to ensure permanent and reliable system operation. Execute data backups in order to secure information by copying and archiving to ensure integrity during system integration and after data loss occurrence.
11287,KnowledgeSkillCompetence,http://data.europa.eu/esco/skill/cf532795-a1fd-43bd-8407-6e43f877e6e3,knowledge,sector-specific,mobile device management,"BYOD
cell phone device management
mobile terminals
bring your own device",,released,2023-05-05T16:18:59.031Z,,,"http://data.europa.eu/esco/concept-scheme/skills,
http://data.europa.eu/esco/concept-scheme/member-skills,
http://data.europa.eu/esco/concept-scheme/6c930acd-c104-4ece-acf7-f44fd7333036","The methods for managing the use of mobile devices within an organisation, while ensuring security."
11302,KnowledgeSkillCompetence,http://data.europa.eu/esco/skill/cfa2be0d-96d5-4017-a866-962efb9c5070,knowledge,sector-specific,signal processing,"digital signal processing
DSP
analogic transmission digital transmission",,released,2024-02-09T17:29:16.725Z,,,"http://data.europa.eu/esco/concept-scheme/skills,
http://data.europa.eu/esco/concept-scheme/member-skills,
http://data.europa.eu/esco/concept-scheme/6c930acd-c104-4ece-acf7-f44fd7333036","The algorithms, applications and implementations that deal with the processing and transferring of information through analog or digital frequencies."
11306,KnowledgeSkillCompetence,http://data.europa.eu/esco/skill/cfb8d64c-f8d7-4894-a02e-2551ab33f1d0,knowledge,sector-specific,Canvas (learning management systems),"Canvas network
Canvas e-learning tool
Canvas e-learning platform
Canvas platform
Canvas",,released,2024-02-23T09:57:47.329Z,,,"http://data.europa.eu/esco/concept-scheme/skills,
http://data.europa.eu/esco/concept-scheme/member-skills,
http://data.europa.eu/esco/concept-scheme/6c930acd-c104-4ece-acf7-f44fd7333036","The Canvas network is an e-learning platform for creating, administrating, arranging, reporting and delivering e-learning education courses or training programs."
11330,KnowledgeSkillCompetence,http://data.europa.eu/esco/skill/d04ee340-5378-4601-8181-19da6d5cbfe0,skill/competence,cross-sector,manage website,"manage websites
managing a website
maintain website
oversee website
manage a website
regulate website
supervise website",,released,2024-02-09T17:29:15.968Z,,,"http://data.europa.eu/esco/concept-scheme/skills,
http://data.europa.eu/esco/concept-scheme/member-skills,
http://data.europa.eu/esco/concept-scheme/6c930acd-c104-4ece-acf7-f44fd7333036","Provide different services related to website management such as monitoring online traffic, managing content, providing website support and making estimations and improvements to one's website."
11347,KnowledgeSkillCompetence,http://data.europa.eu/esco/skill/d0a7144b-ba91-4489-acb8-a055c6b7e968,skill/competence,sector-specific,scan negatives,"scan photograph negatives
copy negatives
scan photo negatives",,released,2024-02-09T17:29:09.851Z,,,"http://data.europa.eu/esco/concept-scheme/skills,
http://data.europa.eu/esco/concept-scheme/member-skills,
http://data.europa.eu/esco/concept-scheme/6c930acd-c104-4ece-acf7-f44fd7333036","Scan processed negatives so they can be digitally stored, edited, and printed."
11353,KnowledgeSkillCompetence,http://data.europa.eu/esco/skill/d0c6d77e-cb25-4770-bf77-2073fc5f7523,knowledge,sector-specific,ICT infrastructure,"ICT infrastructure and operations
IT infrastructure and operations
IT architecture and infrastructure
ICT architecture and infrastructure",,released,2025-06-25T08:20:05.218Z,,,"http://data.europa.eu/esco/concept-scheme/skills,
http://data.europa.eu/esco/concept-scheme/member-skills,
http://data.europa.eu/esco/concept-scheme/6c930acd-c104-4ece-acf7-f44fd7333036","The system, network, hardware and software applications and components, as well as devices and processes that are used in order to develop, test, deliver, monitor, control or support ICT services."
11356,KnowledgeSkillCompetence,http://data.europa.eu/esco/skill/d0e438df-18fb-4d70-b661-09a4e879e0db,skill/competence,sector-specific,operate life-saving appliances,"operate life-saving equipment
life-saving appliance operating
operating life-saving appliances
life-saving equipment operating
operating life-saving equipment
life-saving appliances operating",,released,2024-02-09T17:29:12.952Z,,,"http://data.europa.eu/esco/concept-scheme/skills,
http://data.europa.eu/esco/concept-scheme/member-skills,
http://data.europa.eu/esco/concept-scheme/6c930acd-c104-4ece-acf7-f44fd7333036","Operate survival craft and their launching appliances and arrangements. Operate life-saving instruments like radio life-saving appliances, satellite EPIRBs, SARTs, immersion suits and thermal protective aids."
11375,KnowledgeSkillCompetence,http://data.europa.eu/esco/skill/d12e9d68-84c5-444e-aa98-d36533bf03f6,skill/competence,occupation-specific,apply operations for an ITIL-based environment,"apply an operation for an ITIL-based environment
utilise operations for an ITIL-based environment
applying operations for ITIL-based environments
employ operations for an ITIL-based environment
applying operations for an ITIL-based environment
administer operations for an ITIL-based environment
implement operations for an ITIL-based environment",,released,2024-02-09T17:29:09.009Z,,,"http://data.europa.eu/esco/concept-scheme/skills,
http://data.europa.eu/esco/concept-scheme/member-skills,
http://data.europa.eu/esco/concept-scheme/6c930acd-c104-4ece-acf7-f44fd7333036",Properly operate ITIL (Information Technology Infrastructure Library) based service desk procedures.
11379,KnowledgeSkillCompetence,http://data.europa.eu/esco/skill/d1455e46-2d0d-4661-86ab-3cb7a0c46d02,skill/competence,occupation-specific,log emergency call information electronically,"electronically log emergency call information
electronically keep emergency call information
log emergency calls information electronically
keep e-information on emergency calls
register emergency call information electronically
store emergency call information electronically",,released,2024-02-09T17:29:11.47Z,,,"http://data.europa.eu/esco/concept-scheme/skills,
http://data.europa.eu/esco/concept-scheme/member-skills,
http://data.europa.eu/esco/concept-scheme/6c930acd-c104-4ece-acf7-f44fd7333036",Register the information received from emergency callers into a computer for further processing or record keeping purposes.
11385,KnowledgeSkillCompetence,http://data.europa.eu/esco/skill/d15ce60f-ddab-41ce-ba56-398451b77b60,skill/competence,cross-sector,have computer literacy,"computer literacy
demonstrate computer literacy
be computer-literate
have good computer literacy",,released,2024-02-09T17:29:15.235Z,,,"http://data.europa.eu/esco/concept-scheme/skills,
http://data.europa.eu/esco/concept-scheme/member-skills,
http://data.europa.eu/esco/concept-scheme/6c930acd-c104-4ece-acf7-f44fd7333036","Utilise computers, IT equipment and modern day technology in an efficient way."
11394,KnowledgeSkillCompetence,http://data.europa.eu/esco/skill/d181042e-c531-4461-af7c-4071c53418fe,skill/competence,cross-sector,type on electronic devices,"touch type on electronic devices
typing on an electronic device
type on an electronic device
typing on electronic devices
create text on electronic devices
write on electronic devices",,released,2024-02-09T17:29:17.515Z,,,"http://data.europa.eu/esco/concept-scheme/skills,
http://data.europa.eu/esco/concept-scheme/member-skills,
http://data.europa.eu/esco/concept-scheme/6c930acd-c104-4ece-acf7-f44fd7333036",Type fast and flawless on electronic devices such as computers in order to ensure a quick and accurate data entry.
11408,KnowledgeSkillCompetence,http://data.europa.eu/esco/skill/d1a86399-24d8-415f-98b9-e8cbb6b04a26,knowledge,sector-specific,Unity (digital game creation systems),"Unity3D
Unity
Unity 4
Unity 5",,released,2022-07-05T14:33:44.716Z,,,"http://data.europa.eu/esco/concept-scheme/skills,
http://data.europa.eu/esco/concept-scheme/member-skills,
http://data.europa.eu/esco/concept-scheme/6c930acd-c104-4ece-acf7-f44fd7333036","The game engine Unity which is a software framework that consists of integrated development environments and specialised design tools, designed for the rapid iteration of user-derived computer games."
11420,KnowledgeSkillCompetence,http://data.europa.eu/esco/skill/d1e954cd-d290-4d80-97c0-7969960d2928,knowledge,sector-specific,distributed directory information services,"active directory
directory service
install directory services",,released,2024-02-09T17:29:12.952Z,,,"http://data.europa.eu/esco/concept-scheme/skills,
http://data.europa.eu/esco/concept-scheme/member-skills,
http://data.europa.eu/esco/concept-scheme/6c930acd-c104-4ece-acf7-f44fd7333036","The directory services that automate the network management of security, user data and distributed resources and enable access to information in a computer system's directory."
11422,KnowledgeSkillCompetence,http://data.europa.eu/esco/skill/d1ed5b3a-cab5-4c5d-baf8-0214998b58fb,skill/competence,cross-sector,protect health and well-being while using digital technologies,"safeguard health and well-being while using digital technologies
assure health and well-being while using digital technologies
ensure compliance with health and well-being practices while using digital technologies
ensure health and well-being protection while using digital technologies
secure health and well-being while using digital technologies",,released,2025-06-25T12:15:04.406Z,,,"http://data.europa.eu/esco/concept-scheme/skills,
http://data.europa.eu/esco/concept-scheme/member-skills,
http://data.europa.eu/esco/concept-scheme/6c930acd-c104-4ece-acf7-f44fd7333036,
http://data.europa.eu/esco/concept-scheme/digcomp",Be able to avoid health-risks and threats to physical and psychological well-being while using digital technologies. Be able to protect oneself and others from possible dangers in digital environments (e.g. cyber bullying). Be aware of digital technologies for social well-being and social inclusion.
11427,KnowledgeSkillCompetence,http://data.europa.eu/esco/skill/d1fa702c-9ea8-4a60-bb76-5ca07c32b68c,skill/competence,occupation-specific,supervise video quality,"supervise audio and video editing quality
oversee video quality
supervise quality of video",,released,2024-02-09T17:29:10.678Z,,,"http://data.europa.eu/esco/concept-scheme/skills,
http://data.europa.eu/esco/concept-scheme/member-skills,
http://data.europa.eu/esco/concept-scheme/6c930acd-c104-4ece-acf7-f44fd7333036",Oversee the quality and progress of audio and video engineering and editing.
11436,KnowledgeSkillCompetence,http://data.europa.eu/esco/skill/d2309723-3472-46d2-865a-db81db2269b6,skill/competence,sector-specific,recognise blockchain risks,"predict risks in blockchain technology
identify risks in blockchain technology",,released,2023-11-29T16:34:23.752Z,,,"http://data.europa.eu/esco/concept-scheme/skills,
http://data.europa.eu/esco/concept-scheme/member-skills,
http://data.europa.eu/esco/concept-scheme/6c930acd-c104-4ece-acf7-f44fd7333036","Recognise risks associated with blockchain and cryptocurrency. Apart from standard risks associated with the business processes they are driving, blockchains bear value-transfer risks linked to the peer-to-peer type of value transfer. Risk are also linked to smart contracts as digital representations of more or less complex business relationships."
11461,KnowledgeSkillCompetence,http://data.europa.eu/esco/skill/d2adb565-a865-424d-aeb5-9fbcbf2afe2a,knowledge,sector-specific,Joomla,Joomla software,,released,2024-01-10T14:54:00.284Z,,,"http://data.europa.eu/esco/concept-scheme/skills,
http://data.europa.eu/esco/concept-scheme/member-skills,
http://data.europa.eu/esco/concept-scheme/6c930acd-c104-4ece-acf7-f44fd7333036","The open-source web-based software system written in PHP, used for creating, editing, publishing and archiving blogs, articles, corporate or small business websites, social networking websites or press releases."
11490,KnowledgeSkillCompetence,http://data.europa.eu/esco/skill/d31fab87-2a7d-485c-b699-2901ca294b15,skill/competence,sector-specific,use functional programming,apply functional programming principles,,released,2025-06-25T08:45:06.159Z,,,"http://data.europa.eu/esco/concept-scheme/skills,
http://data.europa.eu/esco/concept-scheme/member-skills,
http://data.europa.eu/esco/concept-scheme/6c930acd-c104-4ece-acf7-f44fd7333036","Utilise specialised ICT tools to create computer code which treats computation as the evaluation of mathematical functions and seeks to avoid state and mutable data. Use programming languages which support this method such as LISP, PROLOG and Haskell."
11491,KnowledgeSkillCompetence,http://data.europa.eu/esco/skill/d3286405-49f8-4e8a-8046-a4376b4e7963,skill/competence,sector-specific,manage cloud data and storage,"manage cloud data encryption
manage cloud data retention
cloud storage and data management
implement cloud data protection
create cloud data retention",,released,2024-02-23T09:02:38.545Z,,,"http://data.europa.eu/esco/concept-scheme/skills,
http://data.europa.eu/esco/concept-scheme/member-skills,
http://data.europa.eu/esco/concept-scheme/6c930acd-c104-4ece-acf7-f44fd7333036","Create and manage cloud data retention. Identify and implement data protection, encryption, and capacity planning needs."
11493,KnowledgeSkillCompetence,http://data.europa.eu/esco/skill/d32db06e-bd06-4415-a7ab-1b0ee68caa9a,knowledge,sector-specific,ICT encryption,"TLS
symmetric-key algorithm
asymmetric cryptography
public-key cryptography
transport layer security
SSL
secure sockets layer",,released,2024-02-09T17:29:16.725Z,,,"http://data.europa.eu/esco/concept-scheme/skills,
http://data.europa.eu/esco/concept-scheme/member-skills,
http://data.europa.eu/esco/concept-scheme/6c930acd-c104-4ece-acf7-f44fd7333036","The conversion of electronic data into a format which is readable only by authorized parties which use key encryption techniques, such as Public Key Infrastructure (PKI) and Secure Socket Layer (SSL)."
11510,KnowledgeSkillCompetence,http://data.europa.eu/esco/skill/d38055cc-7c76-4e5e-90e7-5bb5d5851a92,skill/competence,sector-specific,coordinate the allocation of Mode S radars to Interrogator Codes,"coordinate the assigning of Interrogator Codes to Mode S radars
coordinate the allocation and use of Interrogator Codes with Mode S radars
coordinate the allocation of Interrogator Codes to Mode S radars
ensure safe operation of Mode S radar systems
ensure Mode S radars are configured with interrogator Codes
coordinate the allocation and use of Mode S radars with IC
coordinate the allocation and use of Mode S radars with Interrogator Codes
coordinate the allocation and use of Mode S Secondary Surveillance Radars with Interrogator Codes
match Mode S radar systems with allocated Interrogator Codes
configure Mode S radars with appropriate Interrogator Codes
ensure correct and safe operation of Mode S radar systems",,released,2024-02-09T17:29:12.215Z,,,"http://data.europa.eu/esco/concept-scheme/skills,
http://data.europa.eu/esco/concept-scheme/member-skills,
http://data.europa.eu/esco/concept-scheme/6c930acd-c104-4ece-acf7-f44fd7333036",Ensure correct and safe operation of Mode S Secondary Surveillance Radars. Ensure they are configured with an Interrogator Code (IC) allocated specifically to each radar.
11533,KnowledgeSkillCompetence,http://data.europa.eu/esco/skill/d3e36164-79aa-4f14-9a8c-d88d38f84ea0,skill/competence,cross-sector,interpret automatic call distribution data,"decipher automatic call distribution data
interpreting automatic call distribution data
interpret automatic calls distribution data
explain automatic call distribution data
automatic call distribution data interpretation
clarify automatic call distribution data
solve automatic call distribution data",,released,2024-02-09T17:29:12.952Z,,,"http://data.europa.eu/esco/concept-scheme/skills,
http://data.europa.eu/esco/concept-scheme/member-skills,
http://data.europa.eu/esco/concept-scheme/6c930acd-c104-4ece-acf7-f44fd7333036","Interpret information of call distribution system, a device that transmits incoming calls to specific groups of terminals."
11536,KnowledgeSkillCompetence,http://data.europa.eu/esco/skill/d3e9b00a-0891-4fa8-836d-8240ec3d2758,knowledge,sector-specific,GDPR,"EU data protection
knowledge of GDPR
General Data Protection Regulation",,released,2024-02-29T16:37:26.63Z,,,"http://data.europa.eu/esco/concept-scheme/skills,
http://data.europa.eu/esco/concept-scheme/member-skills,
http://data.europa.eu/esco/concept-scheme/6c930acd-c104-4ece-acf7-f44fd7333036",The General Data Protection Regulation is the EU regulation on the protection of natural persons with regard to the processing of personal data and on the free movement of such data.
11558,KnowledgeSkillCompetence,http://data.europa.eu/esco/skill/d4789070-2ff7-4bbb-94ca-8bb1739826a9,knowledge,cross-sector,authoring software,,"LaTeX
Microsoft Publisher",released,2025-02-27T12:45:08.961Z,,,"http://data.europa.eu/esco/concept-scheme/skills,
http://data.europa.eu/esco/concept-scheme/member-skills,
http://data.europa.eu/esco/concept-scheme/6c930acd-c104-4ece-acf7-f44fd7333036","The software that provides pre-programmed elements which allow the development of interactive multimedia applications in order to edit, structure and lay out content intended for publication."
11575,KnowledgeSkillCompetence,http://data.europa.eu/esco/skill/d4ae4774-a81d-4255-8491-cade3580685a,knowledge,sector-specific,Adobe Photoshop Lightroom,"Adobe Photoshop Lightroom for 2D Raster Graphics Generation
Adobe Photoshop Lightroom graphical ICT tool
Adobe Photoshop Lightroom for 2D Vector Graphics Creation
Adobe Photoshop Lightroom for 2D raster generation
Adobe Photoshop Lightroom for 2D vector graphics generation
Adobe Photoshop Lightroom for digital editing",,released,2025-06-25T08:20:05.218Z,,,"http://data.europa.eu/esco/concept-scheme/skills,
http://data.europa.eu/esco/concept-scheme/member-skills,
http://data.europa.eu/esco/concept-scheme/6c930acd-c104-4ece-acf7-f44fd7333036",The computer program Adobe Photoshop Lightroom is a graphical ICT tool which enables digital editing and composition of graphics to generate both 2D raster or 2D vector graphics. It is developed by the software company Adobe.
11590,KnowledgeSkillCompetence,http://data.europa.eu/esco/skill/d503a629-9ac7-475f-8fd9-4cdcc14711cd,skill/competence,occupation-specific,use ICT equipment in maintenance activities,"operate ICT equipment in maintenance activities
carry out maintenance using ICT equipment
use ICT equipment in maintenance tasks
carry out maintenance using ICT peripherals
operate ICT peripherals in maintenance activities
undertake maintenance tasks using ICT equipment
perform maintenance activities through use of ICT equipment
utilise ICT equipment in maintenance activities
undertake maintenance tasks using ICT peripherals
perform maintenance activities through use of ICT peripherals
utilise ICT peripherals in maintenance activities
use ICT peripherals in maintenance activities",,released,2024-02-09T17:29:14.494Z,,,"http://data.europa.eu/esco/concept-scheme/skills,
http://data.europa.eu/esco/concept-scheme/member-skills,
http://data.europa.eu/esco/concept-scheme/6c930acd-c104-4ece-acf7-f44fd7333036","Maintain or fix equipment by using information technology equipment such as monitors, computer mice, keyboards, storage devices, printers or scanners."
11600,KnowledgeSkillCompetence,http://data.europa.eu/esco/skill/d52426a8-e84f-4652-a655-7a6195381fcd,skill/competence,cross-sector,identify GIS issues,"identification of GIS issues
GIS issues highlighting
identifying GIS issues
highlighting GIS issues
GIS issues identification
highlight GIS issues
highlighting of GIS issues",,released,2024-02-09T17:29:14.494Z,,,"http://data.europa.eu/esco/concept-scheme/skills,
http://data.europa.eu/esco/concept-scheme/member-skills,
http://data.europa.eu/esco/concept-scheme/6c930acd-c104-4ece-acf7-f44fd7333036",Highlight GIS-issues that require special attention. Report on these issues and their development on a regular basis.
11607,KnowledgeSkillCompetence,http://data.europa.eu/esco/skill/d5464c09-f8b7-44b1-b216-db2bdc80dc17,skill/competence,sector-specific,operate dealership management system,"operate a dealership management system
conduct dealership management system
undertake dealership management system
run dealership management system
perform dealership management system
operating a dealership management system
dealership management system operation",,released,2024-02-09T17:29:09.009Z,,,"http://data.europa.eu/esco/concept-scheme/skills,
http://data.europa.eu/esco/concept-scheme/member-skills,
http://data.europa.eu/esco/concept-scheme/6c930acd-c104-4ece-acf7-f44fd7333036","Operate and maintain the management information system that caters to the needs of the finance, sales, parts, inventory and administrative aspects of running the business."
11612,KnowledgeSkillCompetence,http://data.europa.eu/esco/skill/d560df46-dda4-4407-bab2-b87353a96814,skill/competence,cross-sector,design control systems,"develop control systems
control systems design
define control systems
create control systems
prepare control systems
plan control systems",,released,2024-02-09T17:29:15.968Z,,,"http://data.europa.eu/esco/concept-scheme/skills,
http://data.europa.eu/esco/concept-scheme/member-skills,
http://data.europa.eu/esco/concept-scheme/6c930acd-c104-4ece-acf7-f44fd7333036","Develop devices that command and manage the behaviour of other devices and systems, using engineering and electronics principles."
11615,KnowledgeSkillCompetence,http://data.europa.eu/esco/skill/d56358e4-3bcc-4b5d-981d-ea15b2743e9e,knowledge,sector-specific,quality control systems,"quality systems
process optimisation quality control systems
battery production quality control systems
product development quality assurance systems
product development quality systems
battery materials quality control systems
recovery materials quality control systems
product development quality control systems
quality assurance systems",,released,2025-04-11T13:41:02.183Z,,,"http://data.europa.eu/esco/concept-scheme/skills,
http://data.europa.eu/esco/concept-scheme/member-skills,
http://data.europa.eu/esco/concept-scheme/6c930acd-c104-4ece-acf7-f44fd7333036","Understanding of and experience with product development quality systems or tools such as FMEA, DOE, PPAP and APQP."
11618,KnowledgeSkillCompetence,http://data.europa.eu/esco/skill/d56fc2b5-4b0a-4e7e-9bde-a33736f6ff18,knowledge,sector-specific,Scratch (computer programming),Scratch,,released,2022-07-05T14:34:33.959Z,,,"http://data.europa.eu/esco/concept-scheme/skills,
http://data.europa.eu/esco/concept-scheme/member-skills,
http://data.europa.eu/esco/concept-scheme/6c930acd-c104-4ece-acf7-f44fd7333036","The techniques and principles of software development, such as analysis, algorithms, coding, testing and compiling of programming paradigms in Scratch."
11630,KnowledgeSkillCompetence,http://data.europa.eu/esco/skill/d5a59ca8-2e91-472e-8571-d12ce4478679,knowledge,sector-specific,Process-based management,process-based project management methodology,,released,2025-06-25T08:20:05.218Z,,,"http://data.europa.eu/esco/concept-scheme/skills,
http://data.europa.eu/esco/concept-scheme/member-skills,
http://data.europa.eu/esco/concept-scheme/6c930acd-c104-4ece-acf7-f44fd7333036","The process-based management approach is a methodology for planning, managing and overseeing of ICT resources in order to meet specific goals and using project management ICT tools."
11636,KnowledgeSkillCompetence,http://data.europa.eu/esco/skill/d5bcc417-a004-4165-b7f1-ab739eadd2f4,knowledge,sector-specific,smart city features,"advanced mobility functionalities for smart cities
big data technologies for smart cities
advanced mobility functionalities creation for smart cities
smart city characteristics
big data technologies for novel software ecosystems in smart cities",connected city characteristics,released,2025-07-25T08:55:01.796Z,,,"http://data.europa.eu/esco/concept-scheme/skills,
http://data.europa.eu/esco/concept-scheme/green,
http://data.europa.eu/esco/concept-scheme/member-skills,
http://data.europa.eu/esco/concept-scheme/6c930acd-c104-4ece-acf7-f44fd7333036",The use of big data technologies in the context of smart cities in order to develop novel software ecosystems upon which advanced mobility functionalities can be created.
11681,KnowledgeSkillCompetence,http://data.europa.eu/esco/skill/d663e407-33c6-4397-b40e-dced5ebe20b5,knowledge,sector-specific,computational chemistry,chemical computing,,released,2023-10-31T15:57:48.1Z,,,"http://data.europa.eu/esco/concept-scheme/skills,
http://data.europa.eu/esco/concept-scheme/member-skills,
http://data.europa.eu/esco/concept-scheme/6c930acd-c104-4ece-acf7-f44fd7333036",The branch of chemistry that aims at addressing complex chemical problems through computer simulations.
11688,KnowledgeSkillCompetence,http://data.europa.eu/esco/skill/d686f015-5568-4288-9135-74936cd7b655,knowledge,sector-specific,blockchain-based business models,models for blockchain-based business,,released,2023-11-29T16:32:54.577Z,,,"http://data.europa.eu/esco/concept-scheme/skills,
http://data.europa.eu/esco/concept-scheme/member-skills,
http://data.europa.eu/esco/concept-scheme/6c930acd-c104-4ece-acf7-f44fd7333036","The study of diverse blockchain business models such as Blockchain-Based Software Products, Blockchain Development Platforms, Token Economy-Utility Token Business Model, P2P Blockchain Business Model, as well as Blockchain as a Service Business Model (BaaS)."
11690,KnowledgeSkillCompetence,http://data.europa.eu/esco/skill/d68e8a54-7456-4f13-98d3-7aa0787fc6e2,skill/competence,sector-specific,operate collating machine,"activate collating machine
operate collating machines
operating collating machine
control collating machine
handle collating machine
use collating machine
run collating machine",,released,2024-02-09T17:29:10.678Z,,,"http://data.europa.eu/esco/concept-scheme/skills,
http://data.europa.eu/esco/concept-scheme/member-skills,
http://data.europa.eu/esco/concept-scheme/6c930acd-c104-4ece-acf7-f44fd7333036",Set up and monitor the machine that automatically sorts the different pages of documents.
11697,KnowledgeSkillCompetence,http://data.europa.eu/esco/skill/d6b31d8d-2f47-425a-a2b2-a6dddb3d2b19,knowledge,cross-sector,types of digital badges,"open badges
digital credentials
micro-credentials
digital badges",,released,2022-07-05T14:38:06.701Z,,,"http://data.europa.eu/esco/concept-scheme/skills,
http://data.europa.eu/esco/concept-scheme/member-skills,
http://data.europa.eu/esco/concept-scheme/6c930acd-c104-4ece-acf7-f44fd7333036","The types and characteristics of digital badges such as open badges, that store information about accomplishments and skills of learners, making it easier for this information to be verified and recognised by multiple stakeholders."
11698,KnowledgeSkillCompetence,http://data.europa.eu/esco/skill/d6c29154-9cc1-48a4-a2de-3d1d0d7f0831,knowledge,sector-specific,publishing strategy,"publishing content
publishing content in output media",,released,2024-02-09T17:29:12.952Z,,,"http://data.europa.eu/esco/concept-scheme/skills,
http://data.europa.eu/esco/concept-scheme/member-skills,
http://data.europa.eu/esco/concept-scheme/6c930acd-c104-4ece-acf7-f44fd7333036","The methods, rules, media and tools of publishing content from content management systems in single sources or cross media."
11701,KnowledgeSkillCompetence,http://data.europa.eu/esco/skill/d6cdef49-b669-4507-91d1-3f959cf98e47,skill/competence,sector-specific,maintain database performance,execute database maintenance,,released,2025-06-25T12:15:04.406Z,,,"http://data.europa.eu/esco/concept-scheme/skills,
http://data.europa.eu/esco/concept-scheme/member-skills,
http://data.europa.eu/esco/concept-scheme/6c930acd-c104-4ece-acf7-f44fd7333036",Calculate values for database parameters. Implement new releases and execute regular maintenance tasks such as establishing backup strategies and eliminating index fragmentation.
11707,KnowledgeSkillCompetence,http://data.europa.eu/esco/skill/d6e3395b-5ab6-4fba-969a-3df634e904c5,knowledge,sector-specific,ICT network cable limitations,"ICT network wire limitations
ICT network line limitations",,released,2024-02-09T17:29:12.215Z,,,"http://data.europa.eu/esco/concept-scheme/skills,
http://data.europa.eu/esco/concept-scheme/member-skills,
http://data.europa.eu/esco/concept-scheme/6c930acd-c104-4ece-acf7-f44fd7333036","The limitations, such as distance limitations and resistance of types of cables, such as fibre cable, coax cable and ethernet cable which are used for realising networks."
11715,KnowledgeSkillCompetence,http://data.europa.eu/esco/skill/d70701ca-d3be-44cb-963e-8e7142555144,skill/competence,sector-specific,transfer medical information,"digitalise patient data
digitalize medical information
digitalise medical information
digitalize patient data
extract and enter medical information
relocate medical information",,released,2024-02-09T17:29:13.7Z,,,"http://data.europa.eu/esco/concept-scheme/skills,
http://data.europa.eu/esco/concept-scheme/member-skills,
http://data.europa.eu/esco/concept-scheme/6c930acd-c104-4ece-acf7-f44fd7333036",Extract information from a patient's notes and enter them in a computer programme.
11717,KnowledgeSkillCompetence,http://data.europa.eu/esco/skill/d70cab7b-ad8c-4be8-84f0-c5f3f9501818,skill/competence,occupation-specific,maintain media integration equipment,"repair media integration equipment
check media integration equipment
manage integrated media tools
maintain media integration software
repair media integration tools",,released,2024-02-23T16:36:37.241Z,,,"http://data.europa.eu/esco/concept-scheme/skills,
http://data.europa.eu/esco/concept-scheme/member-skills,
http://data.europa.eu/esco/concept-scheme/6c930acd-c104-4ece-acf7-f44fd7333036",Check and repair media integration equipment and maintain its software.
11739,KnowledgeSkillCompetence,http://data.europa.eu/esco/skill/d78dedfc-21d2-45fd-ba05-e56b7a8865e6,knowledge,sector-specific,network standards,"network protocols
network guidelines
network codes",,released,2023-11-29T16:29:25.603Z,,,"http://data.europa.eu/esco/concept-scheme/skills,
http://data.europa.eu/esco/concept-scheme/member-skills,
http://data.europa.eu/esco/concept-scheme/6c930acd-c104-4ece-acf7-f44fd7333036","Regulated standards that provide the technical guidelines, specifications, and requirements to ensure safe and efficient interoperability between devices, software, equipment, and organisations. Networking standards govern the software and hardware which uses them."
11757,KnowledgeSkillCompetence,http://data.europa.eu/esco/skill/d7e4a9fa-cfc2-45f9-96eb-13dc6e48c86c,knowledge,sector-specific,video conferencing tool,video conferencing software,"Google Meet
Google Hangout
Cisco Webex
Microsoft Teams
Skype
Zoom",released,2023-11-29T16:27:11.852Z,,,"http://data.europa.eu/esco/concept-scheme/skills,
http://data.europa.eu/esco/concept-scheme/member-skills,
http://data.europa.eu/esco/concept-scheme/6c930acd-c104-4ece-acf7-f44fd7333036",The software that are used to enable virtual meetings between people through internet with real-time multidirectional video and audio streaming.
11769,KnowledgeSkillCompetence,http://data.europa.eu/esco/skill/d81b58ba-52e4-45fa-9f7c-f59b87fa6041,knowledge,sector-specific,domotic systems,"residential intelligent building installations
intelligent home systems
smart home systems",,released,2024-03-01T12:35:58.279Z,,,"http://data.europa.eu/esco/concept-scheme/skills,
http://data.europa.eu/esco/concept-scheme/green,
http://data.europa.eu/esco/concept-scheme/member-skills,
http://data.europa.eu/esco/concept-scheme/6c930acd-c104-4ece-acf7-f44fd7333036","Residential intelligent building installations for lighting, heating, security, etc that can be controlled remotely. Domotic systems aim at improving the quality of life inside houses and buildings, including enhancing the independence of people with disabilities and contributing to energy saving."
11770,KnowledgeSkillCompetence,http://data.europa.eu/esco/skill/d822b4b2-26c7-4bd9-970d-229c6504f615,skill/competence,transversal,create digital content,"create content in digital form
edit digital content
produce digital content",,released,2024-02-27T10:26:07.904Z,,,"http://data.europa.eu/esco/concept-scheme/skills,
http://data.europa.eu/esco/concept-scheme/member-skills,
http://data.europa.eu/esco/concept-scheme/skill-transversal-groups,
http://data.europa.eu/esco/concept-scheme/6c930acd-c104-4ece-acf7-f44fd7333036","Create and edit simple items of digital content, where needed with guidance."
11774,KnowledgeSkillCompetence,http://data.europa.eu/esco/skill/d83e8dbd-257b-4aa9-abb5-e65924eb1797,knowledge,sector-specific,ethics of sharing work through social media,"principles of sharing work through social media
perform adjustments as work evolves
ideals of sharing work through social media
morals of sharing work through social media",,released,2023-02-20T20:42:52.386Z,,,"http://data.europa.eu/esco/concept-scheme/skills,
http://data.europa.eu/esco/concept-scheme/member-skills,
http://data.europa.eu/esco/concept-scheme/6c930acd-c104-4ece-acf7-f44fd7333036",The ethics around the appropriate use of social networks and media channels through which to share your work.
11786,KnowledgeSkillCompetence,http://data.europa.eu/esco/skill/d86595cb-0c68-4d98-aea8-32269da7eef5,skill/competence,sector-specific,operate scanner,"activate scanner
handle scanner
use scanner
control scanner
operating scanner
operate scanners
run scanner",,released,2024-02-09T17:29:09.009Z,,,"http://data.europa.eu/esco/concept-scheme/skills,
http://data.europa.eu/esco/concept-scheme/member-skills,
http://data.europa.eu/esco/concept-scheme/6c930acd-c104-4ece-acf7-f44fd7333036",Set up and operate scanner equipment and its hard- and software.
11790,KnowledgeSkillCompetence,http://data.europa.eu/esco/skill/d8726a5a-0614-4dc6-ad03-cf5e3b3caaa5,skill/competence,sector-specific,apply ICT terminology,provide consistent terminology,,released,2024-02-09T17:29:09.009Z,,,"http://data.europa.eu/esco/concept-scheme/skills,
http://data.europa.eu/esco/concept-scheme/member-skills,
http://data.europa.eu/esco/concept-scheme/6c930acd-c104-4ece-acf7-f44fd7333036",Use specific ICT terms and vocabulary in a systematic and consistent manner for documentation and communication purposes.
11794,KnowledgeSkillCompetence,http://data.europa.eu/esco/skill/d87fe0be-9055-4a76-a444-e98b5bfad9d8,knowledge,sector-specific,Taleo,Taleo e-learning platform,,released,2025-06-25T08:20:05.218Z,,,"http://data.europa.eu/esco/concept-scheme/skills,
http://data.europa.eu/esco/concept-scheme/member-skills,
http://data.europa.eu/esco/concept-scheme/6c930acd-c104-4ece-acf7-f44fd7333036","The computer program Taleo is a e-learning platform for creating, administrating, arranging, reporting and delivering e-learning education courses or training programs."
11796,KnowledgeSkillCompetence,http://data.europa.eu/esco/skill/d8829a1d-dbde-435b-b921-29d6462f35c9,knowledge,sector-specific,Android (mobile operating systems),Android,,released,2022-07-05T14:33:44.716Z,,,"http://data.europa.eu/esco/concept-scheme/skills,
http://data.europa.eu/esco/concept-scheme/member-skills,
http://data.europa.eu/esco/concept-scheme/6c930acd-c104-4ece-acf7-f44fd7333036","The system software Android consists of features, restrictions, architectures and other characteristics of operating systems designed to run on mobile devices."
11804,KnowledgeSkillCompetence,http://data.europa.eu/esco/skill/d89b9a3f-19bf-4b9b-9664-ed35924eb399,skill/competence,cross-sector,collect data using GPS,"gather data using GPS devices
using GPS to collect data
gather data using GPS device
gathering GPS field data
collecting of data using GPS
use GPS to collect data
collection of data using GPS
gather GPS field data
collecting data using GPS
data collection using GPS",,released,2024-02-09T17:29:16.725Z,,,"http://data.europa.eu/esco/concept-scheme/skills,
http://data.europa.eu/esco/concept-scheme/member-skills,
http://data.europa.eu/esco/concept-scheme/6c930acd-c104-4ece-acf7-f44fd7333036",Gather data in the field using Global Positioning System (GPS) devices.
11820,KnowledgeSkillCompetence,http://data.europa.eu/esco/skill/d8ee0b01-3d33-4a32-a07c-6a107400cac0,knowledge,sector-specific,CAD for garment manufacturing,"CAD wearing apparel for manufacturing
computer-aided design for garments manufacturing
computer-aided design for clothing manufacturing
computer-aided design for wearing apparel manufacturing
CAD for clothing manufacturing
CAD for garments
manufacturing of garments with CAD",,released,2024-02-09T17:29:10.678Z,,,"http://data.europa.eu/esco/concept-scheme/skills,
http://data.europa.eu/esco/concept-scheme/member-skills,
http://data.europa.eu/esco/concept-scheme/6c930acd-c104-4ece-acf7-f44fd7333036",Softwares of computer aided design for garment manufacturing which allow create 2 or 3 dimensional drawings.
11824,KnowledgeSkillCompetence,http://data.europa.eu/esco/skill/d90bad2f-7fcc-4e85-a02f-ba4837732892,knowledge,cross-sector,post-processing of photographs,"the post-processing of photographs
post-processing of photos
post-processing of a photograph",,released,2024-02-09T17:29:09.851Z,,,"http://data.europa.eu/esco/concept-scheme/skills,
http://data.europa.eu/esco/concept-scheme/member-skills,
http://data.europa.eu/esco/concept-scheme/6c930acd-c104-4ece-acf7-f44fd7333036",The characteristics of software and techniques used in post-processing photographs.
11844,KnowledgeSkillCompetence,http://data.europa.eu/esco/skill/d96078b0-12f4-47d3-a260-61d22050a840,knowledge,sector-specific,vehicle-to-everything technologies,"V2X
V2X technologies
knowledge of vehicle-to-everything technologies",,released,2024-02-29T16:46:35.982Z,,,"http://data.europa.eu/esco/concept-scheme/skills,
http://data.europa.eu/esco/concept-scheme/member-skills,
http://data.europa.eu/esco/concept-scheme/6c930acd-c104-4ece-acf7-f44fd7333036","Technology that allows vehicles to communicate with other vehicles and traffic system infrastructure around them. This technology is composed of two elements: vehicle-to-vehicle (V2V) which allows vehicles to communicate with one another, and vehicle to infrastructure (V2I) which allows vehicles to communicate with external systems such as streetlights, buildings and cyclists or pedestrians."
11854,KnowledgeSkillCompetence,http://data.europa.eu/esco/skill/d9818afc-1dec-4944-8c9c-e3ae8fad176d,skill/competence,cross-sector,set up the controller of a machine,"erect appliance and machine control systems
build the controller of a machine
set up the computer controller of a machine
install appliance and machine control systems
install the controller of a machine
assemble the controller of a machine
erect the controller of a machine
assemble appliance and machine control systems
build appliance and machine control systems",,released,2024-02-09T17:29:12.952Z,,,"http://data.europa.eu/esco/concept-scheme/skills,
http://data.europa.eu/esco/concept-scheme/member-skills,
http://data.europa.eu/esco/concept-scheme/6c930acd-c104-4ece-acf7-f44fd7333036",Set up and give commands to a machine by dispatching the appropriate data and input into the (computer) controller corresponding with the desired processed product.
11869,KnowledgeSkillCompetence,http://data.europa.eu/esco/skill/d9eaf831-9348-4330-a83e-b7c099cdc8f6,knowledge,sector-specific,Teradata Database,"Teradata
Teradata Integrated Data Warehouse",,released,2024-02-09T17:29:15.235Z,,,"http://data.europa.eu/esco/concept-scheme/skills,
http://data.europa.eu/esco/concept-scheme/member-skills,
http://data.europa.eu/esco/concept-scheme/6c930acd-c104-4ece-acf7-f44fd7333036","The computer program Teradata Database is a tool for creating, updating and managing databases, developed by the software company Teradata Corporation."
11872,KnowledgeSkillCompetence,http://data.europa.eu/esco/skill/da042121-959d-451b-b4d0-3bbf07c1bc67,skill/competence,sector-specific,analyse network bandwidth requirements,"analyze network bandwidth requirements
measure network bandwidth requirements
assess network bandwidth requirements",,released,2024-02-29T17:19:23.5Z,,,"http://data.europa.eu/esco/concept-scheme/skills,
http://data.europa.eu/esco/concept-scheme/member-skills,
http://data.europa.eu/esco/concept-scheme/6c930acd-c104-4ece-acf7-f44fd7333036",Study the requirements on the transmission capacity of an ICT network or other telecommunication system.
11893,KnowledgeSkillCompetence,http://data.europa.eu/esco/skill/da6393d5-a53c-4863-abc7-51f36281d74e,knowledge,sector-specific,lean project management,"lean project management approach
Lean Six Sigma
lean project methodology",,released,2025-04-16T10:06:45.846Z,,,"http://data.europa.eu/esco/concept-scheme/skills,
http://data.europa.eu/esco/concept-scheme/member-skills,
http://data.europa.eu/esco/concept-scheme/6c930acd-c104-4ece-acf7-f44fd7333036","The lean project management approach is a methodology for planning, managing and overseeing of ICT resources in order to meet specific goals and using project management ICT tools."
11900,KnowledgeSkillCompetence,http://data.europa.eu/esco/skill/da930e2f-6047-4616-a598-bba8ecef3039,skill/competence,cross-sector,manage open publications,"manage open-source content
manage open-source publications
handle open-source content
handle open publications
handle open-source publications",,released,2024-02-23T15:21:32.989Z,,,"http://data.europa.eu/esco/concept-scheme/skills,
http://data.europa.eu/esco/concept-scheme/member-skills,
http://data.europa.eu/esco/concept-scheme/research,
http://data.europa.eu/esco/concept-scheme/6c930acd-c104-4ece-acf7-f44fd7333036","Be familiar with Open Publication strategies, with the use of information technology to support research, and with the development and management of CRIS (current research information systems) and institutional repositories. Provide licensing and copyright advice, use bibliometric indicators, and measure and report research impact."
11908,KnowledgeSkillCompetence,http://data.europa.eu/esco/skill/dad18fbb-7053-46ed-8a7e-817a10b26ab8,skill/competence,occupation-specific,program home alarm systems,"programming of home alarm systems
set up home alarm system
setting up of home alarm systems
home alarm system programming
programming home alarm systems
home alarm system set up
setting up home alarm systems
home alarm system setting up",,released,2024-02-09T17:29:09.851Z,,,"http://data.europa.eu/esco/concept-scheme/skills,
http://data.europa.eu/esco/concept-scheme/member-skills,
http://data.europa.eu/esco/concept-scheme/6c930acd-c104-4ece-acf7-f44fd7333036","Select the right settings for the specific situation where the alarm system will operate. Set up zones with different policies if called for. Define how the system will be armed and disarmed. Choose actions to take if the system is triggered, and select various other settings."
11909,KnowledgeSkillCompetence,http://data.europa.eu/esco/skill/dad7e408-162f-46a4-8567-db560e19e2fc,skill/competence,sector-specific,identify ICT system weaknesses,"identify cyber infrastructure vulnerabilities
identify vulnerabilities of a cyber infrastructure",,released,2024-02-09T17:29:14.494Z,,,"http://data.europa.eu/esco/concept-scheme/skills,
http://data.europa.eu/esco/concept-scheme/member-skills,
http://data.europa.eu/esco/concept-scheme/6c930acd-c104-4ece-acf7-f44fd7333036","Analyse the system and network architecture, hardware and software components and data in order to identify weaknesses and vulnerability to intrusions or attacks. Execute diagnostic operations on cyber infrastructure including research, identification, interpretation and categorization of vulnerabilities, associated attacks and malicious code (e.g. malware forensics and malicious network activity). Compare indicators or observables with requirements and review logs to identify evidence of past intrusions."
11930,KnowledgeSkillCompetence,http://data.europa.eu/esco/skill/db36f7f1-5900-45bd-9ffb-f2b19c4362ac,skill/competence,sector-specific,support ICT system users,"staff support
user assistance
provide guidance on the use",,released,2024-02-09T17:29:12.952Z,,,"http://data.europa.eu/esco/concept-scheme/skills,
http://data.europa.eu/esco/concept-scheme/member-skills,
http://data.europa.eu/esco/concept-scheme/6c930acd-c104-4ece-acf7-f44fd7333036","Communicate with end users, instruct them on how to progress with tasks, use ICT support tools and methods to solve problems and identify possible side effects and provide solutions."
11946,KnowledgeSkillCompetence,http://data.europa.eu/esco/skill/db77825e-0f3e-47d0-abdb-356794484272,skill/competence,cross-sector,use mathematical tools and equipment,"able to use using mathematical tools and equipment
use calculator
apply mathematical tools and equipment
use spreadsheets
utilise mathematical tools and equipment
apply mathematics
make use of mathematical tools and equipment
apply mathematics rules
use math tools and equipment
use pocket calculator
use mathematical software
practice mathematics
applying mathematics
use mathematical equipment and tools
administer mathematics
implement mathematics
exercise mathematics",,released,2024-02-09T17:29:11.47Z,,,"http://data.europa.eu/esco/concept-scheme/skills,
http://data.europa.eu/esco/concept-scheme/member-skills,
http://data.europa.eu/esco/concept-scheme/6c930acd-c104-4ece-acf7-f44fd7333036",Use portable electronic device to perform both basic and complex operations of arithmetic.
11961,KnowledgeSkillCompetence,http://data.europa.eu/esco/skill/dba46f87-0831-49cd-a1c7-340a653c0221,knowledge,sector-specific,Agile development,"Agile Development Environment
Agile Software Development Practices
Agile frameworks
Agile software environment
Agile development framework
Agile software development methods
Agile software development
Agile scrum development framework",,released,2025-06-25T08:20:05.218Z,,,"http://data.europa.eu/esco/concept-scheme/skills,
http://data.europa.eu/esco/concept-scheme/member-skills,
http://data.europa.eu/esco/concept-scheme/6c930acd-c104-4ece-acf7-f44fd7333036",The agile development model is a methodology to design software systems and applications.
11962,KnowledgeSkillCompetence,http://data.europa.eu/esco/skill/dbab7fdd-b99b-4233-bc81-75563eee51a4,skill/competence,occupation-specific,assemble telecommunications devices,Assemble Small Objects And Parts,,released,2024-02-09T17:29:16.725Z,,,"http://data.europa.eu/esco/concept-scheme/skills,
http://data.europa.eu/esco/concept-scheme/member-skills,
http://data.europa.eu/esco/concept-scheme/6c930acd-c104-4ece-acf7-f44fd7333036",Put together the parts and components of devices using technological methods for the transmission and reception of information.
11989,KnowledgeSkillCompetence,http://data.europa.eu/esco/skill/dc298fac-7ab4-4feb-9b43-33d947d7703e,knowledge,sector-specific,standards for web-based e-learning,"requirements for web-based e-learning
specifications for web-based e-learning",,released,2025-06-25T08:20:05.218Z,,,"http://data.europa.eu/esco/concept-scheme/skills,
http://data.europa.eu/esco/concept-scheme/member-skills,
http://data.europa.eu/esco/concept-scheme/6c930acd-c104-4ece-acf7-f44fd7333036","The standards and specifications used for web-based e-learning, such as Sharable Content Object Reference Model (SCORM), which define communications between client side content and a host system supported by a learning management system."
12027,KnowledgeSkillCompetence,http://data.europa.eu/esco/skill/dcdd5ddf-82a6-4ac3-8edc-d4b23cae9a88,knowledge,sector-specific,VBScript,"VBScript for web-based scripting
VBScript programming paradigms
VBScript coding techniques
VBScript scripting techniques
VBScript algorithms",,released,2025-06-25T08:20:05.218Z,,,"http://data.europa.eu/esco/concept-scheme/skills,
http://data.europa.eu/esco/concept-scheme/member-skills,
http://data.europa.eu/esco/concept-scheme/6c930acd-c104-4ece-acf7-f44fd7333036","The techniques and principles of software development, such as analysis, algorithms, coding, testing and compiling of programming paradigms in VBScript."
12038,KnowledgeSkillCompetence,http://data.europa.eu/esco/skill/dd0e44b9-b285-4563-8ffc-1d4d96bf548c,knowledge,occupation-specific,reed sensors,"alarm sensor
reed switch
reed switch sensor
magnetic sensor
proximity sensor",,released,2024-02-09T17:29:15.968Z,,,"http://data.europa.eu/esco/concept-scheme/skills,
http://data.europa.eu/esco/concept-scheme/member-skills,
http://data.europa.eu/esco/concept-scheme/6c930acd-c104-4ece-acf7-f44fd7333036","Sensors that detect the separation of multiple magnetic components, often used to detect the opening of doors and windows for burglary prevention."
12041,KnowledgeSkillCompetence,http://data.europa.eu/esco/skill/dd1e0bc8-d54a-435a-bc43-586bac0b8c02,skill/competence,occupation-specific,develop ICT safety information,"present safety information
present safety information and warning messages",,released,2024-02-09T17:29:15.235Z,,,"http://data.europa.eu/esco/concept-scheme/skills,
http://data.europa.eu/esco/concept-scheme/member-skills,
http://data.europa.eu/esco/concept-scheme/6c930acd-c104-4ece-acf7-f44fd7333036","Create warning messages such as dialog boxes, in-place message, notification or balloon that alerts the user of a condition that might cause a problem in the future and provide safety information according to standards under usage of international signal words."
12044,KnowledgeSkillCompetence,http://data.europa.eu/esco/skill/dd276faa-ef0a-4ad0-8744-37b883a79b64,skill/competence,occupation-specific,align antennae with receiving dishes,"align antennae with receiving dish
sync antennae with receiving dishes
aligning antennae with receiving dishes
line up antennae with receiving dishes
coordinate antennae with receiving dishes",,released,2024-02-09T17:29:10.678Z,,,"http://data.europa.eu/esco/concept-scheme/skills,
http://data.europa.eu/esco/concept-scheme/member-skills,
http://data.europa.eu/esco/concept-scheme/6c930acd-c104-4ece-acf7-f44fd7333036",Align antennae with receiving dishes to obtain the clearest signal for transmission of broadcasts from field locations.
12063,KnowledgeSkillCompetence,http://data.europa.eu/esco/skill/dda69c90-2355-4ab5-b0ef-6ada47f74cc1,skill/competence,occupation-specific,test computer hardware,"testing of computer hardware
testing computer components
computer components testing
test computer hardware system
computer components system testing
testing of computer components
testing computer components system
computer hardware testing
testing computer hardware system
testing computer hardware
test computer components system
computer hardware system testing",,released,2024-02-09T17:29:12.952Z,,,"http://data.europa.eu/esco/concept-scheme/skills,
http://data.europa.eu/esco/concept-scheme/member-skills,
http://data.europa.eu/esco/concept-scheme/6c930acd-c104-4ece-acf7-f44fd7333036",Test computer hardware systems and components using appropriate equipment. Gather and analyse data. Monitor and evaluate system performance and take action if needed.
12066,KnowledgeSkillCompetence,http://data.europa.eu/esco/skill/ddb65832-91a7-4157-9488-719a0e2ad87b,skill/competence,sector-specific,lead disaster recovery exercises,"supervise disaster recovery trainings
supervise disaster recovery exercises
conduct disaster recovery trainings",,released,2025-11-26T10:29:16.846Z,,,"http://data.europa.eu/esco/concept-scheme/skills,
http://data.europa.eu/esco/concept-scheme/member-skills,
http://data.europa.eu/esco/concept-scheme/6c930acd-c104-4ece-acf7-f44fd7333036","Head exercises which educate people on what to do in case of an unforeseen disastrous event in the functioning or security of ICT systems, such as on recovery of data, protection of identity and information and which steps to take in order to prevent further problems."
12070,KnowledgeSkillCompetence,http://data.europa.eu/esco/skill/ddc3119d-1d6e-4324-9125-a3380d299ac5,knowledge,cross-sector,computer technology,"ICT
information technology
IT
technology in computing
information and communications technology
technology of computers
technology in computers
technology in computer networks",,released,2024-02-09T17:29:10.678Z,,,"http://data.europa.eu/esco/concept-scheme/skills,
http://data.europa.eu/esco/concept-scheme/member-skills,
http://data.europa.eu/esco/concept-scheme/6c930acd-c104-4ece-acf7-f44fd7333036","Computers, computer networks and other information technologies and equipment that can store, retrieve, transmit and manipulate data."
12079,KnowledgeSkillCompetence,http://data.europa.eu/esco/skill/ddfd922f-a4f7-47a7-bf1c-cf9124e5bf40,skill/competence,cross-sector,create weather maps,"creating weather maps
prepare weather maps
define weather maps
compile weather maps
creating weather map
create weather map
develop weather maps
draw up weather maps",,released,2024-02-09T17:29:12.952Z,,,"http://data.europa.eu/esco/concept-scheme/skills,
http://data.europa.eu/esco/concept-scheme/member-skills,
http://data.europa.eu/esco/concept-scheme/6c930acd-c104-4ece-acf7-f44fd7333036","Make graphic weather maps for specific areas containing information such as temperature, air pressure, and rain belts."
12080,KnowledgeSkillCompetence,http://data.europa.eu/esco/skill/ddfe79e2-c2e3-4ba7-9bdf-3820b4f75b54,skill/competence,sector-specific,identify ICT user needs,ICT user needs identification techniques,,released,2024-02-09T17:29:14.494Z,,,"http://data.europa.eu/esco/concept-scheme/skills,
http://data.europa.eu/esco/concept-scheme/member-skills,
http://data.europa.eu/esco/concept-scheme/6c930acd-c104-4ece-acf7-f44fd7333036","Determine the needs and requirements of ICT users of a specific system by applying analytical methods, such as target group analysis."
12085,KnowledgeSkillCompetence,http://data.europa.eu/esco/skill/de0be6e8-644c-4cc9-9c8d-925dd98dda56,knowledge,sector-specific,software interaction design,interaction design,,released,2024-02-09T17:29:16.725Z,,,"http://data.europa.eu/esco/concept-scheme/skills,
http://data.europa.eu/esco/concept-scheme/member-skills,
http://data.europa.eu/esco/concept-scheme/6c930acd-c104-4ece-acf7-f44fd7333036",The methodologies for designing interaction between users and a software product or service to satisfy the needs and preferences of most of the people who will interface with the product and to simplify the communication between product and user such as Goal-oriented design.
12098,KnowledgeSkillCompetence,http://data.europa.eu/esco/skill/de586dcf-d7e5-4340-bf5b-d59026f1b436,knowledge,sector-specific,penetration testing tool,"I.C.U.MVS
COPS
CA-Examine
IP360 Vulnerability Management System
S10SCAN
metasploit
PanSec
Quickinspector
Nfsbug
NTellect
Pmutil
Chkpwd
GamaScan
SFProtect Mobile
Hobgoblin
VAM
SAM System Scanner
Trojan
Cisco Secure Scanner
Burpsuite
SFProtect Server
HackerShield
penetration testing software
SAM Internet Scanner
NMAP
output of a penetration test
PhoneSweep
NTCrack
webinspect","IP360 Vulnerability Management System
S10SCAN
PanSec
Quickinspector
Nfsbug
Pmutil
GamaScan
CA-Examine
Trojan
SFProtect Mobile
Chkpwd
Cisco Secure Scanner
SAM System Scanner
VAM
SFProtect Server
HackerShield
COPS
NTellect
I.C.U.MVS
Hobgoblin
PhoneSweep
NTCrack
NMAP
SAM Internet Scanner",released,2024-02-09T17:29:12.952Z,,,"http://data.europa.eu/esco/concept-scheme/skills,
http://data.europa.eu/esco/concept-scheme/member-skills,
http://data.europa.eu/esco/concept-scheme/6c930acd-c104-4ece-acf7-f44fd7333036","The specialised ICT tools which test security weaknesses of the system for potentially unauthorised access to system information such as Metasploit, Burp suite and Webinspect."
12108,KnowledgeSkillCompetence,http://data.europa.eu/esco/skill/de804504-bd5c-465d-b54f-9da299d8ee90,skill/competence,cross-sector,maintain stock control systems,"preserve stock control systems
operate stock control systems
monitor stock control systems
conduct stock control system maintenance
ensure stock control systems and inventory accuracy
conduct stock control system maintenance activities
ensure stock control systems remain up-to-date
keep stock control systems",,released,2024-02-09T17:29:16.725Z,,,"http://data.europa.eu/esco/concept-scheme/skills,
http://data.europa.eu/esco/concept-scheme/member-skills,
http://data.europa.eu/esco/concept-scheme/6c930acd-c104-4ece-acf7-f44fd7333036",Keep stock control systems up to date and ensure inventory accuracy.
12114,KnowledgeSkillCompetence,http://data.europa.eu/esco/skill/de9f85ba-e77f-48fd-8c66-f5ebaf32d655,knowledge,sector-specific,Oracle Relational Database,"Rdb
Oracle Rdb",,released,2024-02-09T17:29:14.494Z,,,"http://data.europa.eu/esco/concept-scheme/skills,
http://data.europa.eu/esco/concept-scheme/member-skills,
http://data.europa.eu/esco/concept-scheme/6c930acd-c104-4ece-acf7-f44fd7333036","The computer program Oracle Rdb is a tool for creating, updating and managing databases, developed by the software company Oracle."
12124,KnowledgeSkillCompetence,http://data.europa.eu/esco/skill/debef2fc-7af4-4bff-ac92-4d0317915a84,knowledge,cross-sector,electronic communication,"electronic communications
electronic conversation
electronic information
electronic contact
electronic communicating
email services
Email
electronic mail services","Hotmail
Gmail",released,2025-02-27T12:45:08.961Z,,,"http://data.europa.eu/esco/concept-scheme/skills,
http://data.europa.eu/esco/concept-scheme/member-skills,
http://data.europa.eu/esco/concept-scheme/6c930acd-c104-4ece-acf7-f44fd7333036","Data communication performed through digital means such as computers, telephone or e-mail."
12131,KnowledgeSkillCompetence,http://data.europa.eu/esco/skill/def007fa-5fed-4a5f-91a2-b0d7e3db1be1,knowledge,sector-specific,COBOL,"COBOL programming language
Cobol
COBOL applications
COBOL software",,released,2025-06-25T08:20:05.218Z,,,"http://data.europa.eu/esco/concept-scheme/skills,
http://data.europa.eu/esco/concept-scheme/member-skills,
http://data.europa.eu/esco/concept-scheme/6c930acd-c104-4ece-acf7-f44fd7333036","The techniques and principles of software development, such as analysis, algorithms, coding, testing and compiling of programming paradigms in COBOL."
12132,KnowledgeSkillCompetence,http://data.europa.eu/esco/skill/df0612db-366c-4ff5-b106-40b9e385195c,skill/competence,sector-specific,utilise decision support system,"utilise ICT systems for decision making
use ICT systems for decision making
utilize ICT systems for decision making
employ decision support systems
utilize decision support system",,released,2024-02-26T08:34:50.556Z,,,"http://data.europa.eu/esco/concept-scheme/skills,
http://data.europa.eu/esco/concept-scheme/member-skills,
http://data.europa.eu/esco/concept-scheme/6c930acd-c104-4ece-acf7-f44fd7333036",Use the available ICT systems that can be used to support business or organisational decision making.
12135,KnowledgeSkillCompetence,http://data.europa.eu/esco/skill/df11ab22-3c40-4dc8-ab0c-e9f41e62449e,skill/competence,sector-specific,edit photographs,"edit photos and negatives
edit photos
editing photographs
use photo editing software",,released,2024-02-09T17:29:10.678Z,,,"http://data.europa.eu/esco/concept-scheme/skills,
http://data.europa.eu/esco/concept-scheme/member-skills,
http://data.europa.eu/esco/concept-scheme/6c930acd-c104-4ece-acf7-f44fd7333036","Resize, enhance and retouche photographs, using airbrushing, editing software and other techniques."
12137,KnowledgeSkillCompetence,http://data.europa.eu/esco/skill/df12fd50-55dc-4cfd-a021-818880668789,skill/competence,sector-specific,maintain control systems for automated equipment,"maintain controlling systems for automated equipment
repair control systems for automated equipment
check control systems for automated equipment
maintain systems to control automated equipment
update software for electronic equipment",,released,2024-02-09T17:29:10.678Z,,,"http://data.europa.eu/esco/concept-scheme/skills,
http://data.europa.eu/esco/concept-scheme/member-skills,
http://data.europa.eu/esco/concept-scheme/6c930acd-c104-4ece-acf7-f44fd7333036","Check, maintain and repair electrical and electronic elements. Check and update software of automated equipment."
12142,KnowledgeSkillCompetence,http://data.europa.eu/esco/skill/df329d70-87b0-466b-a214-3431f36e2a5e,skill/competence,cross-sector,protect ICT devices,"Cloudmark DesktopOne Pro
up-date online security measures
AVS Firewall
CleanMail Home
MailWasher Pro
Matrix Systems Access Control
Kingsoft Antivirus
Zone Alarm Firewall
Agnitum Outpost Firewall
Tyco Integrated Security Managed Access Control
Norton Security Deluxe
AddTech Controls
use anti-virus software
protect information and communication technologies devices
AVG Anti-Virus
IDenticard Systems PremiSys
keep ICT devices safe
implement SPAM-ware
implement private ICT user security measures
Honeywell Managed Access Control
set up passwords and private settings
protect personal data
McAfee AntiVirus
SPAMfighter
ADT Access Control
Bitdefender Antivirus
Kaspersky Anti-Virus
take care of ICT devices
protect ICT device
safeguard ICT devices
ESET NOD32 Antivirus","Cloudmark DesktopOne Pro
MailWasher Pro
Matrix Systems Access Control
Kingsoft Antivirus
Zone Alarm Firewall
AVS Firewall
Agnitum Outpost Firewall
Norton Security Deluxe
AddTech Controls
AVG Anti-Virus
IDenticard Systems PremiSys
implement SPAM-ware
Tyco Integrated Security Managed Access Control
Honeywell Managed Access Control
McAfee AntiVirus
SPAMfighter
Bitdefender Antivirus
CleanMail Home
ADT Access Control
Kaspersky Anti-Virus
ESET NOD32 Antivirus",released,2024-02-09T17:29:16.725Z,,,"http://data.europa.eu/esco/concept-scheme/skills,
http://data.europa.eu/esco/concept-scheme/member-skills,
http://data.europa.eu/esco/concept-scheme/6c930acd-c104-4ece-acf7-f44fd7333036,
http://data.europa.eu/esco/concept-scheme/digcomp","Protect devices and digital content, and understand risks and threats in digital environments. Know about safety and security measures and have due regard to reliability and privacy. Make use of tools and methods which maximise security of ICT devices and information by controlling access, such as passwords, digital signatures, biometry, and protecting systems such as firewall, antivirus, spam filters."
12147,KnowledgeSkillCompetence,http://data.europa.eu/esco/skill/df538078-0ccb-4125-a61d-ebaa648b39f2,skill/competence,sector-specific,conduct radiotherapy computer planning,"use radiotherapy computer-planning
use radiotherapy computer planning
carry out radiotherapy computer planning
use radiography computer-planning
use radiography computer planning
conduct radiotherapy CT planning
conduct radiotherapy CT simulations",,released,2025-02-27T12:45:08.961Z,,,"http://data.europa.eu/esco/concept-scheme/skills,
http://data.europa.eu/esco/concept-scheme/member-skills,
http://data.europa.eu/esco/concept-scheme/6c930acd-c104-4ece-acf7-f44fd7333036",Produce a three-dimensional plan of the distribution of radiation across the anatomical area to be treated.
12163,KnowledgeSkillCompetence,http://data.europa.eu/esco/skill/dfb9cec6-3ae3-408a-9d57-c44361bf7aaf,skill/competence,sector-specific,provide multimedia content,develop multimedia content,,released,2025-06-25T12:15:04.406Z,,,"http://data.europa.eu/esco/concept-scheme/skills,
http://data.europa.eu/esco/concept-scheme/member-skills,
http://data.europa.eu/esco/concept-scheme/6c930acd-c104-4ece-acf7-f44fd7333036","Develop multimedia materials such as screen shots, graphics, slide shows, animations and videos to be used as content integrated in a broader informational context."
12179,KnowledgeSkillCompetence,http://data.europa.eu/esco/skill/dfff95c6-9758-4c04-a228-7eaa88dec6cd,skill/competence,sector-specific,design for organisational complexity,"design cross-account authentication for complex organisations
implement cloud environment for complex organisations
design an access strategy for complex organisations
design cloud environment for complex organisations
design access strategies for complex organisations",,released,2024-02-23T15:42:13.199Z,,,"http://data.europa.eu/esco/concept-scheme/skills,
http://data.europa.eu/esco/concept-scheme/member-skills,
http://data.europa.eu/esco/concept-scheme/6c930acd-c104-4ece-acf7-f44fd7333036","Determine cross-account authentication and access strategy for complex organizations (for example, an organization with varying compliance requirements, multiple business units, and varying scalability requirements). Design networks and multi-account cloud environments for complex organizations."
12192,KnowledgeSkillCompetence,http://data.europa.eu/esco/skill/e043aeeb-78f5-4049-afbf-12bba52225bc,knowledge,sector-specific,hardware architectures,PC hardware architecture,,released,2025-06-25T08:20:05.218Z,,,"http://data.europa.eu/esco/concept-scheme/skills,
http://data.europa.eu/esco/concept-scheme/member-skills,
http://data.europa.eu/esco/concept-scheme/6c930acd-c104-4ece-acf7-f44fd7333036",The designs laying out the physical hardware components and their interconnections.
12202,KnowledgeSkillCompetence,http://data.europa.eu/esco/skill/e06ec50c-68f9-470f-8dc2-7488109c2dfd,skill/competence,sector-specific,analyse gambling data,"analyse data on gambles
analyze gambling data
analyse lottery data
analyse betting data
analyse data on gambling",,released,2022-07-05T14:38:14.9Z,,,"http://data.europa.eu/esco/concept-scheme/skills,
http://data.europa.eu/esco/concept-scheme/member-skills,
http://data.europa.eu/esco/concept-scheme/6c930acd-c104-4ece-acf7-f44fd7333036","Analyse relevant data points collected during gambling, betting or lottery activities. Process the data to obtain conclusions useful for the efficient running of the betting or lottery operation."
12207,KnowledgeSkillCompetence,http://data.europa.eu/esco/skill/e08821b5-d6dd-4db9-a0f1-43185653c244,skill/competence,sector-specific,monitor communication channels' performance,"supervise communication channels' quality
perform visual checks to communication channels
track communication channels' efficiency",,released,2025-06-25T12:15:04.406Z,,,"http://data.europa.eu/esco/concept-scheme/skills,
http://data.europa.eu/esco/concept-scheme/member-skills,
http://data.europa.eu/esco/concept-scheme/6c930acd-c104-4ece-acf7-f44fd7333036",Search for possible faults. Perform visual checks. Analyse system indicators and use diagnostic devices.
12211,KnowledgeSkillCompetence,http://data.europa.eu/esco/skill/e0ae0101-ab8f-47a2-938b-ab0cc367b3b5,skill/competence,sector-specific,maintain warehouse database,"ensure warehouse database is updated
ensure that database used in warehouse is up-to-date
ensure warehouse database is up-to-date
maintain up-to-date warehouse database
keep up-to date warehouse database
keep warehouse database up-to-date
keep warehouse database
update information in warehouse database
ensure updating of warehouse database
update warehouse database",,released,2024-02-09T17:29:12.215Z,,,"http://data.europa.eu/esco/concept-scheme/skills,
http://data.europa.eu/esco/concept-scheme/member-skills,
http://data.europa.eu/esco/concept-scheme/6c930acd-c104-4ece-acf7-f44fd7333036",Keep digital warehouse database up-to-date and multi-accessible.
12234,KnowledgeSkillCompetence,http://data.europa.eu/esco/skill/e13b734a-218c-434a-a7cc-febac6d24ef3,knowledge,cross-sector,call-centre technologies,"call-centre technology
call-centre devices
call-centres technology
call-centre communications
call-centre operations
call-center technologies
call-centre automation",,released,2022-07-05T14:33:28.658Z,,,"http://data.europa.eu/esco/concept-scheme/skills,
http://data.europa.eu/esco/concept-scheme/member-skills,
http://data.europa.eu/esco/concept-scheme/6c930acd-c104-4ece-acf7-f44fd7333036",The wide range of telecommunications hardware and software such as automated phone systems and communication devices.
12269,KnowledgeSkillCompetence,http://data.europa.eu/esco/skill/e1e99428-b91b-45e1-8ede-ed0cbf161930,skill/competence,sector-specific,establish an ICT customer support process,"create an ICT customer support process
design an ICT customer support process
develop an ICT customer support process
implement an ICT customer support process
build an ICT customer support process",,released,2025-06-25T12:15:04.406Z,,,"http://data.europa.eu/esco/concept-scheme/skills,
http://data.europa.eu/esco/concept-scheme/member-skills,
http://data.europa.eu/esco/concept-scheme/6c930acd-c104-4ece-acf7-f44fd7333036","Create a series of customer ICT service activities before, during and after a request. Ensure an adequate response or action, enhance the level of customer satisfaction and accumulate ICT product or service feedback."
12285,KnowledgeSkillCompetence,http://data.europa.eu/esco/skill/e23e81f5-18db-49aa-ad9b-b3d0fdcad1d2,skill/competence,occupation-specific,troubleshoot website,website troubleshooting,,released,2024-02-09T17:29:15.968Z,,,"http://data.europa.eu/esco/concept-scheme/skills,
http://data.europa.eu/esco/concept-scheme/member-skills,
http://data.europa.eu/esco/concept-scheme/6c930acd-c104-4ece-acf7-f44fd7333036","Detect the flaws and malfunctions of a website. Apply troubleshooting techniques on content, structure, interface and interactions in order to find the causes and solve the malfunctions."
12312,KnowledgeSkillCompetence,http://data.europa.eu/esco/skill/e2b05bcb-b60e-45b5-baa6-3a67ebe77538,knowledge,sector-specific,advanced driver assistant systems,"vehicle-based intelligent safety systems
advanced driver aids for crash avoidance
advanced driver aids
advanced driver assistant systems for crash avoidance
vehicle-based intelligent safety systems for crash avoidance",,released,2024-02-26T09:22:19.137Z,,,"http://data.europa.eu/esco/concept-scheme/skills,
http://data.europa.eu/esco/concept-scheme/member-skills,
http://data.europa.eu/esco/concept-scheme/6c930acd-c104-4ece-acf7-f44fd7333036","Vehicle-based intelligent safety systems which could improve road safety in terms of crash avoidance, crash severity mitigation and protection, and automatic post-crash notification of collision. Integrated in vehicle or infrastructure-based systems which contribute to some or all of these crash phases. More generally, some driver support systems are intended to improve safety whereas others are convenience functions."
12314,KnowledgeSkillCompetence,http://data.europa.eu/esco/skill/e2b82b00-f07f-4fc8-a7bb-c8febf65efe5,skill/competence,sector-specific,compare survey computations,"comparing data with standards
survey computations comparison
check data for accuracy
compare data with standards
comparing survey computations
comparing of survey computations
verifying data
verify data
checking data for accuracy
survey computation comparison
comparison of survey computations",,released,2024-02-09T17:29:10.678Z,,,"http://data.europa.eu/esco/concept-scheme/skills,
http://data.europa.eu/esco/concept-scheme/member-skills,
http://data.europa.eu/esco/concept-scheme/6c930acd-c104-4ece-acf7-f44fd7333036",Determine the accuracy of data by comparing computations with applicable standards.
12324,KnowledgeSkillCompetence,http://data.europa.eu/esco/skill/e2d0daae-2aa1-40cc-99e2-b340b02f97d3,knowledge,cross-sector,product data management,"monitor product data
supervise product data
coordinate product data
manage product data
management of product data
oversee product data",,released,2024-02-09T17:29:09.851Z,,,"http://data.europa.eu/esco/concept-scheme/skills,
http://data.europa.eu/esco/concept-scheme/member-skills,
http://data.europa.eu/esco/concept-scheme/6c930acd-c104-4ece-acf7-f44fd7333036","The use of software to track all information concerning a product such as technical specifications, drawings, design specifications, and production costs."
12330,KnowledgeSkillCompetence,http://data.europa.eu/esco/skill/e2fb1ee4-fbf9-4690-b677-3e6ff7cfdc48,skill/competence,occupation-specific,test ICT queries,"check ICT query performance
check ICT query output",,released,2025-06-25T12:15:04.406Z,,,"http://data.europa.eu/esco/concept-scheme/skills,
http://data.europa.eu/esco/concept-scheme/member-skills,
http://data.europa.eu/esco/concept-scheme/6c930acd-c104-4ece-acf7-f44fd7333036",Assess that developed queries return and execute correct actions and data.
12339,KnowledgeSkillCompetence,http://data.europa.eu/esco/skill/e3201e73-ef4d-447d-ac9b-b18e45f35eea,skill/competence,occupation-specific,monitor satellites,"oversee satellites
watch satellites
observe satellites
monitoring of satellites",,released,2024-02-09T17:29:13.7Z,,,"http://data.europa.eu/esco/concept-scheme/skills,
http://data.europa.eu/esco/concept-scheme/member-skills,
http://data.europa.eu/esco/concept-scheme/6c930acd-c104-4ece-acf7-f44fd7333036","Analyse ground systems and investigate any anomalous behavior of satellites. Develop the right corrective measures, and implement where necessary."
12354,KnowledgeSkillCompetence,http://data.europa.eu/esco/skill/e36c1f47-3913-4d35-a6ae-fd9a7243483f,skill/competence,sector-specific,design ventilation network,"design of ventilation network
designing ventilation network
engineer ventilation network
ventilation network design
planning of ventilation network
design and analysis of ventilation network
design and analyse ventilation network
planning ventilation network
designing and analysing ventilation network
plan ventilation network",,released,2025-07-25T08:55:01.796Z,,,"http://data.europa.eu/esco/concept-scheme/skills,
http://data.europa.eu/esco/concept-scheme/green,
http://data.europa.eu/esco/concept-scheme/member-skills,
http://data.europa.eu/esco/concept-scheme/6c930acd-c104-4ece-acf7-f44fd7333036","Draft ventilation network. Prepare and plan the ventilation layout using specialist software. Design heating or cooling systems as required. Improve efficiency of ventilation network to lower energy consumption, including the interplay between a near zero energy building (nZEB), its use, and the right ventilation strategy."
12359,KnowledgeSkillCompetence,http://data.europa.eu/esco/skill/e3840f20-1928-4d07-944c-d2dd2ae5cbba,skill/competence,sector-specific,evaluate musical ideas,"assess musical ideas
evaluating musical ideas
evaluate musical idea
evaluate music ideas
gauge musical ideas",,released,2024-02-09T17:29:13.7Z,,,"http://data.europa.eu/esco/concept-scheme/skills,
http://data.europa.eu/esco/concept-scheme/member-skills,
http://data.europa.eu/esco/concept-scheme/6c930acd-c104-4ece-acf7-f44fd7333036","Experiment with different sound sources, use synthesizers and computer software, permanently explore and evaluate musical ideas and concepts."
12378,KnowledgeSkillCompetence,http://data.europa.eu/esco/skill/e3eb64db-bc0b-4cc0-bd31-5feb94b2ef50,skill/competence,cross-sector,track changes in text editing,"tracking changes in text editing
track changes when editing text
underscore changes in text editing
highlight changes in text editing
keep track of changes in text editing",,released,2024-02-09T17:29:12.952Z,,,"http://data.europa.eu/esco/concept-scheme/skills,
http://data.europa.eu/esco/concept-scheme/member-skills,
http://data.europa.eu/esco/concept-scheme/6c930acd-c104-4ece-acf7-f44fd7333036","Track changes such as grammar and spelling corrections, element additions, and other modifications when editing (digital) texts."
12387,KnowledgeSkillCompetence,http://data.europa.eu/esco/skill/e43084e8-6e3d-4649-93e9-2455ff53bc84,skill/competence,occupation-specific,prepare well data sheets,"preparing well data sheets
well data sheet preparing
compile well data sheets
well data sheet compilation
compilation of well data sheets
preparation of well data sheets
preparing of well data sheets
well data sheet preparation",,released,2024-02-09T17:29:15.968Z,,,"http://data.europa.eu/esco/concept-scheme/skills,
http://data.europa.eu/esco/concept-scheme/member-skills,
http://data.europa.eu/esco/concept-scheme/6c930acd-c104-4ece-acf7-f44fd7333036","Prepare data sheets, listing all relevant information on a well, including location, geological properties of the well, type of resources, temperatures and various analyses plotted against the depth."
12390,KnowledgeSkillCompetence,http://data.europa.eu/esco/skill/e439742d-558d-4f52-885e-afdc740b48cf,skill/competence,cross-sector,"browse, search and filter data, information and digital content","search, browse, and filter information and digital content",,released,2024-02-09T17:29:11.47Z,,,"http://data.europa.eu/esco/concept-scheme/skills,
http://data.europa.eu/esco/concept-scheme/member-skills,
http://data.europa.eu/esco/concept-scheme/6c930acd-c104-4ece-acf7-f44fd7333036,
http://data.europa.eu/esco/concept-scheme/digcomp","Articulate information needs, search for data, information and content in digital environments, access them and navigate between them. Create and update personal search strategies."
12399,KnowledgeSkillCompetence,http://data.europa.eu/esco/skill/e46291c7-52b9-4174-bd59-178884861038,knowledge,sector-specific,Hadoop,Apache Hadoop,,released,2025-06-25T08:20:05.218Z,,,"http://data.europa.eu/esco/concept-scheme/skills,
http://data.europa.eu/esco/concept-scheme/member-skills,
http://data.europa.eu/esco/concept-scheme/6c930acd-c104-4ece-acf7-f44fd7333036","The open-source data storing, analysis and processing framework which consists mainly in the MapReduce and Hadoop distributed file system (HDFS) components and it is used to provide support for managing and analysing large datasets."
12400,KnowledgeSkillCompetence,http://data.europa.eu/esco/skill/e464363b-8346-421d-9035-52118b76d8c8,knowledge,sector-specific,computational biology,biological computing,,released,2023-11-29T16:24:23.882Z,,,"http://data.europa.eu/esco/concept-scheme/skills,
http://data.europa.eu/esco/concept-scheme/member-skills,
http://data.europa.eu/esco/concept-scheme/6c930acd-c104-4ece-acf7-f44fd7333036",The interdisciplinary scientific field that focus on employing data analytics and theories to investigate biological systems obtained through experiments.
12401,KnowledgeSkillCompetence,http://data.europa.eu/esco/skill/e465a154-93f7-4973-9ce1-31659fe16dd2,knowledge,sector-specific,principles of artificial intelligence,"artificial intelligence in process
principles of AI",,released,2025-04-11T14:00:36.11Z,,,"http://data.europa.eu/esco/concept-scheme/skills,
http://data.europa.eu/esco/concept-scheme/member-skills,
http://data.europa.eu/esco/concept-scheme/6c930acd-c104-4ece-acf7-f44fd7333036","The artificial intelligence theories, applied principles, architectures and systems, such as intelligent agents, multi-agent systems, expert systems, rule-based systems, neural networks, ontologies and cognition theories."
12425,KnowledgeSkillCompetence,http://data.europa.eu/esco/skill/e4d34eaf-742e-4bba-801d-e8d617f1f419,skill/competence,occupation-specific,operate bale presses,"operate bale pressing machines
operate bale pressing machinery
tend bale pressing machines
tend vertical and hydraulic bale presses
operate vertical and hydraulic bale presses
tend bale presses",,released,2024-02-09T17:29:14.494Z,,,"http://data.europa.eu/esco/concept-scheme/skills,
http://data.europa.eu/esco/concept-scheme/member-skills,
http://data.europa.eu/esco/concept-scheme/6c930acd-c104-4ece-acf7-f44fd7333036","Start, operate and monitor computerised bale presses."
12426,KnowledgeSkillCompetence,http://data.europa.eu/esco/skill/e4d90d50-bd28-4a0c-a3a7-d4963e2a307a,skill/competence,cross-sector,study radar images,"radar image analysis
analyse radar images
monitor radar images
measure radar images
studying radar images",,released,2024-02-09T17:29:09.851Z,,,"http://data.europa.eu/esco/concept-scheme/skills,
http://data.europa.eu/esco/concept-scheme/member-skills,
http://data.europa.eu/esco/concept-scheme/6c930acd-c104-4ece-acf7-f44fd7333036",Analyse radar images to study phenomena on Earth's surface.
12455,KnowledgeSkillCompetence,http://data.europa.eu/esco/skill/e5609f89-0daf-40bb-bd6b-94f5d7498131,knowledge,sector-specific,ICT market,ICT market trends,,released,2025-06-25T08:20:05.218Z,,,"http://data.europa.eu/esco/concept-scheme/skills,
http://data.europa.eu/esco/concept-scheme/member-skills,
http://data.europa.eu/esco/concept-scheme/6c930acd-c104-4ece-acf7-f44fd7333036","The processes, stakeholders and the dynamics of the chain of goods and services in the ICT market sector."
12471,KnowledgeSkillCompetence,http://data.europa.eu/esco/skill/e5a6e1e0-1b07-4432-83ba-77d593b2cb47,knowledge,sector-specific,SAS Data Management,SAS Data Management software,,released,2025-06-25T08:20:05.218Z,,,"http://data.europa.eu/esco/concept-scheme/skills,
http://data.europa.eu/esco/concept-scheme/member-skills,
http://data.europa.eu/esco/concept-scheme/6c930acd-c104-4ece-acf7-f44fd7333036","The computer program SAS Data Management is a tool for integration of information from multiple applications, created and maintained by organisations, into one consistent and transparent data structure, developed by the software company SAS."
12474,KnowledgeSkillCompetence,http://data.europa.eu/esco/skill/e5b5053e-0ef6-4c4e-a3f2-42f955f4322c,skill/competence,sector-specific,implement a firewall,"installing a network security firewall
install a network security firewall
implementing network firewall
install a firewall
implementing a firewall
firewall implementing
implement network firewall
network firewall implementing
installing a firewall",,released,2024-02-09T17:29:12.215Z,,,"http://data.europa.eu/esco/concept-scheme/skills,
http://data.europa.eu/esco/concept-scheme/member-skills,
http://data.europa.eu/esco/concept-scheme/6c930acd-c104-4ece-acf7-f44fd7333036","Download, install and update a network security system designed to prevent unauthorized access to a private network."
12476,KnowledgeSkillCompetence,http://data.europa.eu/esco/skill/e5beeff8-7c98-490a-ae2c-16fbb6a87305,skill/competence,sector-specific,manage keys for data protection,manage data protection keys,,released,2025-04-16T12:05:43.358Z,,,"http://data.europa.eu/esco/concept-scheme/skills,
http://data.europa.eu/esco/concept-scheme/member-skills,
http://data.europa.eu/esco/concept-scheme/6c930acd-c104-4ece-acf7-f44fd7333036","Select appropriate authentication and authorization mechanisms. Design, implement and troubleshoot key management and use. Design and implement a data encryption solution for data at rest and data in transit."
12481,KnowledgeSkillCompetence,http://data.europa.eu/esco/skill/e5d1f825-60ed-4bdd-872a-e748c387f777,knowledge,sector-specific,CSS,Cascading Style Sheets,,released,2024-02-09T17:29:13.7Z,,,"http://data.europa.eu/esco/concept-scheme/skills,
http://data.europa.eu/esco/concept-scheme/member-skills,
http://data.europa.eu/esco/concept-scheme/6c930acd-c104-4ece-acf7-f44fd7333036","The computer language CSS is a style sheet language that conveys the presentation of structured documents. These documents have to adhere to style sheets, a set of stylistic rules such as font, color and layout."
12496,KnowledgeSkillCompetence,http://data.europa.eu/esco/skill/e6262391-ffda-4b8e-9f5c-89cf1a0e7384,knowledge,sector-specific,audiovisual equipment,"audio-visual apparatus
audio-visual devices
audio-visual instruments
audio-visual gear",,released,2024-02-09T17:29:11.47Z,,,"http://data.europa.eu/esco/concept-scheme/skills,
http://data.europa.eu/esco/concept-scheme/member-skills,
http://data.europa.eu/esco/concept-scheme/6c930acd-c104-4ece-acf7-f44fd7333036",The characteristics and usage of different tools that stimulate the sight and audio senses.
12499,KnowledgeSkillCompetence,http://data.europa.eu/esco/skill/e63da991-d405-4463-9874-3555c80082d9,skill/competence,cross-sector,create 2D painting,produce 2D painting,,released,2025-06-25T12:15:04.406Z,,,"http://data.europa.eu/esco/concept-scheme/skills,
http://data.europa.eu/esco/concept-scheme/member-skills,
http://data.europa.eu/esco/concept-scheme/6c930acd-c104-4ece-acf7-f44fd7333036",Produce a drawing by using a range of digital tools.
12509,KnowledgeSkillCompetence,http://data.europa.eu/esco/skill/e665d919-f28d-4ac4-adf0-8903ac66540e,skill/competence,cross-sector,develop design plans,"produce design plans
developing design plans
evaluate design plans
launch design plans
establish design plans
develop a design plan
design plan development",,released,2024-02-09T17:29:13.7Z,,,"http://data.europa.eu/esco/concept-scheme/skills,
http://data.europa.eu/esco/concept-scheme/member-skills,
http://data.europa.eu/esco/concept-scheme/6c930acd-c104-4ece-acf7-f44fd7333036",Develop design plans by using computer-aided-design (CAD); work in accordance with budget estimates; organise and conduct meetings with clients.
12525,KnowledgeSkillCompetence,http://data.europa.eu/esco/skill/e6b8f934-7f35-4dc6-9a64-f6c43acdc00b,knowledge,sector-specific,software components suppliers,suppliers of software components,,released,2025-06-25T08:20:05.218Z,,,"http://data.europa.eu/esco/concept-scheme/skills,
http://data.europa.eu/esco/concept-scheme/member-skills,
http://data.europa.eu/esco/concept-scheme/6c930acd-c104-4ece-acf7-f44fd7333036",The suppliers who can deliver the required software components.
12554,KnowledgeSkillCompetence,http://data.europa.eu/esco/skill/e743a3f3-ba4a-4dab-99a6-6321dba6b502,skill/competence,occupation-specific,maintain up-to-date aeronautical information management services,"maintain updated AIM services
perform AIM update activities
ensure AIM systems and services remain up-to-date
ensure aeronautical information management systems and services remain up-to-date
keep AIM services up to date
keep aeronautical information management services up-to-date
keep aeronautical information services updated
conduct updates of AIM services
conduct updates of aeronautical information management services
keep AIM services updated
perform aeronautical information management system update activities
maintain updated aeronautical information management services
maintain up-to-date AIM services",,released,2024-02-09T17:29:16.725Z,,,"http://data.europa.eu/esco/concept-scheme/skills,
http://data.europa.eu/esco/concept-scheme/member-skills,
http://data.europa.eu/esco/concept-scheme/6c930acd-c104-4ece-acf7-f44fd7333036","Maintain up-to-date aeronautical information management (AIM) services such as aeronautical data sets, charts, and publications."
12558,KnowledgeSkillCompetence,http://data.europa.eu/esco/skill/e74f4f21-8d45-412c-b5c3-652e6167ee32,knowledge,cross-sector,content development processes,"content production techniques
content production processes",,released,2025-06-25T08:20:05.218Z,,,"http://data.europa.eu/esco/concept-scheme/skills,
http://data.europa.eu/esco/concept-scheme/member-skills,
http://data.europa.eu/esco/concept-scheme/6c930acd-c104-4ece-acf7-f44fd7333036","The specialised techniques used to design, write, compile, edit and organise digital content, such as text, graphics and videos for publishing purposes."
12572,KnowledgeSkillCompetence,http://data.europa.eu/esco/skill/e79dab00-fe87-48f2-b8cc-f48b68bc7f35,knowledge,sector-specific,WhiteHat Sentinel,"WhiteHat Sentinel Standard Edition
WhiteHat Sentinel Baseline Edition
WhiteHat Sentinel Premium Edition",,released,2024-02-09T17:29:09.851Z,,,"http://data.europa.eu/esco/concept-scheme/skills,
http://data.europa.eu/esco/concept-scheme/member-skills,
http://data.europa.eu/esco/concept-scheme/6c930acd-c104-4ece-acf7-f44fd7333036","The computer program WhiteHat Sentinel is a specialised ICT tool which tests security weaknesses of the system for potentially unauthorised access to system information, developed by the software company WhiteHat Security."
12595,KnowledgeSkillCompetence,http://data.europa.eu/esco/skill/e8171178-9a60-40a6-ad3b-510e10cfebad,skill/competence,cross-sector,render 3D images,"convert 3D wire frame models into 2D images
employ specialised tools to render 3D images
use 3D non-photorealistic effects to render 3D images
use 3D photorealistic effects to render 3D images
use computer tools to render 3D images",,released,2025-06-25T12:15:04.406Z,,,"http://data.europa.eu/esco/concept-scheme/skills,
http://data.europa.eu/esco/concept-scheme/member-skills,
http://data.europa.eu/esco/concept-scheme/6c930acd-c104-4ece-acf7-f44fd7333036",Use specialised tools to convert 3D wire frame models into 2D images with 3D photorealistic effects or non-photorealistic rendering on a computer.
12596,KnowledgeSkillCompetence,http://data.europa.eu/esco/skill/e819cc1e-09d9-47f2-b418-93972852daef,knowledge,sector-specific,MarkLogic,"MarkLogic NoSQL database
MarkLogic non-relational database",,released,2025-06-25T08:20:05.218Z,,,"http://data.europa.eu/esco/concept-scheme/skills,
http://data.europa.eu/esco/concept-scheme/member-skills,
http://data.europa.eu/esco/concept-scheme/6c930acd-c104-4ece-acf7-f44fd7333036","The NoSQL enterprise non-relational database used for creating, updating and managing large amounts of unstructured data stored in the cloud and which provides features such as semantics, flexible data models and Hadoop integration."
12598,KnowledgeSkillCompetence,http://data.europa.eu/esco/skill/e81d7bed-b7c7-41bf-a30a-e3201e8f09b3,knowledge,sector-specific,audio mastering,"mastering of audio
sound mastering
soundtrack mastering",,released,2024-02-09T17:29:15.968Z,,,"http://data.europa.eu/esco/concept-scheme/skills,
http://data.europa.eu/esco/concept-scheme/member-skills,
http://data.europa.eu/esco/concept-scheme/6c930acd-c104-4ece-acf7-f44fd7333036",The post-production process where the finished recorded audio is transferred to a data storage device from which it will be copied.
12606,KnowledgeSkillCompetence,http://data.europa.eu/esco/skill/e842ed4c-23c1-4c29-b1b1-b490889db735,skill/competence,sector-specific,plot shipping navigation routes,"develop navigation routes for ships
plan maritime navigation routes
design vessel navigation routes
plan shipping navigation routes
plot ship navigation routes
develop navigation routes for vessels
plot water-based navigation routes
plot maritime navigation routes
design navigation routes for ships
plot shipping courses",,released,2024-02-09T17:29:11.47Z,,,"http://data.europa.eu/esco/concept-scheme/skills,
http://data.europa.eu/esco/concept-scheme/member-skills,
http://data.europa.eu/esco/concept-scheme/6c930acd-c104-4ece-acf7-f44fd7333036",Plot the navigation route of a vessel under the review of a superior deck officer. Operate a ship radar or electronic charts and automatic identification system.
12618,KnowledgeSkillCompetence,http://data.europa.eu/esco/skill/e87ec79a-c9ff-46f5-84fa-7a0f394cdf40,knowledge,cross-sector,robotics,"industrial automation
mechatronics
science of robotics
field of robotics
robotic engineering
application of mechatronics",,released,2024-02-09T17:29:12.952Z,,,"http://data.europa.eu/esco/concept-scheme/skills,
http://data.europa.eu/esco/concept-scheme/member-skills,
http://data.europa.eu/esco/concept-scheme/6c930acd-c104-4ece-acf7-f44fd7333036","The branch of engineering that involves the design, operation, manufacture, and application of robots. Robotics is part of mechanical engineering, electrical engineering, and computer science and overlaps with mechatronics and automation engineering."
12627,KnowledgeSkillCompetence,http://data.europa.eu/esco/skill/e8b89eb6-51e8-4c3a-babb-88b2e110376b,knowledge,sector-specific,Pascal (computer programming),Pascal,,released,2022-07-05T14:34:33.959Z,,,"http://data.europa.eu/esco/concept-scheme/skills,
http://data.europa.eu/esco/concept-scheme/member-skills,
http://data.europa.eu/esco/concept-scheme/6c930acd-c104-4ece-acf7-f44fd7333036","The techniques and principles of software development, such as analysis, algorithms, coding, testing and compiling of programming paradigms in Pascal."
12629,KnowledgeSkillCompetence,http://data.europa.eu/esco/skill/e8bae3fe-6d8d-457e-a20b-6f8eea4d5402,skill/competence,sector-specific,operate sound live,"operating sound live
use live sound systems
operate live audio systems
operate live sound",,released,2024-02-09T17:29:12.215Z,,,"http://data.europa.eu/esco/concept-scheme/skills,
http://data.europa.eu/esco/concept-scheme/member-skills,
http://data.europa.eu/esco/concept-scheme/6c930acd-c104-4ece-acf7-f44fd7333036",Operate sound system and audio devices during rehearsals or in a live situation.
12641,KnowledgeSkillCompetence,http://data.europa.eu/esco/skill/e8dd9cc1-c83d-45ec-a7b0-e3727ab90336,skill/competence,sector-specific,create moving images,"create a moving image
develop animated images
create motion pictures
create images that move",,released,2024-02-09T17:29:13.7Z,,,"http://data.europa.eu/esco/concept-scheme/skills,
http://data.europa.eu/esco/concept-scheme/member-skills,
http://data.europa.eu/esco/concept-scheme/6c930acd-c104-4ece-acf7-f44fd7333036",Create and develop two-dimensional and three-dimensional images in motion and animations.
12671,KnowledgeSkillCompetence,http://data.europa.eu/esco/skill/e975b791-b488-4935-be44-06f2f9a443bb,skill/competence,cross-sector,set up automotive robot,"assemble automotive robotic machining systems
create automotive robotic machining systems
arrange automotive robotic machining systems
create automotive robot
erect automotive robotic machining systems
arrange automotive robot
erect automotive robot
assemble automotive robot",,released,2024-02-09T17:29:10.678Z,,,"http://data.europa.eu/esco/concept-scheme/skills,
http://data.europa.eu/esco/concept-scheme/member-skills,
http://data.europa.eu/esco/concept-scheme/6c930acd-c104-4ece-acf7-f44fd7333036","Set up and programme an automotive robot working on machine processes and substituting or collaboratively supporting human labour, such as the six-axis automotive robot."
12686,KnowledgeSkillCompetence,http://data.europa.eu/esco/skill/e9ac6d35-0219-44c3-b488-bfd14923d09f,skill/competence,sector-specific,use pattern-cutting softwares,"pattern-cutting software utilization
utilise pattern-cutting softwares
employ pattern-cutting softwares
pattern-cutting software utilisation
pattern-cutting softwares usage
use softwares for pattern-cutting
utilize pattern-cutting softwares",,released,2024-02-09T17:29:09.009Z,,,"http://data.europa.eu/esco/concept-scheme/skills,
http://data.europa.eu/esco/concept-scheme/member-skills,
http://data.europa.eu/esco/concept-scheme/6c930acd-c104-4ece-acf7-f44fd7333036","Use pattern-cutting softwares in order to create templates for the manufacturing of wearing apparel, made-up textile articles, and textile products. Set adequate patterns in softwares for replicability of products taking into account sizes and shapes."
12716,KnowledgeSkillCompetence,http://data.europa.eu/esco/skill/ea412de3-9d7a-4943-8d8c-c6d3c7495d0e,skill/competence,sector-specific,execute integration testing,test interface between software components,,released,2024-02-09T17:29:14.494Z,,,"http://data.europa.eu/esco/concept-scheme/skills,
http://data.europa.eu/esco/concept-scheme/member-skills,
http://data.europa.eu/esco/concept-scheme/6c930acd-c104-4ece-acf7-f44fd7333036","Perform testing of system or software components grouped in multiple ways to evaluate their ability to interconnect, their interface and their ability to provide global functionality."
12732,KnowledgeSkillCompetence,http://data.europa.eu/esco/skill/ea99e1f2-ad03-4bb3-8960-1227fc76bb2a,skill/competence,cross-sector,interpret graphical communication interfaces,"interpret graphical representations used in communication programme
understand graphical representations used in communication programmes
read graphical communication interfaces
interpret graphical interfaces for communication
understand graphical communication programmes
read graphical interfaces for communication
comprehend graphical communication interfaces
comprehend graphical representations used in communication programmes
perceive graphical communication interfaces",,released,2024-02-09T17:29:15.968Z,,,"http://data.europa.eu/esco/concept-scheme/skills,
http://data.europa.eu/esco/concept-scheme/member-skills,
http://data.europa.eu/esco/concept-scheme/6c930acd-c104-4ece-acf7-f44fd7333036",Have the capacity to understand the various shapes and representations used in the schematics and 3D isometric model presented by communication programmes.
12742,KnowledgeSkillCompetence,http://data.europa.eu/esco/skill/eabc06f6-2daf-45bb-b525-7fc078e2eadf,skill/competence,sector-specific,design optical prototypes,"optical prototype developing
optical prototypes developing
optical prototype designing
developing optical prototypes
develop optical prototypes
optical prototypes designing
designing optical prototypes",,released,2024-02-09T17:29:17.515Z,,,"http://data.europa.eu/esco/concept-scheme/skills,
http://data.europa.eu/esco/concept-scheme/member-skills,
http://data.europa.eu/esco/concept-scheme/6c930acd-c104-4ece-acf7-f44fd7333036",Design and develop prototypes of optical products and components using technical drawing software.
12763,KnowledgeSkillCompetence,http://data.europa.eu/esco/skill/eb0e5615-1575-4a86-a1a2-7d39595033c5,knowledge,sector-specific,ABAP,"ABAP Programming Techniques
ABAP software development
ABAP programming techniques
ABAP software techniques",,released,2025-06-25T08:20:05.218Z,,,"http://data.europa.eu/esco/concept-scheme/skills,
http://data.europa.eu/esco/concept-scheme/member-skills,
http://data.europa.eu/esco/concept-scheme/6c930acd-c104-4ece-acf7-f44fd7333036","The techniques and principles of software development, such as analysis, algorithms, coding, testing and compiling of programming paradigms in ABAP."
12767,KnowledgeSkillCompetence,http://data.europa.eu/esco/skill/eb275d0d-64bb-49cb-a501-72aff776088f,skill/competence,sector-specific,use session border controller,use SBC,,released,2024-02-09T17:29:09.851Z,,,"http://data.europa.eu/esco/concept-scheme/skills,
http://data.europa.eu/esco/concept-scheme/member-skills,
http://data.europa.eu/esco/concept-scheme/6c930acd-c104-4ece-acf7-f44fd7333036",Manage calls during a given voice over Internet Protocol (VoIP) session and ensure security and quality of service by operating a session border controller (SBC).
12768,KnowledgeSkillCompetence,http://data.europa.eu/esco/skill/eb2ae1c7-ba57-4695-8f29-9dd41c26e01e,skill/competence,cross-sector,develop online sales business plan,"produce online sales business plan
develop online sales business plans
evaluate online sales business plan
develop an online sales business plan
launch online sales business plan
establish online sales business plan
developing online sales business plan",,released,2024-02-09T17:29:14.494Z,,,"http://data.europa.eu/esco/concept-scheme/skills,
http://data.europa.eu/esco/concept-scheme/member-skills,
http://data.europa.eu/esco/concept-scheme/6c930acd-c104-4ece-acf7-f44fd7333036","Gather relevant information and write a well-structured document providing the trajectory of a business project, adapted to an online environment."
12776,KnowledgeSkillCompetence,http://data.europa.eu/esco/skill/eb3aa8c1-fb14-47b4-a352-b7975abd2480,skill/competence,sector-specific,replicate customer software issues,"simulate customer software problems
analyse customer software problems
replicate customer software problems
simulate customer software issues
analyse customer software issues",,released,2025-06-25T12:15:04.406Z,,,"http://data.europa.eu/esco/concept-scheme/skills,
http://data.europa.eu/esco/concept-scheme/member-skills,
http://data.europa.eu/esco/concept-scheme/6c930acd-c104-4ece-acf7-f44fd7333036",Use specialised tools to replicate and analyse the conditions that caused the set of software states or outputs reported by the customer in order to provide adequate solutions.
12816,KnowledgeSkillCompetence,http://data.europa.eu/esco/skill/ec0bbf39-0edd-4015-a2c3-82ad563ce3a8,skill/competence,cross-sector,draft corporate emails,"draft corporation emails
drafting corporate emails
compose corporate emails
write corporate emails
draft corporate email",,released,2024-02-09T17:29:16.725Z,,,"http://data.europa.eu/esco/concept-scheme/skills,
http://data.europa.eu/esco/concept-scheme/member-skills,
http://data.europa.eu/esco/concept-scheme/6c930acd-c104-4ece-acf7-f44fd7333036","Prepare, compile, and write mails with the adequate information and an appropriate language to make internal or external communications."
12817,KnowledgeSkillCompetence,http://data.europa.eu/esco/skill/ec0d2580-ee2f-45e6-a423-c69dd3f03868,skill/competence,sector-specific,adjust hearing aids,"adjust hearing aid
tune hearing aid
fit hearing aids
adjust a hearing aid
tune hearing aids
fit hearing aid",,released,2024-02-09T17:29:15.235Z,,,"http://data.europa.eu/esco/concept-scheme/skills,
http://data.europa.eu/esco/concept-scheme/member-skills,
http://data.europa.eu/esco/concept-scheme/6c930acd-c104-4ece-acf7-f44fd7333036","Program hearing aids using a computer, fitting and dispensing hearing aids, or administering cochlear implants, electronic devices used to improve a person`s hearing."
12820,KnowledgeSkillCompetence,http://data.europa.eu/esco/skill/ec25e825-8c5b-4b46-950b-dcb87dd410e7,skill/competence,sector-specific,set up basic recording,"set up a basic recording
set up an audio recording
setting up basic recording
set up stereo basic recording",,released,2024-02-09T17:29:14.494Z,,,"http://data.europa.eu/esco/concept-scheme/skills,
http://data.europa.eu/esco/concept-scheme/member-skills,
http://data.europa.eu/esco/concept-scheme/6c930acd-c104-4ece-acf7-f44fd7333036",Set up a basic stereo audio recording system.
12838,KnowledgeSkillCompetence,http://data.europa.eu/esco/skill/ec85cc63-4e24-4631-bf92-8789db2605c0,skill/competence,sector-specific,maintain database security,keep database security,,released,2025-06-25T12:15:04.406Z,,,"http://data.europa.eu/esco/concept-scheme/skills,
http://data.europa.eu/esco/concept-scheme/member-skills,
http://data.europa.eu/esco/concept-scheme/6c930acd-c104-4ece-acf7-f44fd7333036",Master a wide variety of information security controls in order to pursue maximal database protection.
12843,KnowledgeSkillCompetence,http://data.europa.eu/esco/skill/ec95d0a4-886e-4eb1-aa4c-2d5f2549df7d,skill/competence,cross-sector,use translation memory software,"operate translation memory software
translation memory software use
employ translation memory software
using translation memory software
apply translation memory software",,released,2024-02-09T17:29:14.494Z,,,"http://data.europa.eu/esco/concept-scheme/skills,
http://data.europa.eu/esco/concept-scheme/member-skills,
http://data.europa.eu/esco/concept-scheme/6c930acd-c104-4ece-acf7-f44fd7333036",Facilitate efficient language translation using translation memory software.
12879,KnowledgeSkillCompetence,http://data.europa.eu/esco/skill/ed1d8bd4-cd2a-4c64-b665-56d70651026c,knowledge,sector-specific,Prototyping development,prototyping methodology,,released,2025-06-25T08:20:05.218Z,,,"http://data.europa.eu/esco/concept-scheme/skills,
http://data.europa.eu/esco/concept-scheme/member-skills,
http://data.europa.eu/esco/concept-scheme/6c930acd-c104-4ece-acf7-f44fd7333036",The prototyping development model is a methodology to design software systems and applications.
12885,KnowledgeSkillCompetence,http://data.europa.eu/esco/skill/ed392b45-1087-44a7-89a9-d514224639ff,skill/competence,cross-sector,conduct mobile marketing,"organise mobile marketing
conduct cell phone marketing
mobile marketing conducting
manage mobile marketing
undertake mobile marketing
carry out mobile marketing
conducting mobile marketing
conduct mobile marketing campaign",,released,2022-07-05T14:38:06.701Z,,,"http://data.europa.eu/esco/concept-scheme/skills,
http://data.europa.eu/esco/concept-scheme/member-skills,
http://data.europa.eu/esco/concept-scheme/6c930acd-c104-4ece-acf7-f44fd7333036",Conduct mobile marketing using a mobile device e.g. tablet or smartphone. Gather personalised information and transfer it to customers in order to promote services or goods.
12886,KnowledgeSkillCompetence,http://data.europa.eu/esco/skill/ed39edd3-44d0-4a16-9796-bfb99f92baf3,knowledge,sector-specific,ICT performance analysis methods,performance analysis techniques,,released,2024-02-09T17:29:14.494Z,,,"http://data.europa.eu/esco/concept-scheme/skills,
http://data.europa.eu/esco/concept-scheme/member-skills,
http://data.europa.eu/esco/concept-scheme/6c930acd-c104-4ece-acf7-f44fd7333036","The methods used to analyse software, ICT system and network performance which provide guidance to root causes of issues within information systems. The methods can analyse resource bottlenecks, application times, wait latencies and benchmarking results."
12894,KnowledgeSkillCompetence,http://data.europa.eu/esco/skill/ed5bbc64-7017-4e2e-b44e-65df88013a84,skill/competence,occupation-specific,analyse information systems,"analyse info systems
review information systems
examine information systems
analysing information systems
analyse information system
analyze information systems
evaluate information systems",,released,2022-07-05T14:38:06.701Z,,,"http://data.europa.eu/esco/concept-scheme/skills,
http://data.europa.eu/esco/concept-scheme/member-skills,
http://data.europa.eu/esco/concept-scheme/6c930acd-c104-4ece-acf7-f44fd7333036","Conduct analyses of information systems such as archives, libraries and documentation centers to verify their effectiveness. Develop specific problem solving techniques in order to improve the performance of the systems."
12904,KnowledgeSkillCompetence,http://data.europa.eu/esco/skill/ed8de897-adbe-4f0e-b4d2-534953e64c72,skill/competence,sector-specific,integrate system components,"setup system
assemble system",,released,2024-02-09T17:29:15.968Z,,,"http://data.europa.eu/esco/concept-scheme/skills,
http://data.europa.eu/esco/concept-scheme/member-skills,
http://data.europa.eu/esco/concept-scheme/6c930acd-c104-4ece-acf7-f44fd7333036",Select and use integration techniques and tools to plan and implement integration of hardware and software modules and components in a system.
12909,KnowledgeSkillCompetence,http://data.europa.eu/esco/skill/eda4d727-4374-49af-ace4-118c7c906835,knowledge,sector-specific,search engine optimisation,"search engine marketing
SEM
Search marketing
search engine optimization",,released,2022-07-05T14:34:46.63Z,,,"http://data.europa.eu/esco/concept-scheme/skills,
http://data.europa.eu/esco/concept-scheme/member-skills,
http://data.europa.eu/esco/concept-scheme/6c930acd-c104-4ece-acf7-f44fd7333036",The marketing approach which promotes webpage presentation by affecting the specific structures of the website which impact its visibility in unpaid search results.
12919,KnowledgeSkillCompetence,http://data.europa.eu/esco/skill/edebd83d-35f6-4ed5-a940-6c203d178c01,knowledge,cross-sector,data science,"data science process
science of data",,released,2023-11-29T16:23:08.607Z,,,"http://data.europa.eu/esco/concept-scheme/skills,
http://data.europa.eu/esco/concept-scheme/member-skills,
http://data.europa.eu/esco/concept-scheme/6c930acd-c104-4ece-acf7-f44fd7333036",The field of study that deals with big amount of data using AI techniques such as machine learning algorithms to predict patterns and obtain useful information to make business decisions.
12924,KnowledgeSkillCompetence,http://data.europa.eu/esco/skill/edf081e4-d2dc-4a60-8c49-7b7e45b5ebe3,skill/competence,sector-specific,create risk maps,"generate risk maps
design risk maps
develop risk maps",,released,2024-02-09T17:29:16.725Z,,,"http://data.europa.eu/esco/concept-scheme/skills,
http://data.europa.eu/esco/concept-scheme/member-skills,
http://data.europa.eu/esco/concept-scheme/6c930acd-c104-4ece-acf7-f44fd7333036","Use data visualisation tools in order to communicate the specific financial risks, their nature and impact for an organisation."
12930,KnowledgeSkillCompetence,http://data.europa.eu/esco/skill/ee02393d-27dd-438a-8879-b8088ce45e79,knowledge,occupation-specific,ICT environmental policies,ICT environmental guidelines,,released,2024-02-20T14:47:36.133Z,,,"http://data.europa.eu/esco/concept-scheme/skills,
http://data.europa.eu/esco/concept-scheme/green,
http://data.europa.eu/esco/concept-scheme/member-skills,
http://data.europa.eu/esco/concept-scheme/6c930acd-c104-4ece-acf7-f44fd7333036","The international and organisational policies which deal with the assessment of the environmental impact of innovations and developments in the field of ICT, as well as with methods for reducing negative impact and applying ICT innovations to aid the environment."
12940,KnowledgeSkillCompetence,http://data.europa.eu/esco/skill/ee3b1553-2dc5-434b-8dcf-4ae3a40b3a48,skill/competence,sector-specific,verify formal ICT specifications,verify formal IT specifications,,released,2025-02-27T12:45:08.961Z,,,"http://data.europa.eu/esco/concept-scheme/skills,
http://data.europa.eu/esco/concept-scheme/member-skills,
http://data.europa.eu/esco/concept-scheme/6c930acd-c104-4ece-acf7-f44fd7333036","Check capabilities, correctness and efficiency of intended algorithm or system to match certain formal specifications."
12944,KnowledgeSkillCompetence,http://data.europa.eu/esco/skill/ee46e1d3-a52c-4113-aab9-38dbc907085d,knowledge,sector-specific,distributed ledger technologies consensus protocols,consensus protocols of distributed ledger technologies,,released,2023-11-29T16:34:02.942Z,,,"http://data.europa.eu/esco/concept-scheme/skills,
http://data.europa.eu/esco/concept-scheme/member-skills,
http://data.europa.eu/esco/concept-scheme/6c930acd-c104-4ece-acf7-f44fd7333036","The knowledge of essential blockchain consensus protocols including Proof-of-Work (PoW), Proof-of-Stake (PoS), Delegated Proof-of-Stake (DPoS), Practical Byzantine Fault Tolerance (pBFT)."
12955,KnowledgeSkillCompetence,http://data.europa.eu/esco/skill/ee6c325b-223e-432f-89c3-a0f135adac9e,skill/competence,cross-sector,create cadastral maps,"produce cadastral cartographical diagrams
make cadastral cartographical diagrams
design cadastral cartographical diagrams
make cadastral maps
draw cadastral maps
produce cadastral maps
draw cadastral cartographical diagrams
design cadastral maps",,released,2024-02-09T17:29:09.851Z,,,"http://data.europa.eu/esco/concept-scheme/skills,
http://data.europa.eu/esco/concept-scheme/member-skills,
http://data.europa.eu/esco/concept-scheme/6c930acd-c104-4ece-acf7-f44fd7333036",Create maps using data gathered during surveying and measurement activities and specialised software which outline a region's constructions' and buildings' boundaries.
12961,KnowledgeSkillCompetence,http://data.europa.eu/esco/skill/ee8fee1a-75c1-43fb-b08d-779929f99249,skill/competence,cross-sector,apply control process statistical methods,"apply a control process statistical methodology
apply control process statistical methodology
apply control processing statistical method
utilise control process statistical methods
administer control process statistical methods
employ control process statistical methods
implement control process statistical methods",,released,2024-02-09T17:29:12.952Z,,,"http://data.europa.eu/esco/concept-scheme/skills,
http://data.europa.eu/esco/concept-scheme/member-skills,
http://data.europa.eu/esco/concept-scheme/6c930acd-c104-4ece-acf7-f44fd7333036",Apply statistical methods from Design of Experiments (DOE) and Statistical Process Control (SPC) in order to control manufacturing processes.
12974,KnowledgeSkillCompetence,http://data.europa.eu/esco/skill/eee58e6d-4587-42f0-b9a0-fe055cfe2044,skill/competence,sector-specific,develop animations,"design animations
develop animated models
design graphics and animation
developing animations
develop an animation",,released,2024-02-09T17:29:15.968Z,,,"http://data.europa.eu/esco/concept-scheme/skills,
http://data.europa.eu/esco/concept-scheme/member-skills,
http://data.europa.eu/esco/concept-scheme/6c930acd-c104-4ece-acf7-f44fd7333036","Design and develop visual animations using creativity and computer skills. Make objects or characters appear lifelike by manipulating light, colour, texture, shadow, and transparency, or manipulating static images to give the illusion of motion."
12975,KnowledgeSkillCompetence,http://data.europa.eu/esco/skill/eeef9d73-f215-40fb-92cc-6498f13fc3f2,skill/competence,sector-specific,create infrared imagery,"produce infrared imagery
infrared imagery creation
production of infrared imagery
creating infrared imagery
create infrared spectrum imagery
creation of infrared imagery
producing infrared imagery
infrared imagery production",,released,2024-02-09T17:29:09.009Z,,,"http://data.europa.eu/esco/concept-scheme/skills,
http://data.europa.eu/esco/concept-scheme/member-skills,
http://data.europa.eu/esco/concept-scheme/6c930acd-c104-4ece-acf7-f44fd7333036",Use an infrared camera to produce imagery displaying the infrared part of the spectrum.
12977,KnowledgeSkillCompetence,http://data.europa.eu/esco/skill/ef0527db-0442-4f05-a150-533b410e1cc1,skill/competence,sector-specific,operate railway control panels,"use rail control panels
utilise control panels to perform railway functions
use railway control panels
perform railway operations using control panels
perform railway functions through use of control panels
operate railroad control panels
utilise railway control panels
conduct railway operations using control panels
use control panels to perform railway functions
operate rail control panels",,released,2024-02-09T17:29:12.215Z,,,"http://data.europa.eu/esco/concept-scheme/skills,
http://data.europa.eu/esco/concept-scheme/member-skills,
http://data.europa.eu/esco/concept-scheme/6c930acd-c104-4ece-acf7-f44fd7333036","Operate various types of railway control panels such as Individual Function Switch (IFS), One Control Switch (OCS) or Entrance Exit (NX)."
12979,KnowledgeSkillCompetence,http://data.europa.eu/esco/skill/ef069fe6-305b-4452-8f7d-0c572e98effc,knowledge,sector-specific,mobile marketing,"mobile devices marketing
wireless marketing
cell phone marketing
product promotion via mobile devices",,released,2024-03-01T08:55:32.645Z,,,"http://data.europa.eu/esco/concept-scheme/skills,
http://data.europa.eu/esco/concept-scheme/member-skills,
http://data.europa.eu/esco/concept-scheme/6c930acd-c104-4ece-acf7-f44fd7333036","The study of marketing which uses mobile devices as a communication channel. This approach can provide potential customers with personalised information (using location or time context) which promotes products, services or ideas."
13003,KnowledgeSkillCompetence,http://data.europa.eu/esco/skill/ef64005d-75bc-4597-8ed6-717edec5e55e,skill/competence,cross-sector,enhance website visibility,website marketing,,released,2024-02-09T17:29:09.009Z,,,"http://data.europa.eu/esco/concept-scheme/skills,
http://data.europa.eu/esco/concept-scheme/member-skills,
http://data.europa.eu/esco/concept-scheme/6c930acd-c104-4ece-acf7-f44fd7333036","Promote the website to users, business partners and search engines. Optimise the website exposure to search engines, send out emails, determine pricing and policies and conduct marketing actions."
13042,KnowledgeSkillCompetence,http://data.europa.eu/esco/skill/f0010b93-5552-45cb-ad26-168c8168f319,knowledge,sector-specific,Nexpose,Rapid7 Nexpose,,released,2024-02-09T17:29:12.215Z,,,"http://data.europa.eu/esco/concept-scheme/skills,
http://data.europa.eu/esco/concept-scheme/member-skills,
http://data.europa.eu/esco/concept-scheme/6c930acd-c104-4ece-acf7-f44fd7333036","The computer program Nexpose is a specialised ICT tool which tests security weaknesses of the system for potentially unauthorised access to system information, developed by the software company Rapid7."
13047,KnowledgeSkillCompetence,http://data.europa.eu/esco/skill/f0163b63-6794-4eb7-b17b-f91d11b2602d,skill/competence,sector-specific,implement cryptographic constructs,develop cryptographic constructs,,released,2023-10-26T15:56:20.195Z,,,"http://data.europa.eu/esco/concept-scheme/skills,
http://data.europa.eu/esco/concept-scheme/member-skills,
http://data.europa.eu/esco/concept-scheme/6c930acd-c104-4ece-acf7-f44fd7333036","Implement cryptographic constructs such as hash functions, symmetric-key algorithms, and asymmetric-key algorithms, in the context of specific applications."
13057,KnowledgeSkillCompetence,http://data.europa.eu/esco/skill/f0393af3-bcd9-41af-a36e-0cfb83b60081,skill/competence,sector-specific,manage standard enterprise resource planning system,"oversee standard enterprise resource planning system
managing standard enterprise resource planning system
maintain standard enterprise resource planning system
manage standard enterprise resource planning systems
supervise standard enterprise resource planning system
standard enterprise resource planning system management
regulate standard enterprise resource planning system",,released,2024-02-09T17:29:12.952Z,,,"http://data.europa.eu/esco/concept-scheme/skills,
http://data.europa.eu/esco/concept-scheme/member-skills,
http://data.europa.eu/esco/concept-scheme/6c930acd-c104-4ece-acf7-f44fd7333036","Collect, manage and interpret data relevant for companies related to shipping, payment, inventory, resources and manufacturing using specific business management software. Such software as Microsoft Dynamics​, SAP ERP, Oracle ERP."
13060,KnowledgeSkillCompetence,http://data.europa.eu/esco/skill/f049d050-12da-4e40-813a-2b5eb6df6b51,knowledge,sector-specific,Internet of Things,"Information appliances
IoT
smart devices
Pervasive systems
Ubiquitous computing",,released,2024-02-09T17:29:15.235Z,,,"http://data.europa.eu/esco/concept-scheme/skills,
http://data.europa.eu/esco/concept-scheme/member-skills,
http://data.europa.eu/esco/concept-scheme/6c930acd-c104-4ece-acf7-f44fd7333036","The general principles, categories, requirements, limitations and vulnerabilities of smart connected devices (most of them with intended internet connectivity)."
13088,KnowledgeSkillCompetence,http://data.europa.eu/esco/skill/f0de4973-0a70-4644-8fd4-3a97080476f4,knowledge,sector-specific,DevOps,"DevOps development
DevOps based software development
DevOps methodology",,released,2025-06-25T08:20:05.218Z,,,"http://data.europa.eu/esco/concept-scheme/skills,
http://data.europa.eu/esco/concept-scheme/member-skills,
http://data.europa.eu/esco/concept-scheme/6c930acd-c104-4ece-acf7-f44fd7333036",The DevOps development approach is a methodology to design software systems and applications focused on the collaboration and between software programmers and other ICT professionals and automation.
13091,KnowledgeSkillCompetence,http://data.europa.eu/esco/skill/f0f2da78-ef60-4653-b2c8-ff0a7a9ea2f8,skill/competence,occupation-specific,instruct library users in digital literacy,"teach library users
instructing library users
instruct library users
train library users",,released,2022-07-05T14:33:44.716Z,,,"http://data.europa.eu/esco/concept-scheme/skills,
http://data.europa.eu/esco/concept-scheme/member-skills,
http://data.europa.eu/esco/concept-scheme/6c930acd-c104-4ece-acf7-f44fd7333036","Teach library visitors basic computer skills, such as searching digital databases."
13093,KnowledgeSkillCompetence,http://data.europa.eu/esco/skill/f0f5bb34-71df-4715-9c9e-03567b76ec8f,skill/competence,sector-specific,create website wireframe,"develop website wireframe
set up website wireframe",,released,2025-06-25T12:15:04.406Z,,,"http://data.europa.eu/esco/concept-scheme/skills,
http://data.europa.eu/esco/concept-scheme/member-skills,
http://data.europa.eu/esco/concept-scheme/6c930acd-c104-4ece-acf7-f44fd7333036","Develop an image or set of images that display the functional elements of a website or page, typically used for planning a website's functionality and structure."
13096,KnowledgeSkillCompetence,http://data.europa.eu/esco/skill/f0ff6f10-cbb4-44c0-acd5-ed17046b1396,skill/competence,sector-specific,install signal repeaters,install amplifiers and repeaters,,released,2024-02-09T17:29:11.47Z,,,"http://data.europa.eu/esco/concept-scheme/skills,
http://data.europa.eu/esco/concept-scheme/member-skills,
http://data.europa.eu/esco/concept-scheme/6c930acd-c104-4ece-acf7-f44fd7333036",Set up and configure devices which enhance strength of signal of a communication channel to enable proper reception and reproduction in further places.
13141,KnowledgeSkillCompetence,http://data.europa.eu/esco/skill/f1a56786-e6d7-4b2e-a39c-23e09024d473,knowledge,sector-specific,concepts of telecommunications,telecommunication,,released,2024-02-09T17:29:09.851Z,,,"http://data.europa.eu/esco/concept-scheme/skills,
http://data.europa.eu/esco/concept-scheme/member-skills,
http://data.europa.eu/esco/concept-scheme/6c930acd-c104-4ece-acf7-f44fd7333036","The telecommunication principles, theories, models, equipment and processes such as transfer rate, bandwidth, signal-to-noise ratio, bit error ratio and C/N ratio, as well as the effect of the qualities of the transmission path on the operation and quality of telecommunications."
13172,KnowledgeSkillCompetence,http://data.europa.eu/esco/skill/f22dd07b-cb0f-4b18-ba54-d922dfaa8c14,skill/competence,sector-specific,use CAD for lasts,"use CAD for lasts in the footwear industry
operate CAD software for lasts
operate CAD software for lasts in the footwear industry
use CAD for footwear lasts
operate CAD software for footwear lasts
use computer-aided design for lasts
use CAD software for lasts",,released,2024-02-09T17:29:15.968Z,,,"http://data.europa.eu/esco/concept-scheme/skills,
http://data.europa.eu/esco/concept-scheme/member-skills,
http://data.europa.eu/esco/concept-scheme/6c930acd-c104-4ece-acf7-f44fd7333036","Be able to digitise and scan the lasts. Work with various 2D and 3D CAD systems and use the software to adopt and transform the shape of the lasts according to dimensional requirements of the customer. Making 2D templates for controlling the shape of the new last. Produce technical drawing and prepare technical specification sheets for manufacturing. Grade the last. Export the files of the virtual model to 3D printers, CAM or CNC systems."
13190,KnowledgeSkillCompetence,http://data.europa.eu/esco/skill/f2741507-c5f7-45b6-8bcd-8d0d27650d68,skill/competence,sector-specific,explain characteristics of computer peripheral equipment,"disclose characteristics of computer peripheral equipment
demonstrate characteristics of computer peripheral equipment
explain the characteristics of computer peripheral equipment
clarify characteristics of computer peripheral equipment
describe characteristics of computer peripheral equipment
explaining the characteristics of computer peripheral equipment
explaining characteristics of computer peripheral equipment",,released,2024-02-09T17:29:13.7Z,,,"http://data.europa.eu/esco/concept-scheme/skills,
http://data.europa.eu/esco/concept-scheme/member-skills,
http://data.europa.eu/esco/concept-scheme/6c930acd-c104-4ece-acf7-f44fd7333036","Explain to customers the features of computers and peripheral computer equipment; inform customers on memory capacity, processing speed, data input, performance, etc."
13196,KnowledgeSkillCompetence,http://data.europa.eu/esco/skill/f28617ad-afdd-4041-814c-216153a38998,skill/competence,sector-specific,analyse software specifications,"assess software specifications
examine software requirements
assess software systems
evaluate software design specification
analyse software or system specifications",,released,2024-02-28T14:21:37.239Z,,,"http://data.europa.eu/esco/concept-scheme/skills,
http://data.europa.eu/esco/concept-scheme/member-skills,
http://data.europa.eu/esco/concept-scheme/6c930acd-c104-4ece-acf7-f44fd7333036","Assess the specifications of a software product or system to be developed by identifying functional and non-functional requirements, constraints and possible sets of use cases which illustrate interactions between the software and its users."
13211,KnowledgeSkillCompetence,http://data.europa.eu/esco/skill/f2c26cd0-f823-4549-a418-f84d23131308,knowledge,sector-specific,THC Hydra,"Hydra
Hydra parallelized network login tool",,released,2025-06-25T08:20:05.218Z,,,"http://data.europa.eu/esco/concept-scheme/skills,
http://data.europa.eu/esco/concept-scheme/member-skills,
http://data.europa.eu/esco/concept-scheme/6c930acd-c104-4ece-acf7-f44fd7333036",The package THC Hydra is a parallelized login cracker which tests security weaknesses of the systems' protocols for potentially unauthorised access to system information. The main features include network logon cracker and passwords reading and printing.
13216,KnowledgeSkillCompetence,http://data.europa.eu/esco/skill/f2d57f41-43b4-4f5b-8100-3df5c21eda50,skill/competence,cross-sector,process data,"data processing
analyse data
processing of data
handle data
measure data
convert data
processing data
refine data",,released,2024-02-09T17:29:16.725Z,,,"http://data.europa.eu/esco/concept-scheme/skills,
http://data.europa.eu/esco/concept-scheme/member-skills,
http://data.europa.eu/esco/concept-scheme/6c930acd-c104-4ece-acf7-f44fd7333036","Enter information into a data storage and data retrieval system via processes such as scanning, manual keying or electronic data transfer in order to process large amounts of data."
13252,KnowledgeSkillCompetence,http://data.europa.eu/esco/skill/f36fb0bd-21d5-4347-b484-69c735f4e700,knowledge,sector-specific,OmniPage,"OmniPage OCR program for scanned documents
OmniPage software for images conversion
OmniPage OCR software
OmniPage computer program for printed images conversion
OmniPage software
OmniPage computer program
OmniPage for text recognition from images",,released,2025-06-25T08:20:05.218Z,,,"http://data.europa.eu/esco/concept-scheme/skills,
http://data.europa.eu/esco/concept-scheme/member-skills,
http://data.europa.eu/esco/concept-scheme/6c930acd-c104-4ece-acf7-f44fd7333036","The computer program OmniPage is software that electronically converts printed and typed images into machine-encoded text so that documents can be electronically stored, edited and digitally displayed."
13262,KnowledgeSkillCompetence,http://data.europa.eu/esco/skill/f39336a8-8bf3-4a36-ac40-2f88836f5112,skill/competence,cross-sector,operate an emergency communication system,"operate emergency communication systems
communicate using emergency communication tools
handle emergency communication system tools
operate emergency communication system
use emergency communication system
operate communication system used in emergencies",,released,2024-02-09T17:29:15.968Z,,,"http://data.europa.eu/esco/concept-scheme/skills,
http://data.europa.eu/esco/concept-scheme/member-skills,
http://data.europa.eu/esco/concept-scheme/6c930acd-c104-4ece-acf7-f44fd7333036","Efficiently operate common communication systems used in emergencies, such as base station mobile transmitters and receivers, portable transmitters and receivers, repeaters, cellular phones, pagers, automated vehicle locators, and satellite phones as required."
13264,KnowledgeSkillCompetence,http://data.europa.eu/esco/skill/f399a9c1-be41-4117-bf86-a64b503c4cfd,skill/competence,cross-sector,supervise data entry,"supervision of data entry
monitor data entry
oversee data entry
manage data entry
supervising data entry
data entry supervision
watch over data entry",,released,2024-02-09T17:29:14.494Z,,,"http://data.europa.eu/esco/concept-scheme/skills,
http://data.europa.eu/esco/concept-scheme/member-skills,
http://data.europa.eu/esco/concept-scheme/6c930acd-c104-4ece-acf7-f44fd7333036","Supervise the entry of information such as addresses or names in a data storage and retrieval system via manual keying, electronic data transfer or by scanning."
13266,KnowledgeSkillCompetence,http://data.europa.eu/esco/skill/f39ea734-faef-48a7-9544-14e691aed6ab,skill/competence,occupation-specific,set up media storage,"create media repository
set up media storage solutions
implement media storage solutions
configure media storage
deploy media repository",,released,2024-02-22T14:57:20.506Z,,,"http://data.europa.eu/esco/concept-scheme/skills,
http://data.europa.eu/esco/concept-scheme/member-skills,
http://data.europa.eu/esco/concept-scheme/6c930acd-c104-4ece-acf7-f44fd7333036","Set up and configure media storage and access systems and related redundancy and backup systems to ensure maximum data safety, maximum accessibility and low latency of the used media."
13276,KnowledgeSkillCompetence,http://data.europa.eu/esco/skill/f3d8547b-e7c4-4024-8f2d-0ccf3f522779,skill/competence,occupation-specific,use aeronautical mobile service communications,"transmission of information through aeronautical mobile service
utilisation of AMS communications
use of aeronautical radiocommunication service
transmission of information through aeronautical radio communications service
communication through aeronautical mobile service
communication through AMS
transmission of information through AMS
utilisation of aeronautical radiocommunication service
utilisation of aeronautical mobile service communications
communication through aeronautical radiocommunication service
use of AMS communications",,released,2024-02-09T17:29:16.725Z,,,"http://data.europa.eu/esco/concept-scheme/skills,
http://data.europa.eu/esco/concept-scheme/member-skills,
http://data.europa.eu/esco/concept-scheme/6c930acd-c104-4ece-acf7-f44fd7333036","Make use of aeronautical communications devices to transmit and receive technical information to and from aircraft, in line with technical regulations and provisions."
13291,KnowledgeSkillCompetence,http://data.europa.eu/esco/skill/f40da95c-febe-406c-96aa-2d6d9c09a0a3,skill/competence,cross-sector,convert different audiovisual formats,"transform different audio-visual formats
converting a different audio-visual format
convert a different audio-visual format
converting different audio-visual formats
adapt different audio-visual formats
reorganise different audio-visual formats
modify different audio-visual formats",,released,2024-02-09T17:29:12.215Z,,,"http://data.europa.eu/esco/concept-scheme/skills,
http://data.europa.eu/esco/concept-scheme/member-skills,
http://data.europa.eu/esco/concept-scheme/6c930acd-c104-4ece-acf7-f44fd7333036",Use specialised software to convert data from one audio and/or video format to another.
13299,KnowledgeSkillCompetence,http://data.europa.eu/esco/skill/f4229545-9cd3-4abf-ac7b-744040a7a61b,skill/competence,sector-specific,use milk control software,"milk control software operating
operating software for milk control
use software for milk control
operate milk control software
operating milk control software
operate software for milk control
using milk control software
using software for milk control
milk control software using",,released,2024-02-09T17:29:14.494Z,,,"http://data.europa.eu/esco/concept-scheme/skills,
http://data.europa.eu/esco/concept-scheme/member-skills,
http://data.europa.eu/esco/concept-scheme/6c930acd-c104-4ece-acf7-f44fd7333036",Efficiently use milk testing software and interpret the results correctly.
13303,KnowledgeSkillCompetence,http://data.europa.eu/esco/skill/f4346299-e22a-4686-8e61-2c9b0cd51c7d,skill/competence,transversal,apply digital security measures,"up-date online security measures
use anti-virus software
protect personal data
protect ICT devices
remove viruses and malware from a computer
implement digital security measures
protect digital devices",,released,2022-07-05T14:33:28.658Z,,,"http://data.europa.eu/esco/concept-scheme/skills,
http://data.europa.eu/esco/concept-scheme/member-skills,
http://data.europa.eu/esco/concept-scheme/skill-transversal-groups,
http://data.europa.eu/esco/concept-scheme/6c930acd-c104-4ece-acf7-f44fd7333036",Follow simple ways to protect digital devices and content.
13314,KnowledgeSkillCompetence,http://data.europa.eu/esco/skill/f47a1998-0beb-43be-9f46-380aa4d183da,knowledge,sector-specific,Jenkins (tools for software configuration management),"Jenkins Continuous Integration server
Jenkins
Jenkins CI",,released,2022-07-05T14:33:44.716Z,,,"http://data.europa.eu/esco/concept-scheme/skills,
http://data.europa.eu/esco/concept-scheme/member-skills,
http://data.europa.eu/esco/concept-scheme/6c930acd-c104-4ece-acf7-f44fd7333036","The tool Jenkins is a software program to perform configuration identification, control, status accounting and audit of software during its development and maintenance."
13321,KnowledgeSkillCompetence,http://data.europa.eu/esco/skill/f4a6e9f7-5cff-46c0-894c-59c20bb78694,knowledge,cross-sector,automation technology,"automation in production systems
control systems technology
control systems
technologies of automation
automation in maintenance
technology of control systems
technology for control systems
automation technologies",,released,2025-04-11T12:51:32.7Z,,,"http://data.europa.eu/esco/concept-scheme/skills,
http://data.europa.eu/esco/concept-scheme/member-skills,
http://data.europa.eu/esco/concept-scheme/6c930acd-c104-4ece-acf7-f44fd7333036","Set of technologies that make a process, system, or apparatus operate automatically through the use of control systems."
13322,KnowledgeSkillCompetence,http://data.europa.eu/esco/skill/f4a85869-1855-45d5-a43c-7ee8cd451996,skill/competence,sector-specific,perform ICT security testing,prepare and apply security test plans,,released,2024-02-09T17:29:09.009Z,,,"http://data.europa.eu/esco/concept-scheme/skills,
http://data.europa.eu/esco/concept-scheme/member-skills,
http://data.europa.eu/esco/concept-scheme/6c930acd-c104-4ece-acf7-f44fd7333036","Execute types of security testing, such as network penetration testing, wireless testing, code reviews, wireless and/or firewall assessments in accordance with industry-accepted methods and protocols to identify and analyse potential vulnerabilities."
13354,KnowledgeSkillCompetence,http://data.europa.eu/esco/skill/f5750c05-7b15-4e0b-8591-f9a1bb95aaac,skill/competence,occupation-specific,operate machine tools,"machine tools operating
machine tools using
machine tool using
operating machine tools
use machine tools
using machine tools
machine tool operating",,released,2024-02-09T17:29:10.678Z,,,"http://data.europa.eu/esco/concept-scheme/skills,
http://data.europa.eu/esco/concept-scheme/member-skills,
http://data.europa.eu/esco/concept-scheme/6c930acd-c104-4ece-acf7-f44fd7333036",Program and operate numerically controlled machine tools.
13360,KnowledgeSkillCompetence,http://data.europa.eu/esco/skill/f597f772-24d3-4cec-813c-cf5a7027c794,knowledge,sector-specific,N1QL,"Couchbase Query Language
Non-first Normal Form Query Language",,released,2024-02-09T17:29:16.725Z,,,"http://data.europa.eu/esco/concept-scheme/skills,
http://data.europa.eu/esco/concept-scheme/member-skills,
http://data.europa.eu/esco/concept-scheme/6c930acd-c104-4ece-acf7-f44fd7333036",The computer language N1QL is a query language for retrieval of information from a database and of documents containing the needed information. It is developed by the software company Couchbase.
13363,KnowledgeSkillCompetence,http://data.europa.eu/esco/skill/f5ac9226-0ace-4d34-a1c3-7b3845834a98,skill/competence,sector-specific,maintain ICT server,"diagnose server hardware faults
repair hardware faults",,released,2025-06-25T12:15:04.406Z,,,"http://data.europa.eu/esco/concept-scheme/skills,
http://data.europa.eu/esco/concept-scheme/member-skills,
http://data.europa.eu/esco/concept-scheme/6c930acd-c104-4ece-acf7-f44fd7333036","Diagnose and eliminate hardware faults via repair or replacement. Take preventive measures, review performance, update software, review accessibility."
13368,KnowledgeSkillCompetence,http://data.europa.eu/esco/skill/f5b33464-4df9-4cf3-b468-b0a2d6b3ee85,skill/competence,sector-specific,operate 3D computer graphics software,use 3D visualization and processing software,,released,2025-06-25T12:15:04.406Z,,,"http://data.europa.eu/esco/concept-scheme/skills,
http://data.europa.eu/esco/concept-scheme/member-skills,
http://data.europa.eu/esco/concept-scheme/6c930acd-c104-4ece-acf7-f44fd7333036","Use graphical ICT tools, such as Autodesk Maya, Blender which enable digital editing, modelling, rendering and composition of graphics. These tools are based in mathematical representation of three-dimensional objects."
13390,KnowledgeSkillCompetence,http://data.europa.eu/esco/skill/f5f9b6fe-0ff2-4c0b-887a-12702d8612ba,skill/competence,cross-sector,tend CNC engraving machine,"oversee CNC engraving machine
take care of CNC engraving machine
watch over CNC engraving machine
guard CNC engraving machine
guard computer controlled etching machinery
oversee computer controlled etching machinery
watch over computer controlled etching machinery
take care of computer controlled etching machinery",,released,2024-02-09T17:29:09.851Z,,,"http://data.europa.eu/esco/concept-scheme/skills,
http://data.europa.eu/esco/concept-scheme/member-skills,
http://data.europa.eu/esco/concept-scheme/6c930acd-c104-4ece-acf7-f44fd7333036",Monitor and operate a computer numerical controlled (CNC) engraving machine according to regulations.
13402,KnowledgeSkillCompetence,http://data.europa.eu/esco/skill/f632251a-4078-4546-b19f-7ef528d08325,skill/competence,cross-sector,use IT tools,"employ IT tools
use information and communication technology tools
utilise information technology tools
use information and communication technology
use ICT tools
employ information technology tools
utilize IT tools
employ ICT tools
utilize information technology tools
use information technology tools
employ information and communication technology tools
use information technology
utilise IT tools",,released,2024-02-09T17:29:10.678Z,,,"http://data.europa.eu/esco/concept-scheme/skills,
http://data.europa.eu/esco/concept-scheme/member-skills,
http://data.europa.eu/esco/concept-scheme/6c930acd-c104-4ece-acf7-f44fd7333036","Application of computers, computer networks and other information technologies and equipment to storing, retrieving, transmitting and manipulating data, in the context of a business or enterprise."
13404,KnowledgeSkillCompetence,http://data.europa.eu/esco/skill/f6424ebb-8401-446b-9f7e-10d7c854da02,knowledge,sector-specific,ICT network simulation,"ICT network simulation tools
ICT network simulation methods
ICT network simulation systems",,released,2025-06-25T08:20:05.218Z,,,"http://data.europa.eu/esco/concept-scheme/skills,
http://data.europa.eu/esco/concept-scheme/member-skills,
http://data.europa.eu/esco/concept-scheme/6c930acd-c104-4ece-acf7-f44fd7333036",The methods and tools which enable modelling of the ICT network behaviour by calculating the data exchange among entities or capturing and reproducing characteristics from a functioning network.
13418,KnowledgeSkillCompetence,http://data.europa.eu/esco/skill/f683ae1d-cb7c-4aa1-b9fe-205e1bd23535,skill/competence,cross-sector,use microsoft office,"utilise microsoft office applications
use MS Excel
possess proficiency in MS office
be a proficient microsoft office user
utilise microsoft office software
have proficiency in MS office
have proficiency in microsoft office
possess proficiency in microsoft office
be a proficient MS office user
utilise microsoft office programmes
utilise microsoft office
use microsoft office applications
use MS Powerpoint
use MS Office
use microsoft office programmes
use MS Word
use microsoft office software",,released,2025-04-16T10:10:10.034Z,,,"http://data.europa.eu/esco/concept-scheme/skills,
http://data.europa.eu/esco/concept-scheme/member-skills,
http://data.europa.eu/esco/concept-scheme/6c930acd-c104-4ece-acf7-f44fd7333036","Use the standard programs contained in Microsoft Office. Create a document and do basic formatting, insert page breaks, create headers or footers, and insert graphics, create automatically generated tables of contents and merge form letters from a database of addresses. Create auto-calculating spreadsheets, create images, and sort and filter data tables."
13419,KnowledgeSkillCompetence,http://data.europa.eu/esco/skill/f6868852-9bf6-4899-a5d6-5f9532fb877d,skill/competence,occupation-specific,design component interfaces,design and implement component interfaces,,released,2024-02-09T17:29:11.47Z,,,"http://data.europa.eu/esco/concept-scheme/skills,
http://data.europa.eu/esco/concept-scheme/member-skills,
http://data.europa.eu/esco/concept-scheme/6c930acd-c104-4ece-acf7-f44fd7333036",Use methods and tools to design and program interfaces of software and system components.
13420,KnowledgeSkillCompetence,http://data.europa.eu/esco/skill/f68cd42c-1d67-4ca7-9b37-8f024763823d,skill/competence,sector-specific,scan photos,"scan pictures
scan of photos
scan photographs
scan images",,released,2024-02-09T17:29:15.968Z,,,"http://data.europa.eu/esco/concept-scheme/skills,
http://data.europa.eu/esco/concept-scheme/member-skills,
http://data.europa.eu/esco/concept-scheme/6c930acd-c104-4ece-acf7-f44fd7333036","Scan images into computers for editing, storage, and electronic transmission."
13434,KnowledgeSkillCompetence,http://data.europa.eu/esco/skill/f6d294f4-db62-4fc5-a7b8-778e5071c112,skill/competence,cross-sector,carry out forum moderation,"carry out moderation of forums
moderate forum
perform moderation of forums
act as a forum moderator
perform moderation of online forums
carry out moderation of online forums
moderate online forums
undertake forum moderation
moderate forum activity
moderate online forum activity
perform forum moderation",,released,2024-02-09T17:29:10.678Z,,,"http://data.europa.eu/esco/concept-scheme/skills,
http://data.europa.eu/esco/concept-scheme/member-skills,
http://data.europa.eu/esco/concept-scheme/6c930acd-c104-4ece-acf7-f44fd7333036","Supervise communication activity on a web forum and other discussion platforms by assessing if the content adheres to forum regulations, enforcing rules of conduct, and ensuring the forum remains free of illegal material and conflict."
13439,KnowledgeSkillCompetence,http://data.europa.eu/esco/skill/f6e32a5b-bd38-4dd2-87e5-24d56152bcc6,skill/competence,occupation-specific,apply through-hole technology manually,"applying THT manually
use through-hole technology manually
manually applying THT
manually using through-hole technology
using through-hole technology manually
apply THT manually
use THT manually
using THT manually
applying through-hole technology manually
manually using THT
manually applying through-hole technology",,released,2024-02-09T17:29:12.952Z,,,"http://data.europa.eu/esco/concept-scheme/skills,
http://data.europa.eu/esco/concept-scheme/member-skills,
http://data.europa.eu/esco/concept-scheme/6c930acd-c104-4ece-acf7-f44fd7333036",Use through-hole technology (THT) to attach the leads of larger electronic components through the corresponding holes in printed circuit boards. Apply this technique manually.
13468,KnowledgeSkillCompetence,http://data.europa.eu/esco/skill/f771d20c-815b-43e1-9355-b7f3f63a0b23,skill/competence,occupation-specific,promote prevention of social isolation,"promote prevention of social reclusion
promote social isolation prevention
encourage prevention of social reclusion
encourage prevention of social isolation
promoting prevention of social isolation",,released,2024-02-09T17:29:09.851Z,,,"http://data.europa.eu/esco/concept-scheme/skills,
http://data.europa.eu/esco/concept-scheme/member-skills,
http://data.europa.eu/esco/concept-scheme/6c930acd-c104-4ece-acf7-f44fd7333036",Promote the use of ICT devices in order to prevent the care recipient to loose contact with his social environment.
13493,KnowledgeSkillCompetence,http://data.europa.eu/esco/skill/f7e051fc-8f7b-45b3-8911-8ffb9b951f4a,knowledge,sector-specific,blockchain consensus mechanisms,"proof of stake
delegated proof of stake
POS
blockchain consensus protocols
CaaS
POW
distributed ledger consensus protocols
proof of authority
proof of work
consensus building mechanisms
consensus as a service
dPOS",,released,2022-07-05T14:38:14.9Z,,,"http://data.europa.eu/esco/concept-scheme/skills,
http://data.europa.eu/esco/concept-scheme/member-skills,
http://data.europa.eu/esco/concept-scheme/6c930acd-c104-4ece-acf7-f44fd7333036",The different mechanisms and their characteristics that ensure a transaction is propagated correctly in the distributed ledger.
13494,KnowledgeSkillCompetence,http://data.europa.eu/esco/skill/f7e2eb04-3e50-4561-bce1-7e51a1fec308,skill/competence,sector-specific,define software architecture,"define programme architecture
define application architecture",,released,2024-02-09T17:29:15.235Z,,,"http://data.europa.eu/esco/concept-scheme/skills,
http://data.europa.eu/esco/concept-scheme/member-skills,
http://data.europa.eu/esco/concept-scheme/6c930acd-c104-4ece-acf7-f44fd7333036","Create and document the structure of software products including components, coupling and interfaces. Ensure feasibility, functionality and compatibility with existing platforms."
13527,KnowledgeSkillCompetence,http://data.europa.eu/esco/skill/f84a433f-34f1-4083-b0a3-24802623509c,knowledge,sector-specific,web services,web services systems,,released,2023-11-29T16:27:01.553Z,,,"http://data.europa.eu/esco/concept-scheme/skills,
http://data.europa.eu/esco/concept-scheme/member-skills,
http://data.europa.eu/esco/concept-scheme/6c930acd-c104-4ece-acf7-f44fd7333036",XML-based information systems that allows for direct interactions between applications through Internet. It is a set of protocols for transferring data between applications and systems.
13533,KnowledgeSkillCompetence,http://data.europa.eu/esco/skill/f88002a8-6355-4d33-9496-285c166ff375,knowledge,sector-specific,ICT power consumption,"ICT power usage
ICT energy consumption",,released,2025-06-25T08:20:05.218Z,,,"http://data.europa.eu/esco/concept-scheme/skills,
http://data.europa.eu/esco/concept-scheme/member-skills,
http://data.europa.eu/esco/concept-scheme/6c930acd-c104-4ece-acf7-f44fd7333036",The energy consumption and types of models of software as well as hardware elements.
13553,KnowledgeSkillCompetence,http://data.europa.eu/esco/skill/f8e3425c-fe44-4ffb-bafe-0e20d91dadf4,knowledge,sector-specific,SAP Data Services,"SAP
SAP analytics cloud",,released,2025-06-25T08:20:05.218Z,,,"http://data.europa.eu/esco/concept-scheme/skills,
http://data.europa.eu/esco/concept-scheme/member-skills,
http://data.europa.eu/esco/concept-scheme/6c930acd-c104-4ece-acf7-f44fd7333036","The computer program SAP Data Services is a tool for integration of information from multiple applications, created and maintained by organisations, into one consistent and transparent data structure, developed by the software company SAP."
13555,KnowledgeSkillCompetence,http://data.europa.eu/esco/skill/f8e7c608-a92d-4b61-b84f-e2453b0aa4a4,skill/competence,cross-sector,follow up online user requests,"conduct activities to address online user feedback
assess feedback from online users and implement activities to meet their requests
address online user requests
address requests of online users
follow up website user requests
implement activities to address online user feedback
conduct activities to meet requests of website users
follow up requests of website users
conduct activities to meet requests of online users
follow up requests of online users",,released,2024-02-09T17:29:13.7Z,,,"http://data.europa.eu/esco/concept-scheme/skills,
http://data.europa.eu/esco/concept-scheme/member-skills,
http://data.europa.eu/esco/concept-scheme/6c930acd-c104-4ece-acf7-f44fd7333036",Take feedback from online visitors and take actions that address their requests according to their specific needs.
13557,KnowledgeSkillCompetence,http://data.europa.eu/esco/skill/f8f1f725-0105-41fa-9887-4df9e7a7af1e,skill/competence,sector-specific,manage email hosting service,maintain a private e-mail service platform,,released,2025-06-25T08:45:06.159Z,,,"http://data.europa.eu/esco/concept-scheme/skills,
http://data.europa.eu/esco/concept-scheme/member-skills,
http://data.europa.eu/esco/concept-scheme/6c930acd-c104-4ece-acf7-f44fd7333036","Oversee the day-to-day running of a private email platform by maintaining and refining provided services, such as spam and virus protection, blocking advertisement, website redesigns and search engine optimisation."
13577,KnowledgeSkillCompetence,http://data.europa.eu/esco/skill/f9670490-8aa4-4540-b121-d440a8294aab,skill/competence,occupation-specific,develop data processing applications,"build data processing applications
design data processing applications
design data processing software
develop data processing software
create data processing applications",,released,2025-06-25T12:15:04.406Z,,,"http://data.europa.eu/esco/concept-scheme/skills,
http://data.europa.eu/esco/concept-scheme/member-skills,
http://data.europa.eu/esco/concept-scheme/6c930acd-c104-4ece-acf7-f44fd7333036",Create a customised software for processing data by selecting and using the appropriate computer programming language in order for an ICT system to produce demanded output based on expected input.
13579,KnowledgeSkillCompetence,http://data.europa.eu/esco/skill/f96f5aa5-6ed7-40dc-a431-68b0a09d6d4b,skill/competence,cross-sector,design automation components,"automation system designing
automation component designing
designing automation components
automation systems designing
designing automation systems
automation components designing
design automation systems",,released,2024-02-09T17:29:09.009Z,,,"http://data.europa.eu/esco/concept-scheme/skills,
http://data.europa.eu/esco/concept-scheme/member-skills,
http://data.europa.eu/esco/concept-scheme/6c930acd-c104-4ece-acf7-f44fd7333036","Design engineering parts, assemblies, products, or systems that contribute to the automation of industrial machines."
13592,KnowledgeSkillCompetence,http://data.europa.eu/esco/skill/f9a6f35b-01a7-40c9-8b61-b6ee46f97272,knowledge,sector-specific,operating systems,"OS architecture
AS400
WIN/NT
Novell
VMS","MacOS
Android
Ubuntu
Linux
IOS
Windows",released,2025-06-25T08:20:05.218Z,,,"http://data.europa.eu/esco/concept-scheme/skills,
http://data.europa.eu/esco/concept-scheme/member-skills,
http://data.europa.eu/esco/concept-scheme/6c930acd-c104-4ece-acf7-f44fd7333036","The features, restrictions, architectures and other characteristics of operating systems such Linux, Windows, MacOS, etc."
13605,KnowledgeSkillCompetence,http://data.europa.eu/esco/skill/f9da1ca4-40f4-483a-92e6-0a0c6d078638,skill/competence,occupation-specific,use fleet management system,"employ fleet management system
implement fleet management system
utilize fleet tracking system",,released,2024-03-01T12:37:59.955Z,,,"http://data.europa.eu/esco/concept-scheme/skills,
http://data.europa.eu/esco/concept-scheme/member-skills,
http://data.europa.eu/esco/concept-scheme/6c930acd-c104-4ece-acf7-f44fd7333036","Use a fleet management software to coordinate and organise the company vehicles from a central point. The software includes several functions such as driver management, vehicle maintenance, vehicle tracking and diagnostics, vehicle financing, speed management, fuel and fitness management, and safety management."
13607,KnowledgeSkillCompetence,http://data.europa.eu/esco/skill/f9e788df-d68a-4f92-92c7-80e135fc35ff,knowledge,cross-sector,ICT networking hardware,"ICT networking devices
computer networking devices",,released,2024-02-09T17:29:12.952Z,,,"http://data.europa.eu/esco/concept-scheme/skills,
http://data.europa.eu/esco/concept-scheme/member-skills,
http://data.europa.eu/esco/concept-scheme/6c930acd-c104-4ece-acf7-f44fd7333036","The ICT network equipment or computer networking devices, such as UPS systems, electrical systems, networking facilities and structured cabling systems."
13626,KnowledgeSkillCompetence,http://data.europa.eu/esco/skill/fa3e5cec-703e-4d46-b3bb-e8a89540ab54,skill/competence,sector-specific,manage digital archives,"maintain digital archives
manage digital archive
oversee digital archives
managing digital archives",,released,2024-02-09T17:29:13.7Z,,,"http://data.europa.eu/esco/concept-scheme/skills,
http://data.europa.eu/esco/concept-scheme/member-skills,
http://data.europa.eu/esco/concept-scheme/6c930acd-c104-4ece-acf7-f44fd7333036","Create and maintain computer archives and databases, incorporating latest developments in electronic information storage technology."
13660,KnowledgeSkillCompetence,http://data.europa.eu/esco/skill/fae27053-8924-4bfd-b565-c9fe502044c9,knowledge,sector-specific,system design,system architecture design,,released,2023-10-26T10:20:23.682Z,,,"http://data.europa.eu/esco/concept-scheme/skills,
http://data.europa.eu/esco/concept-scheme/member-skills,
http://data.europa.eu/esco/concept-scheme/6c930acd-c104-4ece-acf7-f44fd7333036","The process of defining the architecture for different components and modules of a system, as well as the relevant data, for satisfying specific requirements."
13661,KnowledgeSkillCompetence,http://data.europa.eu/esco/skill/fae7e545-5114-43cc-8e83-178e2549ecb9,knowledge,sector-specific,building information modelling,"BIM
Building Information Modelling
bim",,released,2023-03-28T15:26:06.017Z,,,"http://data.europa.eu/esco/concept-scheme/skills,
http://data.europa.eu/esco/concept-scheme/member-skills,
http://data.europa.eu/esco/concept-scheme/6c930acd-c104-4ece-acf7-f44fd7333036","A software platform for integrated design, modelling, planning, and collaboration, which provides a digital representation of a building's characteristics in its whole lifecycle."
13667,KnowledgeSkillCompetence,http://data.europa.eu/esco/skill/fafe0b9d-dbd9-46bd-b770-26299539ce66,knowledge,sector-specific,ICT process quality models,"Quality maturity models
CMMI (Capability Maturity Model Integrated)
software process quality
CMM",,released,2024-02-09T17:29:11.47Z,,,"http://data.europa.eu/esco/concept-scheme/skills,
http://data.europa.eu/esco/concept-scheme/member-skills,
http://data.europa.eu/esco/concept-scheme/6c930acd-c104-4ece-acf7-f44fd7333036","The quality models for ICT services which address the maturity of the processes, the adoption of recommended practices and their definition and institutionalisation that allow the organisation to reliably and sustainably produce required outcomes. It includes models in a lot of ICT areas."
13683,KnowledgeSkillCompetence,http://data.europa.eu/esco/skill/fb601189-afa9-4a7b-8430-21a906483072,knowledge,occupation-specific,field-programmable gate arrays,"FPGA
field-programmable integrated circuits",,released,2025-06-25T08:20:05.218Z,,,"http://data.europa.eu/esco/concept-scheme/skills,
http://data.europa.eu/esco/concept-scheme/member-skills,
http://data.europa.eu/esco/concept-scheme/6c930acd-c104-4ece-acf7-f44fd7333036","The integrated circuits that can be repurposed to desired application or functionality requirements after their manufacturing, which allow users to tailor microcontrollers to meet their own individual needs."
13685,KnowledgeSkillCompetence,http://data.europa.eu/esco/skill/fb7aee4d-f6c6-4a87-8e9d-8e542b3771f8,knowledge,sector-specific,software metrics,software measurement metrics,,released,2025-06-25T08:20:05.218Z,,,"http://data.europa.eu/esco/concept-scheme/skills,
http://data.europa.eu/esco/concept-scheme/member-skills,
http://data.europa.eu/esco/concept-scheme/6c930acd-c104-4ece-acf7-f44fd7333036",The metrics that measure a characteristic of the software system in order to determine the development of the software and evaluate it.
13687,KnowledgeSkillCompetence,http://data.europa.eu/esco/skill/fb82ae25-b59f-43fd-aacf-a8308afbe85e,knowledge,cross-sector,health informatics,"use of health information technology
science of healthcare informatics
science of health informatics
field of healthcare informatics
field of health information technology
field of health informatics
application of health information technology",,released,2024-02-09T17:29:12.215Z,,,"http://data.europa.eu/esco/concept-scheme/skills,
http://data.europa.eu/esco/concept-scheme/member-skills,
http://data.europa.eu/esco/concept-scheme/6c930acd-c104-4ece-acf7-f44fd7333036","Multidisciplinary field of computer science, information science, and social science that uses health information technology (HIT) to improve healthcare."
13696,KnowledgeSkillCompetence,http://data.europa.eu/esco/skill/fbafa41f-cd05-4109-a649-8b44d306d779,skill/competence,sector-specific,create data models,manage data models,,released,2024-02-09T17:29:12.215Z,,,"http://data.europa.eu/esco/concept-scheme/skills,
http://data.europa.eu/esco/concept-scheme/member-skills,
http://data.europa.eu/esco/concept-scheme/6c930acd-c104-4ece-acf7-f44fd7333036","Use specific techniques and methodologies to analyse the data requirements of an organisation's business processes in order to create models for these data, such as conceptual, logical and physical models. These models have a specific structure and format."
13701,KnowledgeSkillCompetence,http://data.europa.eu/esco/skill/fbbcb9ab-4b95-4e57-a756-30d08b7da7a5,skill/competence,sector-specific,maintain ICT system,"monitor and optimise system performance
apply system monitoring techniques",,released,2025-06-25T08:45:06.159Z,,,"http://data.europa.eu/esco/concept-scheme/skills,
http://data.europa.eu/esco/concept-scheme/member-skills,
http://data.europa.eu/esco/concept-scheme/6c930acd-c104-4ece-acf7-f44fd7333036",Select and apply system and network monitoring techniques. Identify and fix operational problems. Ensure that system's capabilities and efficiency match company specifications.
13722,KnowledgeSkillCompetence,http://data.europa.eu/esco/skill/fc1fa8eb-a7fd-481c-b3b3-5fc45b3d1e97,skill/competence,sector-specific,evaluate translation technologies,"grade translation technologies
assess translation technologies
examine translation technologies
test translation technologies
evaluation of translation technology
translation technology evaluation",,released,2024-02-09T17:29:12.215Z,,,"http://data.europa.eu/esco/concept-scheme/skills,
http://data.europa.eu/esco/concept-scheme/member-skills,
http://data.europa.eu/esco/concept-scheme/6c930acd-c104-4ece-acf7-f44fd7333036",Use technologies for translation and provide observations on their use for defined purposes.
13727,KnowledgeSkillCompetence,http://data.europa.eu/esco/skill/fc2f1d4f-a46f-471e-a618-cbd4d0496a53,skill/competence,sector-specific,implement ICT recovery system,"disaster recovery
recover ICT system",,released,2024-02-09T17:29:09.009Z,,,"http://data.europa.eu/esco/concept-scheme/skills,
http://data.europa.eu/esco/concept-scheme/member-skills,
http://data.europa.eu/esco/concept-scheme/6c930acd-c104-4ece-acf7-f44fd7333036","Create, manage and implement ICT system recovery plan in case of crisis in order to retrieve information and reacquire use of the system."
13730,KnowledgeSkillCompetence,http://data.europa.eu/esco/skill/fc461d64-ef74-43d5-8fc1-e1d1943e5bc5,skill/competence,sector-specific,tune up wireless audio systems,"fine tune wireless audio systems
tuning up wireless audio systems
tune-up wireless audio systems
tune up wireless audio system",,released,2024-02-09T17:29:15.968Z,,,"http://data.europa.eu/esco/concept-scheme/skills,
http://data.europa.eu/esco/concept-scheme/member-skills,
http://data.europa.eu/esco/concept-scheme/6c930acd-c104-4ece-acf7-f44fd7333036",Tune up a wireless audio system in a live situation.
13736,KnowledgeSkillCompetence,http://data.europa.eu/esco/skill/fc5818b4-66f9-498b-a1bc-ff651db2af68,knowledge,sector-specific,cybernetics,"science of control and communication
first order cybernetics
science of cybernetics
control of system using technology
theories of cybernetics
field of cybernetics
second order cybernetics
study of control and communication",,released,2024-02-09T17:29:15.235Z,,,"http://data.europa.eu/esco/concept-scheme/skills,
http://data.europa.eu/esco/concept-scheme/member-skills,
http://data.europa.eu/esco/concept-scheme/6c930acd-c104-4ece-acf7-f44fd7333036","The science, mechanisms and components of cybernetics. The type of systems theory focused on the control of regulatory feedback across both living and non-living systems."
13740,KnowledgeSkillCompetence,http://data.europa.eu/esco/skill/fc6cddab-c9ce-4ce6-83ac-32b6854dd6da,skill/competence,cross-sector,install electronic communication devices on trains,"test train electronic communication equipment
set up electronic communication devices on trains
perform installation of electronic communication systems used in trains
install communication devices on trains
install communication equipment on trains
perform installation of electronic communication equipment used in trains
adjust electronic communication apparatus
set up electronic communication equipment on trains
carry out installation of electronic communication systems used in trains
install electronic communication equipment on trains
install electronic communication apparatus on trains",,released,2024-02-09T17:29:15.235Z,,,"http://data.europa.eu/esco/concept-scheme/skills,
http://data.europa.eu/esco/concept-scheme/member-skills,
http://data.europa.eu/esco/concept-scheme/6c930acd-c104-4ece-acf7-f44fd7333036","Install, adjust, and test electronic communication equipment, which includes sound, security, navigation, and surveillance systems."
13741,KnowledgeSkillCompetence,http://data.europa.eu/esco/skill/fc72d86f-7e69-4bf8-b407-23303a798a0b,knowledge,sector-specific,control panel components,"types of control panel components
components of control panel
range of control panel components
range of control panel parts
types of control panel parts
typology of control panel components
parts of control panel
typology of control panel parts",,released,2024-02-09T17:29:13.7Z,,,"http://data.europa.eu/esco/concept-scheme/skills,
http://data.europa.eu/esco/concept-scheme/member-skills,
http://data.europa.eu/esco/concept-scheme/6c930acd-c104-4ece-acf7-f44fd7333036","The elements present in control panels, such as wires, circuit breakers, DIN rails, switches, programmable logic controllers (PLC), contactors, and transformers."
13747,KnowledgeSkillCompetence,http://data.europa.eu/esco/skill/fc94266b-322d-4f1d-87a0-03f999e72344,knowledge,sector-specific,blockchain mining principles,principles of mining in blockchain,,released,2023-11-29T16:31:17.576Z,,,"http://data.europa.eu/esco/concept-scheme/skills,
http://data.europa.eu/esco/concept-scheme/member-skills,
http://data.europa.eu/esco/concept-scheme/6c930acd-c104-4ece-acf7-f44fd7333036","Essential blockchain and cryptocurrency mining types and principles include ASIC mining, GPU mining, CPU mining, Cloud mining, and Mining pools."
13755,KnowledgeSkillCompetence,http://data.europa.eu/esco/skill/fcb5e5c1-69b4-46d7-b9e6-328a5381dd89,skill/competence,cross-sector,use special hearing equipment for tests,"determine patient's hearing disorders using special equipment
test for hearing disorders using special equipment
use audiometers and computers for tests
use special hearing equipment for a test
use special hearing equipment in tests",,released,2024-02-09T17:29:15.968Z,,,"http://data.europa.eu/esco/concept-scheme/skills,
http://data.europa.eu/esco/concept-scheme/member-skills,
http://data.europa.eu/esco/concept-scheme/6c930acd-c104-4ece-acf7-f44fd7333036",Use audiometers and computers to determine the degree of a patient`s hearing disorder and find other factors relating to the problem.
13757,KnowledgeSkillCompetence,http://data.europa.eu/esco/skill/fcbb3a90-cdde-49ff-9ecc-8e2c0a6dfca2,skill/competence,sector-specific,collect cyber defence data,"collect cyber defence intelligence
gather cyber defence intelligence
gather cyber defence data
collect data for cyber defence through online trade records
collect data for cyber defence through DNS request logs",,released,2024-02-26T07:59:53.058Z,,,"http://data.europa.eu/esco/concept-scheme/skills,
http://data.europa.eu/esco/concept-scheme/member-skills,
http://data.europa.eu/esco/concept-scheme/6c930acd-c104-4ece-acf7-f44fd7333036","Collect data for cyber defence using various data collection tools. Data may be gathered from a number of internal or external sources such as online trade records, DNS request logs, email servers' logs, digital communications packet capturing, deep web resources, etc."
13792,KnowledgeSkillCompetence,http://data.europa.eu/esco/skill/fd33c66c-70c4-40e6-b87c-5495bd3bf26e,skill/competence,sector-specific,design user interface,"design user interface specifications
design user interfaces",,released,2025-06-25T12:15:04.406Z,,,"http://data.europa.eu/esco/concept-scheme/skills,
http://data.europa.eu/esco/concept-scheme/member-skills,
http://data.europa.eu/esco/concept-scheme/6c930acd-c104-4ece-acf7-f44fd7333036","Create software or device components which enable interaction between humans and systems or machines, using appropriate techniques, languages and tools so as to streamline interaction while using the system or machine."
13806,KnowledgeSkillCompetence,http://data.europa.eu/esco/skill/fd6d2981-3d4a-4ce2-9741-cfc98c5b74bd,skill/competence,sector-specific,implement data warehousing techniques,implement data warehousing solutions,,released,2025-06-25T08:45:06.159Z,,,"http://data.europa.eu/esco/concept-scheme/skills,
http://data.europa.eu/esco/concept-scheme/member-skills,
http://data.europa.eu/esco/concept-scheme/6c930acd-c104-4ece-acf7-f44fd7333036","Apply models and tools such as online analytical processing (OLAP) and Online transaction processing (OLTP), to integrate structured or unstructured data from sources, in order to create a central depository of historical and current data."
13827,KnowledgeSkillCompetence,http://data.europa.eu/esco/skill/fda917eb-0d6a-4371-8c93-2a10bf950966,skill/competence,sector-specific,manage ICT semantic integration,"coordinate ICT semantic integration
oversee ICT semantic integration
handle ICT semantic integration
manage ICT semantic database integration
manage ICT semantic integration processes",,released,2025-06-25T12:15:04.406Z,,,"http://data.europa.eu/esco/concept-scheme/skills,
http://data.europa.eu/esco/concept-scheme/member-skills,
http://data.europa.eu/esco/concept-scheme/6c930acd-c104-4ece-acf7-f44fd7333036","Oversee integration of public or internal databases and other data, by using semantic technologies to produce structured semantic output."
13833,KnowledgeSkillCompetence,http://data.europa.eu/esco/skill/fdc388ba-c8f4-4455-a55f-ffdf29b05f5f,skill/competence,sector-specific,use agricultural information systems and databases,"operating agricultural databases
use agricultural information systems
operate agricultural databases
operate agricultural information systems and databases
use agricultural databases
operate agricultural information systems
operating agricultural information systems
operating agricultural information systems and databases
using agricultural databases
using agricultural information systems
using agricultural information systems and databases",,released,2024-02-09T17:29:16.725Z,"Information systems and databases may include lists of plants, seeds, fertilizers, pesticides, livestock etc., but also monitoring systems for farm facilities, greenhouses etc. and keeping account of products quality, quantity etc.",,"http://data.europa.eu/esco/concept-scheme/skills,
http://data.europa.eu/esco/concept-scheme/member-skills,
http://data.europa.eu/esco/concept-scheme/6c930acd-c104-4ece-acf7-f44fd7333036","Use relevant information systems and databases to plan, manage and operate agricultural enterprise and production."
13844,KnowledgeSkillCompetence,http://data.europa.eu/esco/skill/fdf15b35-9028-4acb-bfd2-43f00a015cd9,skill/competence,cross-sector,use personal organization software,"WorkStraight
Wunderlist
hiTask
Yahoo! Calendar
Emplotime
TrackerSuite.Net
iPlan
Toggl
FreshBooks
use digital to-do list
Todoist
Harvest
Mozilla Sunbird
Empire Suite Software
Art Plus ePix Wallpaper Calendar
TimeDoctor
OmniFocus
pmProjectTeam
use software for personal organization
Rainlendar Lite
Zoho Calendar
ChronForce
Osmo Calendar
AceProject
make use of personal organization software
use software for personal organisation
ToodleDo
Zoho Projects
Mavenlink
Interactive Calendar
VueMinder Calendar Lite
Im Time Calendar
TaskTome
Trello
Outlook Time
Clarizen
time@work
using personal organisation software
TickTick
use digital calendar
utilise personal organization software
apply personal organization software
use digital time tracking
able to use using personal organization software
Any.DO","WorkStraight
Wunderlist
hiTask
Emplotime
TrackerSuite.Net
Todoist
Toggl
Art Plus ePix Wallpaper Calendar
OmniFocus
Rainlendar Lite
Zoho Calendar
Osmo Calendar
AceProject
TaskTome
ToodleDo
FreshBooks
Interactive Calendar
Mavenlink
Trello
Yahoo! Calendar
Zoho Projects
Harvest
iPlan
Mozilla Sunbird
Im Time Calendar
VueMinder Calendar Lite
Clarizen
Outlook Time
pmProjectTeam
TickTick
Any.DO
Empire Suite Software
ChronForce
TimeDoctor
time@work",released,2024-02-09T17:29:15.968Z,,,"http://data.europa.eu/esco/concept-scheme/skills,
http://data.europa.eu/esco/concept-scheme/member-skills,
http://data.europa.eu/esco/concept-scheme/6c930acd-c104-4ece-acf7-f44fd7333036","Use software tools, such as calendars, to-do lists, time-tracking, contact lists, to help in managing personal efficiency."
13845,KnowledgeSkillCompetence,http://data.europa.eu/esco/skill/fdfa3dcb-b8f0-454f-a659-64c66dc6b6a2,knowledge,cross-sector,fibre optics,"types of optical fiber
types of optical fibre
plastic threads
typology of optical fiber
optical fibers
optical fibres
glass threads
glass filament
typology of optical fibre
plastic filament
fiber optics",,released,2025-11-26T10:31:40.87Z,,,"http://data.europa.eu/esco/concept-scheme/skills,
http://data.europa.eu/esco/concept-scheme/member-skills,
http://data.europa.eu/esco/concept-scheme/6c930acd-c104-4ece-acf7-f44fd7333036","The technology which utilises optical fibre, such as plastic or glass threads, to transmit data. Optical fibres are able to transmit light between the two ends of the fibre and may transfer images and messages modulated onto light waves. Fibre optic cables have increased in popularity because of their possibility to transfer data over long distances at higher bandwidths and with lesser amounts of interference than metal cables."
13853,KnowledgeSkillCompetence,http://data.europa.eu/esco/skill/fe1c2b32-7fe9-4668-affa-07ff658a68cf,skill/competence,sector-specific,identify ICT security risks,"identify ICT security risks and threats
model ICT threats",,released,2025-02-27T12:45:08.961Z,,,"http://data.europa.eu/esco/concept-scheme/skills,
http://data.europa.eu/esco/concept-scheme/member-skills,
http://data.europa.eu/esco/concept-scheme/6c930acd-c104-4ece-acf7-f44fd7333036","Apply methods and techniques to identify potential security threats, security breaches and risk factors using ICT tools for surveying ICT systems, analysing risks, vulnerabilities and threats and evaluating contingency plans."
13865,KnowledgeSkillCompetence,http://data.europa.eu/esco/skill/fe4a9fb8-2963-4b23-8a18-e033197304f2,skill/competence,sector-specific,design sensors,"sensors developing
sensors designing
sensor developing
develop sensors
sensor designing
designing sensors
developing sensors",,released,2024-02-09T17:29:14.494Z,,,"http://data.europa.eu/esco/concept-scheme/skills,
http://data.europa.eu/esco/concept-scheme/member-skills,
http://data.europa.eu/esco/concept-scheme/6c930acd-c104-4ece-acf7-f44fd7333036","Design and develop different types of sensors according to specifications, such as vibration sensors, heat sensors, optical sensors, humidity sensors, and electric current sensors."
13880,KnowledgeSkillCompetence,http://data.europa.eu/esco/skill/feb717ff-fba6-4a91-aa10-ee11cf2da6b4,skill/competence,cross-sector,design electronic systems,"electronic system designing
electronic system modelling
electronic systems model
electronic systems designing
electronic systems modelling
electronic systems design
modelling electronic systems
model electronic systems
designing electronic systems",,released,2024-02-09T17:29:13.7Z,,,"http://data.europa.eu/esco/concept-scheme/skills,
http://data.europa.eu/esco/concept-scheme/member-skills,
http://data.europa.eu/esco/concept-scheme/6c930acd-c104-4ece-acf7-f44fd7333036","Draft sketches and design electronic systems, products, and components using Computer Aided Design (CAD) software and equipment. Make a simulation so that an assessment can be made of the viability of the product and so the physical parameters can be examined before the actual building of the product."
13882,KnowledgeSkillCompetence,http://data.europa.eu/esco/skill/febcc41e-bf0c-4733-a498-c2881c86ce88,skill/competence,occupation-specific,set up broadcast equipment,"mount broadcast equipment
setting up audio-visual equipment
prepare broadcast equipment
assemble broadcast equipment",,released,2024-02-09T17:29:15.235Z,,,"http://data.europa.eu/esco/concept-scheme/skills,
http://data.europa.eu/esco/concept-scheme/member-skills,
http://data.europa.eu/esco/concept-scheme/6c930acd-c104-4ece-acf7-f44fd7333036","Set up and calibrate broadcast equipment to produce, switch, receive, record, edit, and reproduce television and radio signals."
13887,KnowledgeSkillCompetence,http://data.europa.eu/esco/skill/fecf8a0d-62c4-4e71-9b03-0f4fc2ad7bf5,knowledge,sector-specific,data models,data modelling,,released,2025-06-25T08:20:05.218Z,,,"http://data.europa.eu/esco/concept-scheme/skills,
http://data.europa.eu/esco/concept-scheme/member-skills,
http://data.europa.eu/esco/concept-scheme/6c930acd-c104-4ece-acf7-f44fd7333036","The techniques and existing systems used for structuring data elements and showing relationships between them, as well as methods for interpreting the data structures and relationships."
13894,KnowledgeSkillCompetence,http://data.europa.eu/esco/skill/fef18610-c8ca-431b-9ca8-d3d0cdffde72,skill/competence,sector-specific,use internet chat,"use instant messaging
use net chat
using internet chat
chat using the internet",,released,2024-02-09T17:29:09.851Z,,,"http://data.europa.eu/esco/concept-scheme/skills,
http://data.europa.eu/esco/concept-scheme/member-skills,
http://data.europa.eu/esco/concept-scheme/6c930acd-c104-4ece-acf7-f44fd7333036","Chat online using dedicated chat websites, messenger applications or social media websites."
13912,KnowledgeSkillCompetence,http://data.europa.eu/esco/skill/ff25cbf0-6978-4c4c-887e-d4b185410d74,skill/competence,sector-specific,perform software recovery testing,perform software crash and recovery testing,,released,2024-02-09T17:29:10.678Z,,,"http://data.europa.eu/esco/concept-scheme/skills,
http://data.europa.eu/esco/concept-scheme/member-skills,
http://data.europa.eu/esco/concept-scheme/6c930acd-c104-4ece-acf7-f44fd7333036",Execute testing using specialised software tools to force failure of software in a variety of ways and checking how fast and better the software can recover against any type of crash or failure.
13922,KnowledgeSkillCompetence,http://data.europa.eu/esco/skill/ff6904ef-36e7-4890-8fb1-8353b299f047,knowledge,occupation-specific,microchip scanners,"microchip scanner
limitations of microchip scanners
types of microchip scanners
micro-chip scanners
differences between microchip scanners
micro-chip scanner
knowledge of microchip scanners",,released,2024-02-09T17:29:15.235Z,,,"http://data.europa.eu/esco/concept-scheme/skills,
http://data.europa.eu/esco/concept-scheme/member-skills,
http://data.europa.eu/esco/concept-scheme/6c930acd-c104-4ece-acf7-f44fd7333036","The different types of scanners available, their limitations, and how to prepare, use and maintain them; the environmental constraints of using a scanner, including what external factors can affect the reading of a microchip, e.g. metal collars, proximity to computer screens etc."
13938,KnowledgeSkillCompetence,http://data.europa.eu/esco/skill/ffa1d58b-ba09-49bd-a982-e743b2237006,skill/competence,sector-specific,perform energy simulations,"run energy simulations
conduct energy simulations
run energy assessments models
carry out energy simulations
carry out energy analyses",,released,2024-03-01T11:33:37.294Z,,,"http://data.europa.eu/esco/concept-scheme/skills,
http://data.europa.eu/esco/concept-scheme/green,
http://data.europa.eu/esco/concept-scheme/member-skills,
http://data.europa.eu/esco/concept-scheme/6c930acd-c104-4ece-acf7-f44fd7333036","Replicate the building's energy performance by running computer based, mathematical models."
13943,KnowledgeSkillCompetence,http://data.europa.eu/esco/skill/ffc1e455-ced2-4e67-bdb3-1c50f9683859,knowledge,sector-specific,Capture One,"Capture One computer programme
Capture One software",,released,2025-06-25T08:20:05.218Z,,,"http://data.europa.eu/esco/concept-scheme/skills,
http://data.europa.eu/esco/concept-scheme/member-skills,
http://data.europa.eu/esco/concept-scheme/6c930acd-c104-4ece-acf7-f44fd7333036",The computer program Capture One is a graphical ICT tool which enables digital editing and composition of graphics to generate both 2D raster or 2D vector graphics.
13949,KnowledgeSkillCompetence,http://data.europa.eu/esco/skill/ffdd5e53-7191-4043-ae0e-eea1bb077080,skill/competence,sector-specific,model sensor,"simulating sensor
modelling sensor
sensor modelling
sensor simulating
simulate sensor",,released,2024-02-09T17:29:09.009Z,,,"http://data.europa.eu/esco/concept-scheme/skills,
http://data.europa.eu/esco/concept-scheme/member-skills,
http://data.europa.eu/esco/concept-scheme/6c930acd-c104-4ece-acf7-f44fd7333036","Model and simulate sensors, products using sensors, and sensor components using technical design software. This way the viability of the product can be assessed and the physical parameters can be examined before the actual building of the product."
13950,KnowledgeSkillCompetence,http://data.europa.eu/esco/skill/ffddfc7c-a9dd-449f-9e96-882dc447c8b6,knowledge,sector-specific,Scala,Scala Programming Language,,released,2025-06-25T08:20:05.218Z,,,"http://data.europa.eu/esco/concept-scheme/skills,
http://data.europa.eu/esco/concept-scheme/member-skills,
http://data.europa.eu/esco/concept-scheme/6c930acd-c104-4ece-acf7-f44fd7333036","The techniques and principles of software development, such as analysis, algorithms, coding, testing and compiling of programming paradigms in Scala."
13957,KnowledgeSkillCompetence,http://data.europa.eu/esco/skill/fff0e2cd-d0bd-4b02-9daf-158b79d9688a,knowledge,sector-specific,natural language processing,NLP,,released,2024-02-09T17:29:15.235Z,,,"http://data.europa.eu/esco/concept-scheme/skills,
http://data.europa.eu/esco/concept-scheme/member-skills,
http://data.europa.eu/esco/concept-scheme/6c930acd-c104-4ece-acf7-f44fd7333036",The technologies which enable ICT devices to understand and interact with users through human language.
